ID,duration,wav,semantics,transcript
48a0c09b-d855-334b-be7b-ed75e9646f9f,3.1455625,./data/Reminder/48a0c09b-d855-334b-be7b-ed75e9646f9f/48a0c09b-d855-334b-be7b-ed75e9646f9f.wav,{'action': 'reminder'| 'entities': [{'type': 'todo'| 'filler': 'visit dentist'}]}, visit dentist when do you want to be reminde
2d614d1e-4cf7-37ad-a9d4-42734aa68743,2.68175,./data/Reminder/2d614d1e-4cf7-37ad-a9d4-42734aa68743/2d614d1e-4cf7-37ad-a9d4-42734aa68743.wav,{'action': 'reminder'| 'entities': [{'type': 'time'| 'filler': 'on monday at eleven am'}]}, all right i'll remind you on monday at 11 a.m
d950ee61-69de-3e8f-b48b-702db758c6f2,7.07,./data/cleanair/d950ee61-69de-3e8f-b48b-702db758c6f2/d950ee61-69de-3e8f-b48b-702db758c6f2.wav,{'action': 'air'| 'entities': [{'type': 'city'| 'filler': 'pittsburgh'}]},ACCORDING TO THE AIR QUALITY INDEX RANGING FROM 15 TO 2
ba989694-0caa-3750-8b80-b7b88098654f,2.592,./data/Reminder/ba989694-0caa-3750-8b80-b7b88098654f/ba989694-0caa-3750-8b80-b7b88098654f.wav,{'action': 'reminder'| 'entities': [{'type': 'time'| 'filler': 'tomorrow at seven pm'}]}, i'll remind you tomorrow at 7 p.m
192ee142-b60e-3f48-9b38-edb7eae03ae3,5.582,./data/cleanstock/192ee142-b60e-3f48-9b38-edb7eae03ae3/192ee142-b60e-3f48-9b38-edb7eae03ae3.wav,{'action': 'stock'| 'entities': [{'type': 'company'| 'filler': 'salesforce'}]},SALESFORCE CLOSED DOWN 2.5% TODAY AT *146.3
3aa0697d-bb52-3b08-a2e4-cb4c9e902944,3.031,./data/Reminder/3aa0697d-bb52-3b08-a2e4-cb4c9e902944/3aa0697d-bb52-3b08-a2e4-cb4c9e902944.wav,{'action': 'reminder'| 'entities': [{'type': 'todo'| 'filler': 'get gas on my way home'}]}, gas on my way hom
82b87c8c-3dca-3f83-969e-d3963eb2dbf4,3.8455,./data/Reminder/82b87c8c-3dca-3f83-969e-d3963eb2dbf4/82b87c8c-3dca-3f83-969e-d3963eb2dbf4.wav,{'action': 'reminder'| 'entities': [{'type': 'todo'| 'filler': 'pick up joanie on my way to work'}]}, when do you want to be reminde
ee2852bb-241f-3615-8a18-963ca876563a0,2.9704375,./data/ny_navi/ee2852bb-241f-3615-8a18-963ca876563a/ee2852bb-241f-3615-8a18-963ca876563a.wav,{'action': 'navigation'| 'entities': [{'type': 'intent'| 'filler': 'continue'}| {'type': 'road'| 'filler': 'i two seventy-eight west'}]}, CONTINUE ON I-278 WEST FOR 2 MILE
0c3a58d7-1888-3582-9d00-b8e8fc8295c3,3.2983125,./data/newmock/Toledo_sync/0c3a58d7-1888-3582-9d00-b8e8fc8295c3/0c3a58d7-1888-3582-9d00-b8e8fc8295c3.wav,{'action': 'weather'| 'entities': [{'type': 'city'| 'filler': 'toledo'}]},TEMPERATURE IN TOLEDO TONIGHT IS PREDICTED TO BE NINETEEN DEGREE
d5ca72f1-f174-32ed-8fcf-d556683e582c,4.341,./data/cleantime/d5ca72f1-f174-32ed-8fcf-d556683e582c/d5ca72f1-f174-32ed-8fcf-d556683e582c.wav,{'action': 'time'| 'entities': [{'type': 'city'| 'filler': 'san diego'}]},
2e4e5e9a-f9a8-3056-a686-705619257ca9,6.698,./data/cleanstock/2e4e5e9a-f9a8-3056-a686-705619257ca9/2e4e5e9a-f9a8-3056-a686-705619257ca9.wav,{'action': 'stock'| 'entities': [{'type': 'company'| 'filler': 'regeneron pharmaceuticals'}]},5
cf4f5396-cf3c-32d4-b2e8-7c65d9164ea7,4.837,./data/cleantime/cf4f5396-cf3c-32d4-b2e8-7c65d9164ea7/cf4f5396-cf3c-32d4-b2e8-7c65d9164ea7.wav,{'action': 'time'| 'entities': [{'type': 'city'| 'filler': 'chesapeake'}]},THE TIME IN CHESAPEAKE VIRGINIA UNITED STATES IS 8:52 P.M
d478dbc7-09a6-3f99-8787-25c9e62fd8db,2.759,./data/Reminder/d478dbc7-09a6-3f99-8787-25c9e62fd8db/d478dbc7-09a6-3f99-8787-25c9e62fd8db.wav,{'action': 'reminder'| 'entities': [{'type': 'todo'| 'filler': 'go to target'}]}, go to target when do you want to be reminde
63050b82-68a3-3f55-a9fa-8c5e5efb1891,2.9530625,./data/newmock/Omaha_sync/63050b82-68a3-3f55-a9fa-8c5e5efb1891/63050b82-68a3-3f55-a9fa-8c5e5efb1891.wav,{'action': 'weather'| 'entities': [{'type': 'city'| 'filler': 'omaha'}]},NO TODAY IN OMAHA THERE'S NO CHANCE OF SNO
eaed8cde-f3e4-3a1f-9a75-92fa5e7091ab,5.277,./data/newmock/Riverside_sync/eaed8cde-f3e4-3a1f-9a75-92fa5e7091ab/eaed8cde-f3e4-3a1f-9a75-92fa5e7091ab.wav,{'action': 'weather'| 'entities': [{'type': 'city'| 'filler': 'riverside'}]},TONIGHT IN RIVERSIDE THERE'S A MODERATE CHANCE OF RAIN STARTING AROUND FIVE A.M. AND CONTINUING THROUGH THE NIGH
4bea899f-713d-39d1-9f47-f6264b205c06,2.795,./data/Navigation/cleaned_navi/220sync/4bea899f-713d-39d1-9f47-f6264b205c06/4bea899f-713d-39d1-9f47-f6264b205c06.wav,{'action': 'navigation'| 'entities': [{'type': 'intent'| 'filler': 'turn right'}| {'type': 'road'| 'filler': 'kearny villa road'}]}, in a quarter mile turn right at the kearny villa roa
61c370c7-cb84-3a60-a618-5d28d8018bb9,2.5935625,./data/newmock/Cleveland_sync/61c370c7-cb84-3a60-a618-5d28d8018bb9/61c370c7-cb84-3a60-a618-5d28d8018bb9.wav,{'action': 'weather'| 'entities': [{'type': 'city'| 'filler': 'cleveland'}]},THIS WEEK IN CLEVELAND SO THERE'S NO CHANCE OF SNO
b54e6711-83c2-3b56-b312-a93a12c2232d,3.5765625,./data/newmock/ElPaso_sync/b54e6711-83c2-3b56-b312-a93a12c2232d/b54e6711-83c2-3b56-b312-a93a12c2232d.wav,{'action': 'weather'| 'entities': [{'type': 'city'| 'filler': 'el paso'}]},THE TEMPERATURE TOMORROW MORNING IN EL PASO WILL BE SIXTY THREE DEGREE
7968cb74-e1f2-3beb-8497-c0e2191faaab,4.364625,./data/newmock/CorpusChristi_sync/7968cb74-e1f2-3beb-8497-c0e2191faaab/7968cb74-e1f2-3beb-8497-c0e2191faaab.wav,{'action': 'weather'| 'entities': [{'type': 'city'| 'filler': 'corpus christi'}]},THERE'S NO SNOW EXPECTED TODAY IN CORPUS CHRISTI IT'LL BE MOSTLY CLOUD
e0a474da-127d-3733-b837-1a259ccfdccc0,2.96925,./data/ny_navi/e0a474da-127d-3733-b837-1a259ccfdccc/e0a474da-127d-3733-b837-1a259ccfdccc.wav,{'action': 'navigation'| 'entities': [{'type': 'intent'| 'filler': 'take'}| {'type': 'road'| 'filler': 'bronx river parkway'}]}, IS THE RIGHT LANE TO TAKE THE BRONX RIVER PARKWAY RAM
7b30ecfc-9645-3e94-a65d-73ba143c1dd3,3.969,./data/cleansun/7b30ecfc-9645-3e94-a65d-73ba143c1dd3/7b30ecfc-9645-3e94-a65d-73ba143c1dd3.wav,{'action': 'sun'| 'entities': [{'type': 'city'| 'filler': 'hialeah'}]},
c3f12677-45dd-3b9a-ad69-e44c574981f9,3.10375,./data/Navigation/cleaned_navi/104sync/c3f12677-45dd-3b9a-ad69-e44c574981f9/c3f12677-45dd-3b9a-ad69-e44c574981f9.wav,{'action': 'navigation'| 'entities': [{'type': 'intent'| 'filler': 'continue'}| {'type': 'road'| 'filler': 'mira mesa boulevard'}]}, 21 mira mesa boulevard for three-quarters of a mil
0ab89a24-6a2f-369d-b425-f38d82e82bac,3.9175,./data/Reminder/0ab89a24-6a2f-369d-b425-f38d82e82bac/0ab89a24-6a2f-369d-b425-f38d82e82bac.wav,{'action': 'reminder'| 'entities': [{'type': 'todo'| 'filler': 'call morgan'}]}, call morgan reminde
e8b58894-fc12-3637-a22d-8d4d2678e0c1,4.34,./data/cleanstock/e8b58894-fc12-3637-a22d-8d4d2678e0c1/e8b58894-fc12-3637-a22d-8d4d2678e0c1.wav,{'action': 'stock'| 'entities': [{'type': 'company'| 'filler': 'adobe'}]},ADOBE IS CURRENTLY TRADING AT 320 EUROS IN *0.4
1f957f8c-1179-328f-bc28-dee1091ba1f4,4.589,./data/cleantime/1f957f8c-1179-328f-bc28-dee1091ba1f4/1f957f8c-1179-328f-bc28-dee1091ba1f4.wav,{'action': 'time'| 'entities': [{'type': 'city'| 'filler': 'gilbert'}]},THE TIME IN GILBERT ARIZONA UNITED STATES IS 6:50 P.M
1bd25ecf-0adc-332b-90b2-21d0e97dd555,3.5964375,./data/newmock/Birmingham_sync/1bd25ecf-0adc-332b-90b2-21d0e97dd555/1bd25ecf-0adc-332b-90b2-21d0e97dd555.wav,{'action': 'weather'| 'entities': [{'type': 'city'| 'filler': 'birmingham'}]},TEMPERATURE TONIGHT IN BIRMINGHAM IS PREDICTED TO BE TWENTY THREE DEGREE
b827e344-9acb-31b5-9be5-3b2286e21da8,3.721,./data/cleansun/b827e344-9acb-31b5-9be5-3b2286e21da8/b827e344-9acb-31b5-9be5-3b2286e21da8.wav,{'action': 'sun'| 'entities': [{'type': 'city'| 'filler': 'cleveland'}]},SUN RISES AT 7:11 A.M
57a1904a-4269-3e22-9e2a-83b5ac2b0066,2.2729375,./data/Navigation/cleaned_navi/170sync/57a1904a-4269-3e22-9e2a-83b5ac2b0066/57a1904a-4269-3e22-9e2a-83b5ac2b0066.wav,{'action': 'navigation'| 'entities': [{'type': 'intent'| 'filler': 'take the next right'}| {'type': 'road'| 'filler': 'carmel mountain road'}]}, take the next right onto carmel mountain roa
ba099af4-1d74-3166-9b27-370dbd667e45,4.837,./data/cleantime/ba099af4-1d74-3166-9b27-370dbd667e45/ba099af4-1d74-3166-9b27-370dbd667e45.wav,{'action': 'time'| 'entities': [{'type': 'city'| 'filler': 'durham'}]},TIME IN DURHAM NORTH CAROLIN
ebc6c374-831b-3077-a651-aba77c9a94bd,3.864875,./data/newmock/ColoradoSprings_sync/ebc6c374-831b-3077-a651-aba77c9a94bd/ebc6c374-831b-3077-a651-aba77c9a94bd.wav,{'action': 'weather'| 'entities': [{'type': 'city'| 'filler': 'colorado springs'}]},COLORADO SPRINGS TONIGHT EXPECT A TEMPERATURE OF FIFTY SIX DEGREE
e3f6bf33-e1b2-3185-8991-2469610a1504,3.12,./data/newmock/Columbus_sync/e3f6bf33-e1b2-3185-8991-2469610a1504/e3f6bf33-e1b2-3185-8991-2469610a1504.wav,{'action': 'weather'| 'entities': [{'type': 'city'| 'filler': 'columbus'}]},TODAY IN COLUMBUS THERE'S ONLY A VERY SLIGHT CHANCE OF RAI
ab2e3b59-eb77-3b23-a46b-2f59f02e8e09,6.2111875,./data/newmock/Irving_sync/ab2e3b59-eb77-3b23-a46b-2f59f02e8e09/ab2e3b59-eb77-3b23-a46b-2f59f02e8e09.wav,{'action': 'weather'| 'entities': [{'type': 'city'| 'filler': 'irving'}]},YES TODAY IN IRVING THERE'S A VERY HIGH CHANCE OF SCATTERED RAIN STARTING AT ABOUT THREE PM AND CONTINUING THROUGH THE NIGH
450bafea-e42f-34fa-8b60-1218d512011f,3.6165625,./data/newmock/Fontana_sync/450bafea-e42f-34fa-8b60-1218d512011f/450bafea-e42f-34fa-8b60-1218d512011f.wav,{'action': 'weather'| 'entities': [{'type': 'city'| 'filler': 'fontana'}]},IT'S NOT EXPECTED TO SNOW TONIGHT IN FONTANA IT'LL BE CLEA
e8d44a69-3204-3256-a8da-9d930d0e9d1f,4.093,./data/cleansun/e8d44a69-3204-3256-a8da-9d930d0e9d1f/e8d44a69-3204-3256-a8da-9d930d0e9d1f.wav,{'action': 'sun'| 'entities': [{'type': 'city'| 'filler': 'greensboro'}]},TOMORROW SUNRISE IS AT 6:52 A.M
1d1925cc-0bf3-3563-b3a1-5f556d558f2a,1.584,./data/Navigation/cleaned_navi/245sync/1d1925cc-0bf3-3563-b3a1-5f556d558f2a/1d1925cc-0bf3-3563-b3a1-5f556d558f2a.wav,{'action': 'navigation'| 'entities': [{'type': 'intent'| 'filler': 'continue'}]}, continue for 2 mile
8bbd0e12-5f56-31f8-b430-62a0f82991e8,4.8135625,./data/Reminder/8bbd0e12-5f56-31f8-b430-62a0f82991e8/8bbd0e12-5f56-31f8-b430-62a0f82991e8.wav,{'action': 'reminder'| 'entities': [{'type': 'todo'| 'filler': 'use my wic checks'}]}, use my wic checks when do you want to be reminde
9078cf8b-26ce-313a-ad52-5a5053ee1739,3.998125,./data/newmock/Miami_sync/9078cf8b-26ce-313a-ad52-5a5053ee1739/9078cf8b-26ce-313a-ad52-5a5053ee1739.wav,{'action': 'weather'| 'entities': [{'type': 'city'| 'filler': 'miami'}]},MIAMI FRIDAY EXPECT A HIGH OF EIGHTY FOUR AND A LOW OF SEVENTY TW
321b543b-1330-3ead-971e-f8dabe99e6980,4.2634375,./data/ny_navi/321b543b-1330-3ead-971e-f8dabe99e698/321b543b-1330-3ead-971e-f8dabe99e698.wav,{'action': 'navigation'| 'entities': [{'type': 'intent'| 'filler': 'take'}| {'type': 'road'| 'filler': 'center street'}| {'type': 'road'| 'filler': 'chambers street'}]}, IN A QUARTER MILE IS THE LEFT TWO LANES TO TAKE THE CENTER STREET CHAMBERS STREET EXI
103710b0-4637-3727-bef8-996218a88610,3.2151875,./data/newmock/Philadelphia_sync/103710b0-4637-3727-bef8-996218a88610/103710b0-4637-3727-bef8-996218a88610.wav,{'action': 'weather'| 'entities': [{'type': 'city'| 'filler': 'philadelphia'}]},NO TODAY IN PHILADELPHIA THERE'S NO CHANCE OF SNO
c8117e76-769a-3ff7-863c-505c2c1f80f5,3.3524375,./data/Navigation/cleaned_navi/51sync/c8117e76-769a-3ff7-863c-505c2c1f80f5/c8117e76-769a-3ff7-863c-505c2c1f80f5.wav,{'action': 'navigation'| 'entities': [{'type': 'intent'| 'filler': 'turn right'}| {'type': 'road'| 'filler': 'luna avenue'}| {'type': 'intent'| 'filler': 'turn left'}| {'type': 'road'| 'filler': 'jutland drive'}]}, turn right on the lana avenue then turn left onto dublin driv
42330d30-c471-3951-b4f8-66c05bb255aa,3.3460625,./data/newmock/GrandRapids_sync/42330d30-c471-3951-b4f8-66c05bb255aa/42330d30-c471-3951-b4f8-66c05bb255aa.wav,{'action': 'weather'| 'entities': [{'type': 'city'| 'filler': 'grand rapids'}]},THERE'S A GOOD CHANCE OF RAIN IN GRAND RAPIDS SATURDAY AT FOUR A.M
352fa02a-7dcd-37a0-92ba-38a049c47a16,4.93525,./data/newmock/Boston_sync/352fa02a-7dcd-37a0-92ba-38a049c47a16/352fa02a-7dcd-37a0-92ba-38a049c47a16.wav,{'action': 'weather'| 'entities': [{'type': 'city'| 'filler': 'boston'}]},IT'S LIKE TODAY IN BOSTON THERE'S A GOOD CHANCE OF RAIN FROM NOW UNTIL ABOUT SIX P
2294ff17-b695-39f8-8867-2e89652145630,4.8993125,./data/ny_navi/2294ff17-b695-39f8-8867-2e8965214563/2294ff17-b695-39f8-8867-2e8965214563.wav,{'action': 'navigation'| 'entities': [{'type': 'intent'| 'filler': 'stay'}| {'type': 'road'| 'filler': 'williamsburg bridge'}]}, IN A QUARTER MILE USE THE LEFT TWO LANES TO TURN SLIGHTLY LEFT TO STAY ON WILLIAMSBURG BRIDG
46e65787-23e3-30fc-a5c9-37b30d0c7cfb,3.8299375,./data/newmock/Yonkers_sync/46e65787-23e3-30fc-a5c9-37b30d0c7cfb/46e65787-23e3-30fc-a5c9-37b30d0c7cfb.wav,{'action': 'weather'| 'entities': [{'type': 'city'| 'filler': 'yonkers'}]},YONKERS TOMORROW. I HAVE THIRTY TWO AND A LOW OF NINETEE
206cc10b-81b2-32df-8851-ec9b6070c273,4.961,./data/cleantime/206cc10b-81b2-32df-8851-ec9b6070c273/206cc10b-81b2-32df-8851-ec9b6070c273.wav,{'action': 'time'| 'entities': [{'type': 'city'| 'filler': 'austin'}]},TIME IN AUSTIN TEXAS UNITED STATES IS 1:40 A.M. ON TUESDA
7e8dbbb9-bfaf-3b29-802d-d6f10fbbb227,1.8086875,./data/Reminder/7e8dbbb9-bfaf-3b29-802d-d6f10fbbb227/7e8dbbb9-bfaf-3b29-802d-d6f10fbbb227.wav,{'action': 'reminder'| 'entities': [{'type': 'time'| 'filler': 'on third'}]}, sure i'll remind you on 3r
50b8edce-a515-398c-b45f-11e15acb126e,5.939125,./data/newmock/Indianapolis_sync/50b8edce-a515-398c-b45f-11e15acb126e/50b8edce-a515-398c-b45f-11e15acb126e.wav,{'action': 'weather'| 'entities': [{'type': 'city'| 'filler': 'indianapolis'}]},NO IT WON'T BE WINDY IN INDIANAPOLIS TOMORROW THEY'LL BE SIX MILE PER HOUR WINDS COMING FROM THE NORTHEAS
01aa5b7e-e60f-35d4-bece-7f355b177939,3.597,./data/cleansun/01aa5b7e-e60f-35d4-bece-7f355b177939/01aa5b7e-e60f-35d4-bece-7f355b177939.wav,{'action': 'sun'| 'entities': [{'type': 'city'| 'filler': 'cleveland'}]},TODAY THE SUN WILL SET AT 5:10 P.M
2ab49907-7337-3d65-ac8e-c4a39ab45f2e,2.5586875,./data/Reminder/2ab49907-7337-3d65-ac8e-c4a39ab45f2e/2ab49907-7337-3d65-ac8e-c4a39ab45f2e.wav,{'action': 'reminder'| 'entities': [{'type': 'time'| 'filler': 'on monday at ten am'}]}, remind you on monday at 10 a.m
0e3d2650-3425-3bda-8e85-68297861e9f2,3.8875625,./data/Navigation/cleaned_navi/96sync/0e3d2650-3425-3bda-8e85-68297861e9f2/0e3d2650-3425-3bda-8e85-68297861e9f2.wav,{'action': 'navigation'| 'entities': [{'type': 'intent'| 'filler': 'stay'}| {'type': 'road'| 'filler': 'california fifty-two east'}]}, in a quarter mile continue straight to stay on california 52 eas
5fec37da-d4c9-3e27-87ab-7638b805a35c,4.4416875,./data/Reminder/5fec37da-d4c9-3e27-87ab-7638b805a35c/5fec37da-d4c9-3e27-87ab-7638b805a35c.wav,{'action': 'reminder'| 'entities': [{'type': 'todo'| 'filler': 'return shoes to amazon'}]}, return shoes to amazon when do you want to be reminde
7d7b2da3-85cf-3187-add5-df8b6a602148,3.7579375,./data/newmock/Bakersfield_sync/7d7b2da3-85cf-3187-add5-df8b6a602148/7d7b2da3-85cf-3187-add5-df8b6a602148.wav,{'action': 'weather'| 'entities': [{'type': 'city'| 'filler': 'bakersfield'}]},BAKERSFIELD TODAY EXPECT A HIGH OF THIRTY EIGHT A LOW OF FOURTEE
e6229666-3f3a-39ed-ac6c-c4a378a07df7,6.4305,./data/newmock/Bakersfield_sync/e6229666-3f3a-39ed-ac6c-c4a378a07df7/e6229666-3f3a-39ed-ac6c-c4a378a07df7.wav,{'action': 'weather'| 'entities': [{'type': 'city'| 'filler': 'bakersfield'}]},SATURDAY WILL BE A WINDY DAY IN BAKERSFIELD THE WIND WILL COME FROM THE NORTHWEST AT THIRTY TWO KILOMETERS PER HOU
6c1f32b5-ca37-3a47-9978-d4a8784f6944,4.0119375,./data/Reminder/6c1f32b5-ca37-3a47-9978-d4a8784f6944/6c1f32b5-ca37-3a47-9978-d4a8784f6944.wav,{'action': 'reminder'| 'entities': [{'type': 'todo'| 'filler': 'order the pizza'}]}, order the pizza when do you want to be reminde
b87a5ffb-c4e1-33bf-bb86-75981ea3f8be,3.1561875,./data/Reminder/b87a5ffb-c4e1-33bf-bb86-75981ea3f8be/b87a5ffb-c4e1-33bf-bb86-75981ea3f8be.wav,{'action': 'reminder'| 'entities': [{'type': 'time'| 'filler': 'on july nineteenth at seven am'}]}, i'll remind you on july 19th at 7 a.m
10de5de1-61b6-3b3c-981d-cde6a1bbdb42,2.5135625,./data/Reminder/10de5de1-61b6-3b3c-981d-cde6a1bbdb42/10de5de1-61b6-3b3c-981d-cde6a1bbdb42.wav,{'action': 'reminder'| 'entities': [{'type': 'time'| 'filler': 'tomorrow at five pm'}]}, i'll remind you tomorrow at 5 p.m
c6e34e28-e358-34a2-89fd-844ef402224a,4.712,./data/cleantime/c6e34e28-e358-34a2-89fd-844ef402224a/c6e34e28-e358-34a2-89fd-844ef402224a.wav,{'action': 'time'| 'entities': [{'type': 'city'| 'filler': 'seattle'}]},TIME IN SEATTLE WASHINGTON UNITED STATES IS FOR 11 P.M
607da429-4329-3ac7-b327-32e5b4cf1824,3.845125,./data/newmock/Detroit_sync/607da429-4329-3ac7-b327-32e5b4cf1824/607da429-4329-3ac7-b327-32e5b4cf1824.wav,{'action': 'weather'| 'entities': [{'type': 'city'| 'filler': 'detroit'}]},THURSDAY IN DETROIT EXPECT A HIGH OF SIXTY EIGHT AND A LOW OF FORTY FIV
925b61e3-4722-3449-bf87-53b4c3b41aa1,3.3674375,./data/newmock/LasVegas_sync/925b61e3-4722-3449-bf87-53b4c3b41aa1/925b61e3-4722-3449-bf87-53b4c3b41aa1.wav,{'action': 'weather'| 'entities': [{'type': 'city'| 'filler': 'las vegas'}]},THE LOW TEMPERATURE IN LAS VEGAS THURSDAY WILL BE SEVENTY DEGREE
b5752b2d-6628-3498-88e8-6043838000dd,3.6691875,./data/Reminder/b5752b2d-6628-3498-88e8-6043838000dd/b5752b2d-6628-3498-88e8-6043838000dd.wav,{'action': 'reminder'| 'entities': [{'type': 'todo'| 'filler': 'pick up tickets to my concert'}]}, when do you want to be reminde
ae62db27-1156-3823-a6d8-f35cdc5ad125,2.4886875,./data/Reminder/ae62db27-1156-3823-a6d8-f35cdc5ad125/ae62db27-1156-3823-a6d8-f35cdc5ad125.wav,{'action': 'reminder'| 'entities': [{'type': 'time'| 'filler': 'tomorrow at eight pm'}]}, i'll remind you tomorrow at 8 p.m
7dc632a7-0c5d-391c-8ec2-9392939cea88,6.821,./data/cleanair/7dc632a7-0c5d-391c-8ec2-9392939cea88/7dc632a7-0c5d-391c-8ec2-9392939cea88.wav,{'action': 'air'| 'entities': [{'type': 'city'| 'filler': 'louisville'}]},ACCORDING TO ARE NOW THE AIR QUALITY NEAR THE CENTER OF LOUISVILLE IS GOOD WITH AN INDEX RANGING FROM 27 TO 3
c9db4a47-ea41-33b1-8b10-21794dd5e5a5,3.8695,./data/Reminder/c9db4a47-ea41-33b1-8b10-21794dd5e5a5/c9db4a47-ea41-33b1-8b10-21794dd5e5a5.wav,{'action': 'reminder'| 'entities': [{'type': 'todo'| 'filler': 'take survey'}]}, take survey when do you want to be reminde
8c1af404-8b73-383c-854c-abde77a719c7,2.4701875,./data/Navigation/cleaned_navi/195sync/8c1af404-8b73-383c-854c-abde77a719c7/8c1af404-8b73-383c-854c-abde77a719c7.wav,{'action': 'navigation'| 'entities': [{'type': 'intent'| 'filler': 'turn right'}| {'type': 'road'| 'filler': 'aero drive'}]}, in a quarter mile turn right onto aero driv
91c9bdbc-ddfb-36ba-a3bc-6dbbabeb8fdb,3.9759375,./data/newmock/Fremont_sync/91c9bdbc-ddfb-36ba-a3bc-6dbbabeb8fdb/91c9bdbc-ddfb-36ba-a3bc-6dbbabeb8fdb.wav,{'action': 'weather'| 'entities': [{'type': 'city'| 'filler': 'fremont'}]},PROBABLY NOT TONIGHT IN FREMONT THERE'S ONLY A VERY SLIGHT CHANCE OF RAI
746c4a2d-b96c-3ce0-b1ec-e846e0bdcbde,3.045,./data/newmock/LongBeach_sync/746c4a2d-b96c-3ce0-b1ec-e846e0bdcbde/746c4a2d-b96c-3ce0-b1ec-e846e0bdcbde.wav,{'action': 'weather'| 'entities': [{'type': 'city'| 'filler': 'long beach'}]},NO TODAY IN LONG BEACH THERE'S NO CHANCE OF SNO
782635a7-3e5a-3e64-8019-1d8f4aa440b2,6.574,./data/cleanstock/782635a7-3e5a-3e64-8019-1d8f4aa440b2/782635a7-3e5a-3e64-8019-1d8f4aa440b2.wav,{'action': 'stock'| 'entities': [{'type': 'company'| 'filler': 'jp morgan chase and co'}]},JPMORGAN CHASE & CO CLOSED DOWN 0.16% TODAY AT *125.8
55af5484-9377-3c8e-92fd-22691913589e,3.0316875,./data/newmock/GrandRapids_sync/55af5484-9377-3c8e-92fd-22691913589e/55af5484-9377-3c8e-92fd-22691913589e.wav,{'action': 'weather'| 'entities': [{'type': 'city'| 'filler': 'grand rapids'}]},TEMPERATURE IN GRAND RAPIDS RIGHT NOW IS TWENTY SIX DEGREE
187bc657-629e-3a16-bd2e-42ba143b7b68,2.446,./data/Reminder/187bc657-629e-3a16-bd2e-42ba143b7b68/187bc657-629e-3a16-bd2e-42ba143b7b68.wav,{'action': 'reminder'| 'entities': [{'type': 'time'| 'filler': 'tomorrow at six pm'}]}, sure i'll remind you tomorrow at 6 p.m
b6ca38ae-c62c-36d5-8a02-97d9aaf88db30,3.762,./data/ny_navi/b6ca38ae-c62c-36d5-8a02-97d9aaf88db3/b6ca38ae-c62c-36d5-8a02-97d9aaf88db3.wav,{'action': 'navigation'| 'entities': [{'type': 'intent'| 'filler': 'take'}| {'type': 'road'| 'filler': 'i four ninety-five east'}]}, TAKE THE RAMP ON THE LEFT I 495 EAS
719d1c9c-e39a-3161-889b-897b475f384b,3.5770625,./data/newmock/Jacksonville_sync/719d1c9c-e39a-3161-889b-897b475f384b/719d1c9c-e39a-3161-889b-897b475f384b.wav,{'action': 'weather'| 'entities': [{'type': 'city'| 'filler': 'jacksonville'}]},THE RAIN IN JACKSONVILLE TODAY FROM ONE PM TO FOUR A.M
80e42049-ba07-3055-bd26-91d2e3fcb0de,3.256875,./data/Reminder/80e42049-ba07-3055-bd26-91d2e3fcb0de/80e42049-ba07-3055-bd26-91d2e3fcb0de.wav,{'action': 'reminder'| 'entities': [{'type': 'time'| 'filler': 'on july nineteenth at seven am'}]}, remind me on july 19th at 7 a.m
ab6bda23-3821-329e-b741-5014847782ee,3.29675,./data/newmock/Charlotte_sync/ab6bda23-3821-329e-b741-5014847782ee/ab6bda23-3821-329e-b741-5014847782ee.wav,{'action': 'weather'| 'entities': [{'type': 'city'| 'filler': 'charlotte'}]},CHARLOTTE TODAY YOU CAN EXPECT A LOW OF FORTY FOUR DEGREE
fb338d23-2f32-3fe4-be87-713be440ab8c,3.948375,./data/Navigation/cleaned_navi/112sync/fb338d23-2f32-3fe4-be87-713be440ab8c/fb338d23-2f32-3fe4-be87-713be440ab8c.wav,{'action': 'navigation'| 'entities': [{'type': 'intent'| 'filler': 'turn left'}| {'type': 'road'| 'filler': 'camino ruiz'}]}, in a quarter mile use the left two lanes to turn left onto camino rui
cb4b40aa-b870-353f-9d6f-e7d1c088e607,4.711,./data/Navigation/cleaned_navi/126sync/cb4b40aa-b870-353f-9d6f-e7d1c088e607/cb4b40aa-b870-353f-9d6f-e7d1c088e607.wav,{'action': 'navigation'| 'entities': [{'type': 'intent'| 'filler': 'take the next left'}| {'type': 'road'| 'filler': 'carroll canyon road'}| {'type': 'intent'| 'filler': 'turn right'}| {'type': 'road'| 'filler': 'i fifteen south'}]}, canyon road canyon road then turn right onto the ram
b9793cda-63c1-30d1-86e5-5337b18bb6b50,3.0846875,./data/ny_navi/b9793cda-63c1-30d1-86e5-5337b18bb6b5/b9793cda-63c1-30d1-86e5-5337b18bb6b5.wav,{'action': 'navigation'| 'entities': [{'type': 'intent'| 'filler': 'take'}| {'type': 'road'| 'filler': 'exit five b'}| {'type': 'intent'| 'filler': 'merge'}| {'type': 'road'| 'filler': 'cross bronx'}]}, TAKE EXIT 5B THEN MERGE ON THE CROSS BRONX SERVICE ROAD SOUT
91a37692-a0fe-3dc5-8f49-d3d69668d355,2.9869375,./data/newmock/Durham_sync/91a37692-a0fe-3dc5-8f49-d3d69668d355/91a37692-a0fe-3dc5-8f49-d3d69668d355.wav,{'action': 'weather'| 'entities': [{'type': 'city'| 'filler': 'durham'}]},TODAY IN DURHAM THERE'S ONLY A VERY SLIGHT CHANCE OF RAI
6ff8723d-06e6-3482-b19b-aa593ff5889f,4.665125,./data/newmock/Anaheim_sync/6ff8723d-06e6-3482-b19b-aa593ff5889f/6ff8723d-06e6-3482-b19b-aa593ff5889f.wav,{'action': 'weather'| 'entities': [{'type': 'city'| 'filler': 'anaheim'}]},TOMORROW IN ANAHEIM THE WIND WILL BLOW FROM THE SOUTHWEST AT TWENTY ONE KM PER HOU
1dc469f1-1f08-3b50-9631-d92e150511e6,4.66525,./data/newmock/Denver_sync/1dc469f1-1f08-3b50-9631-d92e150511e6/1dc469f1-1f08-3b50-9631-d92e150511e6.wav,{'action': 'weather'| 'entities': [{'type': 'city'| 'filler': 'denver'}]},THIS WEEKEND IN DENVER EXPECT A HIGH OF SEVENTY ONE DEGREES AND A LOW OF FORTY NINE DEGREE
7a063a42-6c30-398f-9bd5-392b15957dd7,3.579125,./data/newmock/Lincoln_sync/7a063a42-6c30-398f-9bd5-392b15957dd7/7a063a42-6c30-398f-9bd5-392b15957dd7.wav,{'action': 'weather'| 'entities': [{'type': 'city'| 'filler': 'lincoln'}]},TODAY IN LINCOLN EXPECT A HIGH OF TWENTY EIGHT AND A LOW OF NINETEE
107bb0ab-7de2-3ea7-bdd2-c2f90688a484,6.078,./data/cleanstock/107bb0ab-7de2-3ea7-bdd2-c2f90688a484/107bb0ab-7de2-3ea7-bdd2-c2f90688a484.wav,{'action': 'stock'| 'entities': [{'type': 'company'| 'filler': 'thomson reuters corp'}]},THOMSON REUTERS CORP CLOSE UP 0.42% TODAY AT *105.4
97dc2435-d3a7-31f9-ae36-038c30cd1371,6.0770625,./data/newmock/Columbus_sync/97dc2435-d3a7-31f9-ae36-038c30cd1371/97dc2435-d3a7-31f9-ae36-038c30cd1371.wav,{'action': 'weather'| 'entities': [{'type': 'city'| 'filler': 'columbus'}]},IT WON'T RAIN TOMORROW IN COLUMBUS IT'LL BE MOSTLY SUNNY WITH A HIGH OF SIXTY SIX AND A LOW OF FORT
8f616933-91fe-3074-8317-b73ca0642aab,6.554125,./data/newmock/Houston_sync/8f616933-91fe-3074-8317-b73ca0642aab/8f616933-91fe-3074-8317-b73ca0642aab.wav,{'action': 'weather'| 'entities': [{'type': 'city'| 'filler': 'houston'}]},NO IT WON'T SNOW IN HOUSTON TOMORROW THEY'LL BE THUNDERSTORMS FOR THE HIGH OF SEVENTY THREE AND A LOW OF SIXTY THRE
821a2aeb-5c77-3427-af7e-6d6ac26e8ded,2.671875,./data/Reminder/821a2aeb-5c77-3427-af7e-6d6ac26e8ded/821a2aeb-5c77-3427-af7e-6d6ac26e8ded.wav,{'action': 'reminder'| 'entities': [{'type': 'time'| 'filler': 'on thursday at two pm'}]}, okay i'll remind you on thursday at 2 p.m
785dcb36-7b93-30b7-b399-ae88a39e1504,5.334,./data/cleantime/785dcb36-7b93-30b7-b399-ae88a39e1504/785dcb36-7b93-30b7-b399-ae88a39e1504.wav,{'action': 'time'| 'entities': [{'type': 'city'| 'filler': 'fremont'}]},THE TIME IN FREMONT CALIFORNIA UNITED STATES IS 5:53 P.M
038b7588-1cf9-32c4-bb85-5df258ad33b2,3.092,./data/newmock/Lexington_sync/038b7588-1cf9-32c4-bb85-5df258ad33b2/038b7588-1cf9-32c4-bb85-5df258ad33b2.wav,{'action': 'weather'| 'entities': [{'type': 'city'| 'filler': 'lexington'}]},TODAY'S LOW IN LEXINGTON IS PREDICTED TO BE TWELVE DEGREE
ac60503f-a773-3bff-8be4-b9af0c3753ae,4.3579375,./data/Reminder/ac60503f-a773-3bff-8be4-b9af0c3753ae/ac60503f-a773-3bff-8be4-b9af0c3753ae.wav,{'action': 'reminder'| 'entities': [{'type': 'todo'| 'filler': 'buy a ticket to the movies'}]}, when do you want to be reminde
11a83481-b5e3-379e-affc-b2bda3f4f159,1.624,./data/Navigation/cleaned_navi/0sync/11a83481-b5e3-379e-affc-b2bda3f4f159/11a83481-b5e3-379e-affc-b2bda3f4f159.wav,{'action': 'navigation'| 'entities': [{'type': 'intent'| 'filler': 'continue'}]}, continue for 4 mile
5cc9b5f7-1819-3e3d-9dcc-81b956f37363,2.3244375,./data/Navigation/cleaned_navi/170sync/5cc9b5f7-1819-3e3d-9dcc-81b956f37363/5cc9b5f7-1819-3e3d-9dcc-81b956f37363.wav,{'action': 'navigation'| 'entities': [{'type': 'intent'| 'filler': 'take the next right'}| {'type': 'road'| 'filler': 'kearny villa road'}]}, miller road exit next right onto kearny villa roa
e247d37d-7d37-3aa7-b0fe-be65d8d9a8c70,6.584,./data/ny_navi/e247d37d-7d37-3aa7-b0fe-be65d8d9a8c7/e247d37d-7d37-3aa7-b0fe-be65d8d9a8c7.wav,{'action': 'navigation'| 'entities': [{'type': 'intent'| 'filler': 'take'}| {'type': 'road'| 'filler': 'i two seventy-eight west'}| {'type': 'road'| 'filler': 'brooklyn queens expressway'}]}, IN A QUARTER MILE TAKE THE I-278 WEST RAMP ON THE LEFT ARE BROOKLYN QUEENS EXPRESSWAY AT GRAND CENTRAL PARKWAY EAS
df7503c7-f121-3516-99c8-a817faca83e3,3.67975,./data/newmock/Chesapeake_sync/df7503c7-f121-3516-99c8-a817faca83e3/df7503c7-f121-3516-99c8-a817faca83e3.wav,{'action': 'weather'| 'entities': [{'type': 'city'| 'filler': 'chesapeake'}]},IT'S NOT EXPECTED TO SNOW TONIGHT IN CHESAPEAKE IT'LL BE CLEARE
e31b5873-878d-3fe6-9202-43f4bec70cdc,3.2958125,./data/newmock/Arlington_sync/e31b5873-878d-3fe6-9202-43f4bec70cdc/e31b5873-878d-3fe6-9202-43f4bec70cdc.wav,{'action': 'weather'| 'entities': [{'type': 'city'| 'filler': 'arlington'}]},DIANE ARLINGTON TODAY IS PREDICTED TO BE TWENTY SIX DEGREE
5dfceba6-901e-3ad0-bdf1-951b831bf818,4.154125,./data/Reminder/5dfceba6-901e-3ad0-bdf1-951b831bf818/5dfceba6-901e-3ad0-bdf1-951b831bf818.wav,{'action': 'reminder'| 'entities': [{'type': 'todo'| 'filler': 'check my balance'}]}, check my balance when do you want to be reminde
84a488fb-8b21-35cc-a48e-4fdef25cc55f,3.249,./data/newmock/JerseyCity_sync/84a488fb-8b21-35cc-a48e-4fdef25cc55f/84a488fb-8b21-35cc-a48e-4fdef25cc55f.wav,{'action': 'weather'| 'entities': [{'type': 'city'| 'filler': 'jersey city'}]},TODAY IN JERSEY CITY THERE'S NO CHANCE OF SNO
07bead7a-3444-3119-ae60-39b19c676e460,2.5680625,./data/ny_navi/07bead7a-3444-3119-ae60-39b19c676e46/07bead7a-3444-3119-ae60-39b19c676e46.wav,{'action': 'navigation'| 'entities': [{'type': 'intent'| 'filler': 'turn right'}| {'type': 'road'| 'filler': 'i two seventy-eight west'}]}, SLIGHT RIGHT ONTO THE I-278 WEST RAM
cfb2ce49-7625-39fd-a5e5-3b3926dc5d9b,5.085,./data/cleantime/cfb2ce49-7625-39fd-a5e5-3b3926dc5d9b/cfb2ce49-7625-39fd-a5e5-3b3926dc5d9b.wav,{'action': 'time'| 'entities': [{'type': 'city'| 'filler': 'fresno'}]},TIME IN FRESNO CALIFORNIA UNITED STATES IS 10:24 P.M
3adcd3c7-aa7b-3ad0-8deb-508a6e3e2f98,5.209,./data/cleantime/3adcd3c7-aa7b-3ad0-8deb-508a6e3e2f98/3adcd3c7-aa7b-3ad0-8deb-508a6e3e2f98.wav,{'action': 'time'| 'entities': [{'type': 'city'| 'filler': 'cincinnati'}]},THE TIME IN CINCINNATI OHIO UNITED STATES IS 2:25 A.M. ON WEDNESDA
7423865a-363a-3130-bde4-e589bb2b98e10,2.642375,./data/ny_navi/7423865a-363a-3130-bde4-e589bb2b98e1/7423865a-363a-3130-bde4-e589bb2b98e1.wav,{'action': 'navigation'| 'entities': [{'type': 'intent'| 'filler': 'turn right'}| {'type': 'road'| 'filler': 'northern boulevard'}]}, BOULEVARD TURN RIGHT ONTO NORTHERN BOULEVAR
aec6a5a0-8780-32ff-af9d-9dfcf8c54e21,3.7754375,./data/newmock/SaintPaul_sync/aec6a5a0-8780-32ff-af9d-9dfcf8c54e21/aec6a5a0-8780-32ff-af9d-9dfcf8c54e21.wav,{'action': 'weather'| 'entities': [{'type': 'city'| 'filler': 'saint paul'}]},LOW TEMPERATURE TODAY IN SAINT PAU
d3f1c9aa-de10-3470-83dd-2e2fe28613fe0,2.6575,./data/ny_navi/d3f1c9aa-de10-3470-83dd-2e2fe28613fe/d3f1c9aa-de10-3470-83dd-2e2fe28613fe.wav,{'action': 'navigation'| 'entities': [{'type': 'intent'| 'filler': 'merge'}| {'type': 'road'| 'filler': 'i eighty-seven north'}]}, IN A QUARTER MILE MERGE ONTO I-87 NORT
2ed7d88f-bcae-366b-b491-353eebd8ddc7,2.4605,./data/Navigation/cleaned_navi/136sync/2ed7d88f-bcae-366b-b491-353eebd8ddc7/2ed7d88f-bcae-366b-b491-353eebd8ddc7.wav,{'action': 'navigation'| 'entities': [{'type': 'intent'| 'filler': 'take the next right'}| {'type': 'road'| 'filler': 'sorrento valley road'}]}, it's the next right onto sorrento valley roa
fe7bf42a-5a66-3dc2-8afe-94c20f9178c3,4.2650625,./data/newmock/RedstoneArsenal_sync/fe7bf42a-5a66-3dc2-8afe-94c20f9178c3/fe7bf42a-5a66-3dc2-8afe-94c20f9178c3.wav,{'action': 'weather'| 'entities': [{'type': 'city'| 'filler': 'redstone arsenal'}]},TODAY IN REDSTONE ARSENAL EXPECT A HIGH OF TWENTY SEVEN AND A LOW OF EIGHTEE
47bbcf94-6e45-3e72-81b8-a7b40593f172,6.945,./data/Navigation/cleaned_navi/52sync/47bbcf94-6e45-3e72-81b8-a7b40593f172/47bbcf94-6e45-3e72-81b8-a7b40593f172.wav,{'action': 'navigation'| 'entities': [{'type': 'intent'| 'filler': 'destination'}]}, orville wrigh
7ba82a00-42ee-3973-8236-8144902dd111,4.0386875,./data/newmock/Fayetteville_sync/7ba82a00-42ee-3973-8236-8144902dd111/7ba82a00-42ee-3973-8236-8144902dd111.wav,{'action': 'weather'| 'entities': [{'type': 'city'| 'filler': 'fayetteville'}]},PROBABLY NOT TONIGHT IN FAYETTEVILLE THERE'S ONLY A VERY SLIGHT CHANCE OF RAI
45ca4cb0-f13e-3353-8a3c-4626ed63b5ed,2.824125,./data/Reminder/45ca4cb0-f13e-3353-8a3c-4626ed63b5ed/45ca4cb0-f13e-3353-8a3c-4626ed63b5ed.wav,{'action': 'reminder'| 'entities': [{'type': 'todo'| 'filler': 'check on my meds'}]}, all right check on my meds when do you want to b
8c1ec39a-c4f0-3887-9ffe-26b88e670a75,7.07,./data/cleanair/8c1ec39a-c4f0-3887-9ffe-26b88e670a75/8c1ec39a-c4f0-3887-9ffe-26b88e670a75.wav,{'action': 'air'| 'entities': [{'type': 'city'| 'filler': 'albuquerque'}]},ACCORDING TO ARE NOW THE AIR QUALITY NEAR THE CENTER OF ALBUQUERQUE IS GOOD WITH AN INDEX RANGING FROM 12 TO 2
5135cb4d-45ec-36b8-8040-376af6895a7c,4.1165625,./data/newmock/FortWorth_sync/5135cb4d-45ec-36b8-8040-376af6895a7c/5135cb4d-45ec-36b8-8040-376af6895a7c.wav,{'action': 'weather'| 'entities': [{'type': 'city'| 'filler': 'fort worth'}]},FORT WORTH TODAY EXPECT A HIGH OF SIXTY SIX AND A LOW OF FIFTY FOU
95699847-529d-36f4-8ee1-0450336d7608,3.416125,./data/newmock/Phoenix_sync/95699847-529d-36f4-8ee1-0450336d7608/95699847-529d-36f4-8ee1-0450336d7608.wav,{'action': 'weather'| 'entities': [{'type': 'city'| 'filler': 'phoenix'}]},HUMIDITY TODAY IN PHOENIX IS PREDICTED TO BE SIX PERCEN
43a05843-f288-329c-9a64-875d6d14340e,5.327875,./data/Reminder/43a05843-f288-329c-9a64-875d6d14340e/43a05843-f288-329c-9a64-875d6d14340e.wav,{'action': 'reminder'| 'entities': [{'type': 'todo'| 'filler': 'delete previews on facebook'}]}, alright delete previews on facebook when do you want to be reminde
4254fadd-211d-371b-946c-9897ab903f260,2.598375,./data/ny_navi/4254fadd-211d-371b-946c-9897ab903f26/4254fadd-211d-371b-946c-9897ab903f26.wav,{'action': 'navigation'| 'entities': [{'type': 'intent'| 'filler': 'destination'}]}, IN A QUARTER MILE YOUR DESTINATION WILL BE ON THE RIGH
14a4d21b-6d39-3748-8073-33e8704aae4c,3.84875,./data/Reminder/14a4d21b-6d39-3748-8073-33e8704aae4c/14a4d21b-6d39-3748-8073-33e8704aae4c.wav,{'action': 'reminder'| 'entities': [{'type': 'todo'| 'filler': 'get directions'}]}, all right get directions when do you want to be reminde
eb29e64d-828a-3182-92fa-9eaf1c37ccb0,3.118625,./data/newmock/Laredo_sync/eb29e64d-828a-3182-92fa-9eaf1c37ccb0/eb29e64d-828a-3182-92fa-9eaf1c37ccb0.wav,{'action': 'weather'| 'entities': [{'type': 'city'| 'filler': 'laredo'}]},THERE'S A GOOD CHANCE OF RAIN IN LAREDO TOMORROW AT FOUR A.M
cc050352-20d2-317d-9c67-ef7ad788264d,5.4144375,./data/newmock/Durham_sync/cc050352-20d2-317d-9c67-ef7ad788264d/cc050352-20d2-317d-9c67-ef7ad788264d.wav,{'action': 'weather'| 'entities': [{'type': 'city'| 'filler': 'durham'}]},A GOOD CHANCE OF RAIN IN DURHAM FRIDAY FROM TWO PM TO FOUR A.M. WITH A BREAK FROM FIVE TO SEVEN P
2af24b59-c87a-3b5b-ac4e-362a4ba25e520,2.854625,./data/ny_navi/2af24b59-c87a-3b5b-ac4e-362a4ba25e52/2af24b59-c87a-3b5b-ac4e-362a4ba25e52.wav,{'action': 'navigation'| 'entities': [{'type': 'intent'| 'filler': 'take'}| {'type': 'road'| 'filler': 'exit four'}| {'type': 'road'| 'filler': 'brooklyn queens expressway east'}]}, IN ONE AND A HALF MILES TAKE EXIT 424 BROOKLYN QUEENS EXPRESSWAY EAS
e4af9b95-e01d-3c94-b31e-b9f56939264e,2.926125,./data/Navigation/cleaned_navi/223sync/e4af9b95-e01d-3c94-b31e-b9f56939264e/e4af9b95-e01d-3c94-b31e-b9f56939264e.wav,{'action': 'navigation'| 'entities': [{'type': 'intent'| 'filler': 'turn right'}| {'type': 'road'| 'filler': 'genesee avenue'}]}, use the right two lanes to turn right on genesee avenu
a88340dc-0b0c-3a73-9155-717aa91a5806,3.770625,./data/newmock/StLouis_sync/a88340dc-0b0c-3a73-9155-717aa91a5806/a88340dc-0b0c-3a73-9155-717aa91a5806.wav,{'action': 'weather'| 'entities': [{'type': 'city'| 'filler': 'st louis'}]},YES IT'LL RAIN IN ST LOUIS TOMORROW FROM ELEVEN A.M. TO ONE A.M
3af914b0-4294-375e-84bb-6f5c4d4510b5,6.7573125,./data/newmock/HuntingtonBeach_sync/3af914b0-4294-375e-84bb-6f5c4d4510b5/3af914b0-4294-375e-84bb-6f5c4d4510b5.wav,{'action': 'weather'| 'entities': [{'type': 'city'| 'filler': 'huntington beach'}]},NO IT'S NOT FORECAST TO RAIN IN HUNTINGTON BEACH TODAY IT'LL BE SUNNY WITH A FORECASTED HIGH OF TWENTY SIX AND A LITTL
3598738b-fba5-3b07-84fa-76be700884e10,4.8688125,./data/ny_navi/3598738b-fba5-3b07-84fa-76be700884e1/3598738b-fba5-3b07-84fa-76be700884e1.wav,{'action': 'navigation'| 'entities': [{'type': 'intent'| 'filler': 'take'}| {'type': 'road'| 'filler': 'i two seventy-eight east'}| {'type': 'intent'| 'filler': 'merge'}| {'type': 'road'| 'filler': 'i two seventy-eight east'}]}, ATI 278 EAST RAMP ON THE LEFT THEN MERGE ONTO I-78 EAS
dd234839-c4bf-3f5a-9616-17cc2d36a415,4.0678125,./data/newmock/Washington_sync/dd234839-c4bf-3f5a-9616-17cc2d36a415/dd234839-c4bf-3f5a-9616-17cc2d36a415.wav,{'action': 'weather'| 'entities': [{'type': 'city'| 'filler': 'washington'}]},TOMORROW MORNING IN WASHINGTON EXPECT A TEMPERATURE OF TWELVE DEGREES CELSIU
fed46b6f-e138-38b9-926e-08fc920528c5,2.2640625,./data/Navigation/cleaned_navi/225sync/fed46b6f-e138-38b9-926e-08fc920528c5/fed46b6f-e138-38b9-926e-08fc920528c5.wav,{'action': 'navigation'| 'entities': [{'type': 'intent'| 'filler': 'stay'}| {'type': 'road'| 'filler': 'torrey pines road'}]}, continue straight to stay on torrey pines roa
5918c6fa-55df-3acf-bbdb-8e9c8e8468e30,2.8865625,./data/ny_navi/5918c6fa-55df-3acf-bbdb-8e9c8e8468e3/5918c6fa-55df-3acf-bbdb-8e9c8e8468e3.wav,{'action': 'navigation'| 'entities': [{'type': 'intent'| 'filler': 'turn right'}| {'type': 'road'| 'filler': 'east seventeen street'}]}, IN A QUARTER MILE TURN RIGHT ONTO EAST 17TH STREE
ac29343a-8d27-3a4d-8e79-c0c068c25461,3.3886875,./data/newmock/HuntingtonBeach_sync/ac29343a-8d27-3a4d-8e79-c0c068c25461/ac29343a-8d27-3a4d-8e79-c0c068c25461.wav,{'action': 'weather'| 'entities': [{'type': 'city'| 'filler': 'huntington beach'}]},TODAY IN HUNTINGTON BEACH THERE'S ONLY A VERY SLIGHT CHANCE OF RAI
75376df0-e985-3392-b578-e35e44f7fd0b,4.1353125,./data/Navigation/cleaned_navi/241sync/75376df0-e985-3392-b578-e35e44f7fd0b/75376df0-e985-3392-b578-e35e44f7fd0b.wav,{'action': 'navigation'| 'entities': [{'type': 'intent'| 'filler': 'turn left'}| {'type': 'road'| 'filler': 'torrey pines road'}]}, in a quarter mile use the left two lanes to turn left onto torrey pines roa
cf789adf-c369-3055-81d0-fd28d2078058,5.0744375,./data/Navigation/cleaned_navi/92sync/cf789adf-c369-3055-81d0-fd28d2078058/cf789adf-c369-3055-81d0-fd28d2078058.wav,{'action': 'navigation'| 'entities': [{'type': 'intent'| 'filler': 'follow sign'}| {'type': 'road'| 'filler': 'california fifty-two east'}]}, keep left at the fork follow signs for california 52 east san clemente canyo
23697d7f-aecb-3f17-9955-cb34c6542948,8.0704375,./data/newmock/Austin_sync/23697d7f-aecb-3f17-9955-cb34c6542948/23697d7f-aecb-3f17-9955-cb34c6542948.wav,{'action': 'weather'| 'entities': [{'type': 'city'| 'filler': 'austin'}]},IN AUSTIN TODAY THEN STAY AROUND SEVENTY SEVEN UNTIL SATURDAY BLOWS WILL BE AROUND FIFTY NINE TODAY AN
4ef8c3fd-76f3-320c-8d45-ed59faeb8cbe,7.71775,./data/newmock/Nashville_sync/4ef8c3fd-76f3-320c-8d45-ed59faeb8cbe/4ef8c3fd-76f3-320c-8d45-ed59faeb8cbe.wav,{'action': 'weather'| 'entities': [{'type': 'city'| 'filler': 'nashville'}]},ALTHOUGH THERE'S ONLY A VERY SLIGHT CHANCE OF RAIN IN NASHVILLE TODAY THERE'S A MODERATE CHANCE OF RAIN ON SATURDAY STARTING AROUND ONE A.M. AND CONTINUING THROUGH THE NIGH
04accce3-d64c-3e0d-93f7-e2dc87ed156f,2.7325,./data/Navigation/cleaned_navi/96sync/04accce3-d64c-3e0d-93f7-e2dc87ed156f/04accce3-d64c-3e0d-93f7-e2dc87ed156f.wav,{'action': 'navigation'| 'entities': [{'type': 'intent'| 'filler': 'continue'}| {'type': 'road'| 'filler': 'i fifteen north'}]}, continue on i-15 north for 6 mile
e30f194c-e118-3a67-9583-83232f7a64fb,6.574,./data/cleanair/e30f194c-e118-3a67-9583-83232f7a64fb/e30f194c-e118-3a67-9583-83232f7a64fb.wav,{'action': 'air'| 'entities': [{'type': 'city'| 'filler': 'anchorage'}]},ACCORDING TO ARE NOW THE AIR QUALITY NEAR THE CENTER OF ANCHORAGE IS GOOD WITH AN INDEX RANGING FROM 3 TO 
25195316-4350-3140-83f2-b66d756f11a3,6.15725,./data/newmock/Bakersfield_sync/25195316-4350-3140-83f2-b66d756f11a3/25195316-4350-3140-83f2-b66d756f11a3.wav,{'action': 'weather'| 'entities': [{'type': 'city'| 'filler': 'bakersfield'}]},IT WON'T RAIN IN BAKERSFIELD TOMORROW IT'LL BE MOSTLY SUNNY WITH A HIGH OF TWENTY EIGHT AND A LOW OF SIXTEE
0ade08b0-5aef-3aef-bdee-12fe49091922,6.1644375,./data/newmock/Dallas_sync/0ade08b0-5aef-3aef-bdee-12fe49091922/0ade08b0-5aef-3aef-bdee-12fe49091922.wav,{'action': 'weather'| 'entities': [{'type': 'city'| 'filler': 'dallas'}]},NO IT WON'T RAIN IN DALLAS WEDNESDAY IT'LL BE CLOUDY WITH A HIGH OF SIXTY FIVE AND A LOW OF FIFTY FIV
d9758b02-4d8e-3045-ad67-d8fa0d8dddb7,6.9679375,./data/newmock/Denver_sync/d9758b02-4d8e-3045-ad67-d8fa0d8dddb7/d9758b02-4d8e-3045-ad67-d8fa0d8dddb7.wav,{'action': 'weather'| 'entities': [{'type': 'city'| 'filler': 'denver'}]},ALTHOUGH THERE'S ONLY A VERY SLIGHT CHANCE OF RAIN IN DENVER TODAY THERE'S A GOOD CHANCE OF RAIN ON SATURDAY FROM ABOUT THREE PM UNTIL ABOUT MIDNIGH
2599dc9a-78d0-38c5-8074-4b857742cb55,2.3315,./data/newmock/Houston_sync/2599dc9a-78d0-38c5-8074-4b857742cb55/2599dc9a-78d0-38c5-8074-4b857742cb55.wav,{'action': 'weather'| 'entities': [{'type': 'city'| 'filler': 'houston'}]},YES RAIN IS EXPECTED TODAY IN HOUSTO
f97b5ce8-de98-375b-8362-73319dbc1beb,5.9494375,./data/Navigation/cleaned_navi/36sync/f97b5ce8-de98-375b-8362-73319dbc1beb/f97b5ce8-de98-375b-8362-73319dbc1beb.wav,{'action': 'navigation'| 'entities': [{'type': 'intent'| 'filler': 'take'}| {'type': 'road'| 'filler': 'exit seventeen'}| {'type': 'roadnext'| 'filler': 'mercy road'}]}, in 600 feet use the right two lanes to take exit 17 for mercy road towards scripps poway parkwa
d4d6c087-5800-39cc-b0a9-d342fc820b830,3.0165625,./data/ny_navi/d4d6c087-5800-39cc-b0a9-d342fc820b83/d4d6c087-5800-39cc-b0a9-d342fc820b83.wav,{'action': 'navigation'| 'entities': [{'type': 'intent'| 'filler': 'continue'}| {'type': 'road'| 'filler': 'i four ninety-five'}]}, CONTINUE ON I-495 FOR THREE-QUARTERS OF A MIL
c20a5ffb-1813-357f-a383-5198c6561dca,2.872625,./data/Navigation/cleaned_navi/33sync/c20a5ffb-1813-357f-a383-5198c6561dca/c20a5ffb-1813-357f-a383-5198c6561dca.wav,{'action': 'navigation'| 'entities': [{'type': 'intent'| 'filler': 'continue'}| {'type': 'road'| 'filler': 'i eight o five north'}]}, continue on i-805 north for 5 mile
fb6f98e6-254d-35d9-827c-0f2604f8295e,6.6088125,./data/newmock/Philadelphia_sync/fb6f98e6-254d-35d9-827c-0f2604f8295e/fb6f98e6-254d-35d9-827c-0f2604f8295e.wav,{'action': 'weather'| 'entities': [{'type': 'city'| 'filler': 'philadelphia'}]},NO IT WON'T SNOW TOMORROW IN PHILADELPHIA IT'LL BE MOSTLY SUNNY WITH A HIGH OF SIXTY EIGHT AND A LOW OF FORTY FIV
e95ee011-7bd9-336d-b78b-d9510378b494,3.7196875,./data/newmock/Laredo_sync/e95ee011-7bd9-336d-b78b-d9510378b494/e95ee011-7bd9-336d-b78b-d9510378b494.wav,{'action': 'weather'| 'entities': [{'type': 'city'| 'filler': 'laredo'}]},PROBABLY NOT TODAY IN LAREDO THERE'S ONLY A LOW CHANCE OF RAI
a3eb8851-1f8b-3fe9-8d8e-dbe3f4513dd4,1.6628125,./data/newmock/Irving_sync/a3eb8851-1f8b-3fe9-8d8e-dbe3f4513dd4/a3eb8851-1f8b-3fe9-8d8e-dbe3f4513dd4.wav,{'action': 'weather'| 'entities': [{'type': 'city'| 'filler': 'irving'}]},TODAY AND TOMORROW IN IRVIN
02ebfd67-a7ab-3d9e-abac-e2f62a23452f,3.73125,./data/newmock/Austin_sync/02ebfd67-a7ab-3d9e-abac-e2f62a23452f/02ebfd67-a7ab-3d9e-abac-e2f62a23452f.wav,{'action': 'weather'| 'entities': [{'type': 'city'| 'filler': 'austin'}]},THE FORECAST IN AUSTIN WEDNESDAY MORNING IS SIXTY TWO DEGREES AND CLOUD
496d62f5-3503-3c63-9b73-fc71e6fdc2bf,9.675,./data/cleanstock/496d62f5-3503-3c63-9b73-fc71e6fdc2bf/496d62f5-3503-3c63-9b73-fc71e6fdc2bf.wav,{'action': 'stock'| 'entities': [{'type': 'company'| 'filler': 'goldman sachs group'}]},GOLDMAN SACHS GROUP DS REPRESENTING 1/1000 IN FIX FLOATING NON-CUMULATIVE SERIES CASE CURRENTLY TRADING AT *24.7
f6537826-bd7b-38ca-87ba-fafda69fb76f,4.589,./data/cleantime/f6537826-bd7b-38ca-87ba-fafda69fb76f/f6537826-bd7b-38ca-87ba-fafda69fb76f.wav,{'action': 'time'| 'entities': [{'type': 'city'| 'filler': 'henderson'}]},TIME IN HENDERSON NEVADA UNITED STATES IS 10:12 A.M
c532abc7-843c-3419-ad0c-df0c8e9e234d,4.2630625,./data/Reminder/c532abc7-843c-3419-ad0c-df0c8e9e234d/c532abc7-843c-3419-ad0c-df0c8e9e234d.wav,{'action': 'reminder'| 'entities': [{'type': 'todo'| 'filler': 'pick up moms meds'}]}, got to pick up mom's meds when do you want to be reminde
1532ef36-f2df-3bea-8096-950d70e9f84b,1.4018125,./data/Navigation/cleaned_navi/189sync/1532ef36-f2df-3bea-8096-950d70e9f84b/1532ef36-f2df-3bea-8096-950d70e9f84b.wav,{'action': 'navigation'| 'entities': [{'type': 'intent'| 'filler': 'take'}| {'type': 'road'| 'filler': 'exit twenty-five a'}]}, exit 25
b159d259-45ed-3d4a-a028-08ade48ab952,3.2030625,./data/newmock/Fayetteville_sync/b159d259-45ed-3d4a-a028-08ade48ab952/b159d259-45ed-3d4a-a028-08ade48ab952.wav,{'action': 'weather'| 'entities': [{'type': 'city'| 'filler': 'fayetteville'}]},TODAY IN FAYETTEVILLE THERE'S ONLY A VERY SLIGHT CHANCE OF RAI
99e15b67-9971-36cd-8a31-b6afe148b834,7.0416875,./data/newmock/SanDiego_sync/99e15b67-9971-36cd-8a31-b6afe148b834/99e15b67-9971-36cd-8a31-b6afe148b834.wav,{'action': 'weather'| 'entities': [{'type': 'city'| 'filler': 'san diego'}]},HERE IS SOME INFORMATION ABOUT SAN DIEGO SAN DIEGO IS A CITY ON THE PACIFIC COAST OF CALIFORNIA KNOWN FOR ITS BEACHES PAR
5c70ba72-a4f5-3c11-a229-df4d6e5cb541,4.3059375,./data/Reminder/5c70ba72-a4f5-3c11-a229-df4d6e5cb541/5c70ba72-a4f5-3c11-a229-df4d6e5cb541.wav,{'action': 'reminder'| 'entities': [{'type': 'todo'| 'filler': 'take dog to groomer'}]}, when do you want to be reminde
c548e86e-81e8-3298-8738-4edece9ed5ef,4.1506875,./data/Reminder/c548e86e-81e8-3298-8738-4edece9ed5ef/c548e86e-81e8-3298-8738-4edece9ed5ef.wav,{'action': 'reminder'| 'entities': [{'type': 'todo'| 'filler': 'buy contacts'}]}, buy contacts when do you want to be reminde
8bd3b0ff-0137-3076-8d51-3950d04124ed,2.6171875,./data/Navigation/cleaned_navi/122sync/8bd3b0ff-0137-3076-8d51-3950d04124ed/8bd3b0ff-0137-3076-8d51-3950d04124ed.wav,{'action': 'navigation'| 'entities': [{'type': 'intent'| 'filler': 'turn right'}| {'type': 'road'| 'filler': 'via cangrejo'}]}, 300 feet turn right on a vehicl
2f07391a-510a-39a0-a34f-7fdac50ee15e0,3.1108125,./data/ny_navi/2f07391a-510a-39a0-a34f-7fdac50ee15e/2f07391a-510a-39a0-a34f-7fdac50ee15e.wav,{'action': 'navigation'| 'entities': [{'type': 'intent'| 'filler': 'continue'}| {'type': 'road'| 'filler': 'bronx shore road'}]}, IN A QUARTER MILE CONTINUE STRAIGHT ONTO BRONX SHORE ROA
9ee9959d-217f-31e8-9494-bca864f803dc,4.01825,./data/newmock/Columbus_sync/9ee9959d-217f-31e8-9494-bca864f803dc/9ee9959d-217f-31e8-9494-bca864f803dc.wav,{'action': 'weather'| 'entities': [{'type': 'city'| 'filler': 'columbus'}]},THERE'S NO SNOW EXPECTED TODAY IN COLUMBUS IT'LL BE MOSTLY SUNN
900c3799-a453-3846-97f3-0ca304fe9b64,4.203125,./data/Reminder/900c3799-a453-3846-97f3-0ca304fe9b64/900c3799-a453-3846-97f3-0ca304fe9b64.wav,{'action': 'reminder'| 'entities': [{'type': 'todo'| 'filler': 'go pick up my brother'}]}, got to go pick up my brother when do you want to be reminde
1a2ec7f2-b99a-32c8-b34d-82127b0a4472,4.7770625,./data/Navigation/cleaned_navi/18sync/1a2ec7f2-b99a-32c8-b34d-82127b0a4472/1a2ec7f2-b99a-32c8-b34d-82127b0a4472.wav,{'action': 'navigation'| 'entities': [{'type': 'intent'| 'filler': 'take'}| {'type': 'road'| 'filler': 'exit sixteen'}| {'type': 'roadnext'| 'filler': 'mira mesa boulevard'}]}, and a half mile to use the right two lanes to take exit 16 for mira mesa boulevar
797ed812-6e75-3d28-9384-f448390fe78f,3.5065,./data/Navigation/cleaned_navi/90sync/797ed812-6e75-3d28-9384-f448390fe78f/797ed812-6e75-3d28-9384-f448390fe78f.wav,{'action': 'navigation'| 'entities': [{'type': 'intent'| 'filler': 'take'}| {'type': 'road'| 'filler': 'exit three'}| {'type': 'intent'| 'filler': 'keep right'}]}, and the right two lanes to take exit 3 and keep right at the for
4874bdcc-a609-349f-8b0a-370287299e84,3.1328125,./data/newmock/Baltimore_sync/4874bdcc-a609-349f-8b0a-370287299e84/4874bdcc-a609-349f-8b0a-370287299e84.wav,{'action': 'weather'| 'entities': [{'type': 'city'| 'filler': 'baltimore'}]},TODAY IN BALTIMORE THERE'S ONLY A VERY SLIGHT CHANCE OF RAI
439196bb-cf0e-32e4-aff1-bc85fcd6006e,2.199375,./data/newmock/NorthLasVegas_sync/439196bb-cf0e-32e4-aff1-bc85fcd6006e/439196bb-cf0e-32e4-aff1-bc85fcd6006e.wav,{'action': 'weather'| 'entities': [{'type': 'city'| 'filler': 'north las vegas'}]},NO RAIN IS EXPECTED IN NORTH LAS VEGA
e4d533fb-39c3-3572-876e-328ca29b5da9,3.9924375,./data/Navigation/cleaned_navi/20sync/e4d533fb-39c3-3572-876e-328ca29b5da9/e4d533fb-39c3-3572-876e-328ca29b5da9.wav,{'action': 'navigation'| 'entities': [{'type': 'intent'| 'filler': 'turn right'}| {'type': 'road'| 'filler': 'miramar road'}]}, in a quarter mile use the right two lanes to turn right onto miramar roa
6c038ebc-4c1b-3eff-b505-f178db902dd4,7.7728125,./data/newmock/Philadelphia_sync/6c038ebc-4c1b-3eff-b505-f178db902dd4/6c038ebc-4c1b-3eff-b505-f178db902dd4.wav,{'action': 'weather'| 'entities': [{'type': 'city'| 'filler': 'philadelphia'}]},ALTHOUGH THERE'S ONLY A VERY SLIGHT CHANCE OF RAIN IN PHILADELPHIA TODAY THERE'S A MODERATE CHANCE OF RAIN ON SATURDAY FROM AROUND THREE PM UNTIL AROUND FIVE P
e704e05e-aeef-3873-85ce-b41c9cb1c6880,3.3848125,./data/ny_navi/e704e05e-aeef-3873-85ce-b41c9cb1c688/e704e05e-aeef-3873-85ce-b41c9cb1c688.wav,{'action': 'navigation'| 'entities': [{'type': 'intent'| 'filler': 'take'}| {'type': 'road'| 'filler': 'exit fourteen'}| {'type': 'road'| 'filler': 'linden place'}]}, INTO MILES TAKE EXIT 14 TOWARD LINDEN PLAC
c1638d2b-4cfd-3372-9f04-b113b7fc74ce,7.1300625,./data/newmock/Indianapolis_sync/c1638d2b-4cfd-3372-9f04-b113b7fc74ce/c1638d2b-4cfd-3372-9f04-b113b7fc74ce.wav,{'action': 'weather'| 'entities': [{'type': 'city'| 'filler': 'indianapolis'}]},TODAY THROUGH SATURDAY IN INDIANAPOLIS WILL RISE FROM SIXTY TWO TO SEVENTY ONE FROM FORTY ONE TO FIFTY THRE
9d8ca35f-d97f-3b27-b4f2-808928e0bfa8,4.093,./data/cleansun/9d8ca35f-d97f-3b27-b4f2-808928e0bfa8/9d8ca35f-d97f-3b27-b4f2-808928e0bfa8.wav,{'action': 'sun'| 'entities': [{'type': 'city'| 'filler': 'fayetteville'}]},GOD WILL RISE AT 6:46 A.M
ee9ec12a-e62d-3147-86d0-03f92bb12187,3.5104375,./data/newmock/ColoradoSprings_sync/ee9ec12a-e62d-3147-86d0-03f92bb12187/ee9ec12a-e62d-3147-86d0-03f92bb12187.wav,{'action': 'weather'| 'entities': [{'type': 'city'| 'filler': 'colorado springs'}]},NO TODAY IN COLORADO SPRINGS THERE'S NO CHANCE OF SNO
a6e3d941-6ccc-30ae-ac0e-b98dadf8928e,5.333,./data/cleantime/a6e3d941-6ccc-30ae-ac0e-b98dadf8928e/a6e3d941-6ccc-30ae-ac0e-b98dadf8928e.wav,{'action': 'time'| 'entities': [{'type': 'city'| 'filler': 'bakersfield'}]},TIME IN BAKERSFIELD CALIFORNIA UNITED STATES IS 10:24 A.M
ce78b343-7218-3cc5-8ddb-d682dd98dc69,5.609,./data/newmock/KansasCity_sync/ce78b343-7218-3cc5-8ddb-d682dd98dc69/ce78b343-7218-3cc5-8ddb-d682dd98dc69.wav,{'action': 'weather'| 'entities': [{'type': 'city'| 'filler': 'kansas city'}]},NO IT WON'T BE COLD IN KANSAS CITY TOMORROW EXPECT A HIGH OF SIXTY NINE AND A LOW OF FIFTY SEVE
8e30598b-b7a0-36fc-a78c-809c72656bbf,4.713,./data/cleantime/8e30598b-b7a0-36fc-a78c-809c72656bbf/8e30598b-b7a0-36fc-a78c-809c72656bbf.wav,{'action': 'time'| 'entities': [{'type': 'city'| 'filler': 'birmingham'}]},TIME IN BIRMINGHAM ALABAMA UNITED STATES IS 3:05 A.M
31b5c387-102c-31c4-9174-e4470ee5fde9,6.574,./data/cleanair/31b5c387-102c-31c4-9174-e4470ee5fde9/31b5c387-102c-31c4-9174-e4470ee5fde9.wav,{'action': 'air'| 'entities': [{'type': 'city'| 'filler': 'anchorage'}]},ACCORDING TO ARE NOW THE AIR QUALITY NEAR THE CENTER OF ANCHORAGE IS GOOD WITH AN INDEX RANGING FROM 1 TO 
6b8cc9e0-060e-389c-bdc5-4246eb7c62e5,2.415375,./data/Reminder/6b8cc9e0-060e-389c-bdc5-4246eb7c62e5/6b8cc9e0-060e-389c-bdc5-4246eb7c62e5.wav,{'action': 'reminder'| 'entities': [{'type': 'time'| 'filler': 'tomorrow at two pm'}]}, i'll remind you tomorrow at 2 p.m
c77e86a7-97d6-33e8-a2cf-000337ad9558,5.581,./data/cleanstock/c77e86a7-97d6-33e8-a2cf-000337ad9558/c77e86a7-97d6-33e8-a2cf-000337ad9558.wav,{'action': 'stock'| 'entities': [{'type': 'company'| 'filler': 'invesco global clean energy etf'}]},INVESCO GLOBAL CLEAN ENERGY ETF CLOSED UP 1.6% TODAY AT *18.729870BFF0-2426-39E3-BB96-58A501C4BBC
176831cb-f232-3bb3-8fa9-44c06f9d221d,5.256375,./data/newmock/Toledo_sync/176831cb-f232-3bb3-8fa9-44c06f9d221d/176831cb-f232-3bb3-8fa9-44c06f9d221d.wav,{'action': 'weather'| 'entities': [{'type': 'city'| 'filler': 'toledo'}]},TONIGHT IN TOLEDO THERE'S A MODERATE CHANCE OF RAIN FROM NOW UNTIL AROUND ELEVEN P
4edc9632-3f10-3b87-85f7-41671b30f31d0,2.1185625,./data/ny_navi/4edc9632-3f10-3b87-85f7-41671b30f31d/4edc9632-3f10-3b87-85f7-41671b30f31d.wav,{'action': 'navigation'| 'entities': [{'type': 'intent'| 'filler': 'keep left'}]}, IS THE MIDDLE LANE TO KEEP LEFT AT THE FOR
26a7b2a2-59f1-33d1-adf4-ab20c22f0d4e,6.945,./data/cleanair/26a7b2a2-59f1-33d1-adf4-ab20c22f0d4e/26a7b2a2-59f1-33d1-adf4-ab20c22f0d4e.wav,{'action': 'air'| 'entities': [{'type': 'city'| 'filler': 'norfolk'}]},ACCORDING TO PURPLE ARE THE AIR QUALITY NEAR THE CENTER OF NORFOLK IS GOOD WITH AN INDEX RANGING FROM 12 TO 1
84530519-0a09-3b9b-b122-bb1181855ae20,1.6231875,./data/ny_navi/84530519-0a09-3b9b-b122-bb1181855ae2/84530519-0a09-3b9b-b122-bb1181855ae2.wav,{'action': 'navigation'| 'entities': [{'type': 'intent'| 'filler': 'continue'}]}, CONTINUE FOR 3 MILE
8b19c4b3-7dfe-3879-a308-f21a5d119f6c,3.1186875,./data/newmock/Laredo_sync/8b19c4b3-7dfe-3879-a308-f21a5d119f6c/8b19c4b3-7dfe-3879-a308-f21a5d119f6c.wav,{'action': 'weather'| 'entities': [{'type': 'city'| 'filler': 'laredo'}]},THERE'S A GOOD CHANCE OF RAIN IN LAREDO TOMORROW AT FOUR A.M
29dc7560-6c30-32d8-a4c9-feda65e7fe77,6.078,./data/cleanair/29dc7560-6c30-32d8-a4c9-feda65e7fe77/29dc7560-6c30-32d8-a4c9-feda65e7fe77.wav,{'action': 'air'| 'entities': [{'type': 'city'| 'filler': 'long beach'}]},
e4c4eb84-80b8-3f17-b0f3-be699ab2d230,4.498375,./data/newmock/DMAirForce_sync/e4c4eb84-80b8-3f17-b0f3-be699ab2d230/e4c4eb84-80b8-3f17-b0f3-be699ab2d230.wav,{'action': 'weather'| 'entities': [{'type': 'city'| 'filler': 'dm air force'}]},DM AIR FORCE BASE TODAY EXPECT A HIGH OF NINETY EIGHT AND A LOW OF SIXTY FIV
0b8653da-8ce3-3660-8c82-c8de68b9be4e,4.5200625,./data/newmock/DMAirForce_sync/0b8653da-8ce3-3660-8c82-c8de68b9be4e/0b8653da-8ce3-3660-8c82-c8de68b9be4e.wav,{'action': 'weather'| 'entities': [{'type': 'city'| 'filler': 'dm air force'}]},THE TEMPERATURE IN DM AIR FORCE BASE THIS AFTERNOON IS PREDICTED TO BE NINETY FIVE DEGREE
15d57e84-4b37-3167-8423-b8e9af1b90f0,5.0339375,./data/Navigation/cleaned_navi/28sync/15d57e84-4b37-3167-8423-b8e9af1b90f0/15d57e84-4b37-3167-8423-b8e9af1b90f0.wav,{'action': 'navigation'| 'entities': [{'type': 'intent'| 'filler': 'continue'}| {'type': 'road'| 'filler': 'california fifty-six east'}| {'type': 'intent'| 'filler': 'take'}| {'type': 'road'| 'filler': 'carmel creek road exit'}]}, is the right lane to continue on california 1516 carmel creek road exi
2e0d94ca-8385-39cd-a48c-2c1d6f19b5ad,5.5604375,./data/newmock/Charlotte_sync/2e0d94ca-8385-39cd-a48c-2c1d6f19b5ad/2e0d94ca-8385-39cd-a48c-2c1d6f19b5ad.wav,{'action': 'weather'| 'entities': [{'type': 'city'| 'filler': 'charlotte'}]},NO IT WON'T BE WINDY IN CHARLOTTE TOMORROW THEY'LL BE TEN MILE PER HOUR WINDS COMING FROM THE NORTHEAS
784fbcdb-f13d-3cc8-a958-9a8104f44fa3,4.20175,./data/Reminder/784fbcdb-f13d-3cc8-a958-9a8104f44fa3/784fbcdb-f13d-3cc8-a958-9a8104f44fa3.wav,{'action': 'reminder'| 'entities': [{'type': 'todo'| 'filler': 'pay the dog walker'}]}, play the dog walker when do you want to be reminde
0309b36b-3da6-3204-847f-860ef780eb7b,7.0730625,./data/newmock/Cleveland_sync/0309b36b-3da6-3204-847f-860ef780eb7b/0309b36b-3da6-3204-847f-860ef780eb7b.wav,{'action': 'weather'| 'entities': [{'type': 'city'| 'filler': 'cleveland'}]},THE SUN IS NOT PREDICTED TO BE OUT IN CLEVELAND FRIDAY IT'LL BE MOSTLY CLOUDY WITH A HIGH OF TWENTY SIX AND A LOW OF NINETEE
4f7eec91-93bd-35c2-a991-95082a3fe1d1,4.079625,./data/Reminder/4f7eec91-93bd-35c2-a991-95082a3fe1d1/4f7eec91-93bd-35c2-a991-95082a3fe1d1.wav,{'action': 'reminder'| 'entities': [{'type': 'todo'| 'filler': 'pick up the kids'}]}, pick up the kids when do you want to be reminde
990e7225-3c3c-38a5-80ff-c9097dcae742,8.0600625,./data/newmock/ElPaso_sync/990e7225-3c3c-38a5-80ff-c9097dcae742/990e7225-3c3c-38a5-80ff-c9097dcae742.wav,{'action': 'weather'| 'entities': [{'type': 'city'| 'filler': 'el paso'}]},FUN DATE FOR NEXT SATURDAY IN EL PASO HEIGHTS WILL BE AROUND EIGHTY EIGHT FLOWS WILL BE AROUND SIXTY ONE SUNDAY THROUGH NEXT THURSDAY THEN STAY I
870b5169-2a7d-3578-a5bb-88419b8dddd8,3.655625,./data/newmock/OklahomaCity_sync/870b5169-2a7d-3578-a5bb-88419b8dddd8/870b5169-2a7d-3578-a5bb-88419b8dddd8.wav,{'action': 'weather'| 'entities': [{'type': 'city'| 'filler': 'oklahoma city'}]},NO ON THURSDAY IN OKLAHOMA CITY THERE'S NO CHANCE OF SNO
b34669d7-7c99-3e71-8b0a-9092a1f9cd5b,2.2719375,./data/Reminder/b34669d7-7c99-3e71-8b0a-9092a1f9cd5b/b34669d7-7c99-3e71-8b0a-9092a1f9cd5b.wav,{'action': 'reminder'| 'entities': [{'type': 'time'| 'filler': 'on tuesday at eight'}]}, sure i'll remind you on tuesday at 
d36adc22-d2f1-3e8b-8114-9be96ee436d6,2.502875,./data/Reminder/d36adc22-d2f1-3e8b-8114-9be96ee436d6/d36adc22-d2f1-3e8b-8114-9be96ee436d6.wav,{'action': 'reminder'| 'entities': [{'type': 'time'| 'filler': 'tomorrow at five pm'}]}, all right i'll remind you tomorrow at 5 p.m
7c7a58f4-2729-351a-9817-3686b1a9ee7c,3.249,./data/newmock/JerseyCity_sync/7c7a58f4-2729-351a-9817-3686b1a9ee7c/7c7a58f4-2729-351a-9817-3686b1a9ee7c.wav,{'action': 'weather'| 'entities': [{'type': 'city'| 'filler': 'jersey city'}]},TODAY IN JERSEY CITY THERE'S NO CHANCE OF SNO
89c07c9b-534b-3c84-9a89-629d84453896,4.2139375,./data/Reminder/89c07c9b-534b-3c84-9a89-629d84453896/89c07c9b-534b-3c84-9a89-629d84453896.wav,{'action': 'reminder'| 'entities': [{'type': 'todo'| 'filler': 'return dvd'}]}, return dvd when do you want to be reminde
48552ef3-8ebc-3da3-9634-2a02ff6c0a97,6.3471875,./data/newmock/ElPaso_sync/48552ef3-8ebc-3da3-9634-2a02ff6c0a97/48552ef3-8ebc-3da3-9634-2a02ff6c0a97.wav,{'action': 'weather'| 'entities': [{'type': 'city'| 'filler': 'el paso'}]},IT WON'T SNOW TOMORROW IN EL PASO IT'LL BE MOSTLY SUNNY WITH A HIGH OF EIGHTY SEVEN AND A LOW OF SIXTY FIV
ce0109bd-729c-3f7d-af80-1ce56b5c1f0e,6.6915625,./data/newmock/Jacksonville_sync/ce0109bd-729c-3f7d-af80-1ce56b5c1f0e/ce0109bd-729c-3f7d-af80-1ce56b5c1f0e.wav,{'action': 'weather'| 'entities': [{'type': 'city'| 'filler': 'jacksonville'}]},NO IT WON'T BE SUNNY FRIDAY IN JACKSONVILLE IT'LL BE PARTLY CLOUDY WITH A HIGH OF SEVENTY THREE AND A LOW OF SIXT
c8a7809a-0dea-3752-8add-e2f0d3907307,5.581,./data/cleanstock/c8a7809a-0dea-3752-8add-e2f0d3907307/c8a7809a-0dea-3752-8add-e2f0d3907307.wav,{'action': 'stock'| 'entities': [{'type': 'company'| 'filler': 'chubb'}]},CHUCK CLOSE DOWN 0.23% ON FRIDAY AND *209.1
54b83a6b-901c-393e-9d4a-5f43dbe85073,3.920625,./data/newmock/RedstoneArsenal_sync/54b83a6b-901c-393e-9d4a-5f43dbe85073/54b83a6b-901c-393e-9d4a-5f43dbe85073.wav,{'action': 'weather'| 'entities': [{'type': 'city'| 'filler': 'redstone arsenal'}]},HUMIDITY TOMORROW IN REDSTONE ARSENAL IS PREDICTED TO B
9a17ef1a-57c7-36f6-949b-335fdf31393a,4.3283125,./data/Reminder/9a17ef1a-57c7-36f6-949b-335fdf31393a/9a17ef1a-57c7-36f6-949b-335fdf31393a.wav,{'action': 'reminder'| 'entities': [{'type': 'todo'| 'filler': 'buy laundry detergent'}]}, got it by laundry detergent when do you want to be reminde
9346fa46-a694-3c12-9827-2e7ae239deb1,3.113625,./data/newmock/Toledo_sync/9346fa46-a694-3c12-9827-2e7ae239deb1/9346fa46-a694-3c12-9827-2e7ae239deb1.wav,{'action': 'weather'| 'entities': [{'type': 'city'| 'filler': 'toledo'}]},NO THIS WEEK IN TOLEDO THERE'S NO CHANCE OF SNO
a13df47a-971c-32de-9dc9-fbd8e3c56689,4.3183125,./data/Navigation/cleaned_navi/97sync/a13df47a-971c-32de-9dc9-fbd8e3c56689/a13df47a-971c-32de-9dc9-fbd8e3c56689.wav,{'action': 'navigation'| 'entities': [{'type': 'intent'| 'filler': 'follow sign'}| {'type': 'road'| 'filler': 'i fifteen south'}]}, in 1000 feet keep right at the fork follow signs for i-15 sout
70d78da9-8432-3ef8-b8c7-6db5eab19bbb,4.713,./data/cleantime/70d78da9-8432-3ef8-b8c7-6db5eab19bbb/70d78da9-8432-3ef8-b8c7-6db5eab19bbb.wav,{'action': 'time'| 'entities': [{'type': 'city'| 'filler': 'santa clarita'}]},TIME IN SANTA CLARITA CALIFORNIA IS 6:01 P.M
a64af271-8c3a-3987-872e-ec0c5803ee23,2.0345,./data/newmock/Norfolk_sync/a64af271-8c3a-3987-872e-ec0c5803ee23/a64af271-8c3a-3987-872e-ec0c5803ee23.wav,{'action': 'weather'| 'entities': [{'type': 'city'| 'filler': 'norfolk'}]},YESTERDAY IN NORFOLK IT DIDN'T RAI
affcb479-49d8-3952-8937-3bbab6e97cdc,6.077,./data/cleanair/affcb479-49d8-3952-8937-3bbab6e97cdc/affcb479-49d8-3952-8937-3bbab6e97cdc.wav,{'action': 'air'| 'entities': [{'type': 'city'| 'filler': 'oakland'}]},ACCORDING TO ARE NOW THE AIR QUALITY NEAR THE CENTER OF OAKLAND IS MODERATE WITH AN INDEX OF 5
5cab5662-4a81-3f71-a96a-e7c3eef9c325,6.0110625,./data/newmock/SanJose_sync/5cab5662-4a81-3f71-a96a-e7c3eef9c325/5cab5662-4a81-3f71-a96a-e7c3eef9c325.wav,{'action': 'weather'| 'entities': [{'type': 'city'| 'filler': 'san jose'}]},NO IT WON'T RAIN WEDNESDAY IN SAN JOSE IT'LL BE SUNNY WITH A HIGH OF EIGHTY EIGHT AND A LOW OF FIFTY FIV
3d921f92-e039-3373-b3de-ef394ce842900,3.3301875,./data/ny_navi/3d921f92-e039-3373-b3de-ef394ce84290/3d921f92-e039-3373-b3de-ef394ce84290.wav,{'action': 'navigation'| 'entities': [{'type': 'intent'| 'filler': 'continue'}| {'type': 'road'| 'filler': 'i six seventy-eight north'}]}, CONTINUE ON I-678 NORTH FOR ONE AND A HALF MILE
ca93ce2f-0a57-3173-887c-14f81642bb4f,2.138125,./data/Reminder/ca93ce2f-0a57-3173-887c-14f81642bb4f/ca93ce2f-0a57-3173-887c-14f81642bb4f.wav,{'action': 'reminder'| 'entities': [{'type': 'time'| 'filler': 'tomorrow at three'}]}, i'll remind you tomorrow at 
6182e273-0a75-329a-94ed-383312c5fa7c0,3.671875,./data/ny_navi/6182e273-0a75-329a-94ed-383312c5fa7c/6182e273-0a75-329a-94ed-383312c5fa7c.wav,{'action': 'navigation'| 'entities': [{'type': 'intent'| 'filler': 'turn left'}| {'type': 'road'| 'filler': 'fdr drive'}| {'type': 'road'| 'filler': 'service road east'}]}, UNLESS THEY ARE DRIVE SERVICE ROAD EAS
5d023cd9-25cf-307a-b9e7-cfcec3479080,3.495375,./data/Reminder/5d023cd9-25cf-307a-b9e7-cfcec3479080/5d023cd9-25cf-307a-b9e7-cfcec3479080.wav,{'action': 'reminder'| 'entities': [{'type': 'todo'| 'filler': 'use my wic checks'}]}, use my wic checks when do you want to b
caafa4d0-3d07-3e2e-a365-1eff26b296cc,2.01025,./data/Reminder/caafa4d0-3d07-3e2e-a365-1eff26b296cc/caafa4d0-3d07-3e2e-a365-1eff26b296cc.wav,{'action': 'reminder'| 'entities': [{'type': 'time'| 'filler': 'on monday'}]}, remind me on monda
3b1bbd21-c4fd-3d35-a69b-efba548815a8,3.7033125,./data/newmock/SanFrancisco_sync/3b1bbd21-c4fd-3d35-a69b-efba548815a8/3b1bbd21-c4fd-3d35-a69b-efba548815a8.wav,{'action': 'weather'| 'entities': [{'type': 'city'| 'filler': 'san francisco'}]},SAN FRANCISCO IT FEELS LIKE FORTY EIGHT DUE TO WIND CHIL
ee8e281c-0e7c-391f-9684-a20bff3c27c8,6.8505,./data/newmock/Lubbock_sync/ee8e281c-0e7c-391f-9684-a20bff3c27c8/ee8e281c-0e7c-391f-9684-a20bff3c27c8.wav,{'action': 'weather'| 'entities': [{'type': 'city'| 'filler': 'lubbock'}]},YES TODAY IT'S PREDICTED TO BE WINDY IN LUBBOCK TWENTY SIX KM PER HOUR WINDS ARE FORECAST TO BLOW FROM THE SOUTHEAS
8ad2425b-cbd4-338a-ad01-14e87fdac4c6,5.954,./data/cleanair/8ad2425b-cbd4-338a-ad01-14e87fdac4c6/8ad2425b-cbd4-338a-ad01-14e87fdac4c6.wav,{'action': 'air'| 'entities': [{'type': 'city'| 'filler': 'orlando'}]},ACCORDING TO THE AIR QUALITY NEAR THE CENTER OF ORLANDO IS GOO
507710ef-2ecc-39a4-9a7d-2fef47522e3f,3.59575,./data/Reminder/507710ef-2ecc-39a4-9a7d-2fef47522e3f/507710ef-2ecc-39a4-9a7d-2fef47522e3f.wav,{'action': 'reminder'| 'entities': [{'type': 'todo'| 'filler': 'take the chicken out the oven'}]}, take the chicken out of the oven when do you want to be reminde
9e140d97-fb1b-32c4-8a7c-c02006b497e0,2.6674375,./data/Navigation/cleaned_navi/105sync/9e140d97-fb1b-32c4-8a7c-c02006b497e0/9e140d97-fb1b-32c4-8a7c-c02006b497e0.wav,{'action': 'navigation'| 'entities': [{'type': 'intent'| 'filler': 'take the next right'}| {'type': 'intent'| 'filler': 'destination'}]}, take your next right then you will arrive at your destinatio
d84d48f8-60dd-3b28-8b5d-88d6b86f2496,3.5261875,./data/newmock/FortWorth_sync/d84d48f8-60dd-3b28-8b5d-88d6b86f2496/d84d48f8-60dd-3b28-8b5d-88d6b86f2496.wav,{'action': 'weather'| 'entities': [{'type': 'city'| 'filler': 'fort worth'}]},THE HUMIDITY TODAY IN FORT WORTH IS PREDICTED TO BE EIGHTY TWO PERCEN
754e20fd-126b-3756-8edd-38ee897c6b0a,4.4178125,./data/Reminder/754e20fd-126b-3756-8edd-38ee897c6b0a/754e20fd-126b-3756-8edd-38ee897c6b0a.wav,{'action': 'reminder'| 'entities': [{'type': 'todo'| 'filler': 'pick up library books'}]}, library books when do you want to be reminde
a045b312-2e1b-35ff-a6b2-dec6f4ad9a64,3.951125,./data/newmock/Washington_sync/a045b312-2e1b-35ff-a6b2-dec6f4ad9a64/a045b312-2e1b-35ff-a6b2-dec6f4ad9a64.wav,{'action': 'weather'| 'entities': [{'type': 'city'| 'filler': 'washington'}]},TODAY IN WASHINGTON EXPECT A HIGH OF SIXTY FIVE AND A LOW OF FORTY SI
9e97f48e-4bd3-3570-9b0b-320dc806f8eb,4.8258125,./data/newmock/Irving_sync/9e97f48e-4bd3-3570-9b0b-320dc806f8eb/9e97f48e-4bd3-3570-9b0b-320dc806f8eb.wav,{'action': 'weather'| 'entities': [{'type': 'city'| 'filler': 'irving'}]},TODAY IN IRVING THERE'S A VERY HIGH CHANCE OF RAIN FROM AROUND THREE PM UNTIL AROUND TEN P
3859a578-ea21-3c31-ac05-3af0f244f6c0,4.60625,./data/newmock/Memphis_sync/3859a578-ea21-3c31-ac05-3af0f244f6c0/3859a578-ea21-3c31-ac05-3af0f244f6c0.wav,{'action': 'weather'| 'entities': [{'type': 'city'| 'filler': 'memphis'}]},MEMPHIS TODAY THERE'S PREDICTED TO BE TEN MILE PER HOUR WINDS BLOWING FROM THE NORTHEAS
361dcf01-34a4-357e-bd00-fab393c153f4,1.8144375,./data/newmock/Reno_sync/361dcf01-34a4-357e-bd00-fab393c153f4/361dcf01-34a4-357e-bd00-fab393c153f4.wav,{'action': 'weather'| 'entities': [{'type': 'city'| 'filler': 'reno'}]},NO RAIN IS EXPECTED IN REN
279a2e02-3f11-36e4-994e-906929f21ed9,2.5480625,./data/Reminder/279a2e02-3f11-36e4-994e-906929f21ed9/279a2e02-3f11-36e4-994e-906929f21ed9.wav,{'action': 'reminder'| 'entities': [{'type': 'time'| 'filler': 'tomorrow at six pm'}]}, sure i'll remind you tomorrow at 6 p.m
b6030aa0-8b18-3116-a2be-61f02c1086c1,4.063,./data/Reminder/b6030aa0-8b18-3116-a2be-61f02c1086c1/b6030aa0-8b18-3116-a2be-61f02c1086c1.wav,{'action': 'reminder'| 'entities': [{'type': 'todo'| 'filler': 'call my sister'}]}, call my sister when do you want to be reminde
0e670494-64eb-3671-8dd6-fac430cb1dcb,3.5681875,./data/newmock/Houston_sync/0e670494-64eb-3671-8dd6-fac430cb1dcb/0e670494-64eb-3671-8dd6-fac430cb1dcb.wav,{'action': 'weather'| 'entities': [{'type': 'city'| 'filler': 'houston'}]},TEMPERATURE TONIGHT IN HOUSTON IS PREDICTED TO FREEZ
2d6fb7bb-5876-3aff-aaf2-0c40e13e9af1,4.217,./data/cleansun/2d6fb7bb-5876-3aff-aaf2-0c40e13e9af1/2d6fb7bb-5876-3aff-aaf2-0c40e13e9af1.wav,{'action': 'sun'| 'entities': [{'type': 'city'| 'filler': 'corpus christi'}]},CORPUS CHRISTI TOMORROW SUNSET IS AT 5:39 P.M
f16a0ec9-da79-30dd-ba5d-366e2ab2cb8c,3.02775,./data/newmock/Denver_sync/f16a0ec9-da79-30dd-ba5d-366e2ab2cb8c/f16a0ec9-da79-30dd-ba5d-366e2ab2cb8c.wav,{'action': 'weather'| 'entities': [{'type': 'city'| 'filler': 'denver'}]},TODAY IN DENVER THERE'S ONLY A VERY SLIGHT CHANCE OF RAI
f9c9477c-4f38-32e1-95ef-b270af9c0922,4.837,./data/cleantime/f9c9477c-4f38-32e1-95ef-b270af9c0922/f9c9477c-4f38-32e1-95ef-b270af9c0922.wav,{'action': 'time'| 'entities': [{'type': 'city'| 'filler': 'raleigh'}]},I'M IN RALEIGH NORTH CAROLINA UNITED STATES IS 5:01 A.M
fb747654-23b5-36d4-8671-e35590b91edb,4.54925,./data/Navigation/cleaned_navi/21sync/fb747654-23b5-36d4-8671-e35590b91edb/fb747654-23b5-36d4-8671-e35590b91edb.wav,{'action': 'navigation'| 'entities': [{'type': 'intent'| 'filler': 'take'}| {'type': 'road'| 'filler': 'exit thirty-two'}| {'type': 'intent'| 'filler': 'turn right'}| {'type': 'road'| 'filler': 'carmel mountain road'}]}, take exit 32 then use the right two lanes to turn right onto carmel mountain roa
66794d46-b589-3ce8-aa8c-d1fde3cfe86d,2.01075,./data/Reminder/66794d46-b589-3ce8-aa8c-d1fde3cfe86d/66794d46-b589-3ce8-aa8c-d1fde3cfe86d.wav,{'action': 'reminder'| 'entities': [{'type': 'todo'| 'filler': 'check on my meds'}]}, i'll remind you on wednesda
69c7ced0-b3f0-35c7-acc0-6c5010762dd9,3.59225,./data/newmock/Orlando_sync/69c7ced0-b3f0-35c7-acc0-6c5010762dd9/69c7ced0-b3f0-35c7-acc0-6c5010762dd9.wav,{'action': 'weather'| 'entities': [{'type': 'city'| 'filler': 'orlando'}]},THE FORECAST IN ORLANDO TOMORROW MORNING IS TWENTY DEGREES AND SUNN
fd6a51a2-9e91-3d10-b411-6da33e162d1d0,3.7853125,./data/ny_navi/fd6a51a2-9e91-3d10-b411-6da33e162d1d/fd6a51a2-9e91-3d10-b411-6da33e162d1d.wav,{'action': 'navigation'| 'entities': [{'type': 'intent'| 'filler': 'turn left'}| {'type': 'road'| 'filler': 'one hundred and thirty-five street'}| {'type': 'intent'| 'filler': 'destination'}]}, TURN LEFT ONTO 135TH STREET THEN YOUR DESTINATION WILL BE ON THE RIGH
f2cbd363-768c-3cbb-946d-f86fded44ad1,4.366,./data/Navigation/cleaned_navi/30sync/f2cbd363-768c-3cbb-946d-f86fded44ad1/f2cbd363-768c-3cbb-946d-f86fded44ad1.wav,{'action': 'navigation'| 'entities': [{'type': 'intent'| 'filler': 'turn left'}| {'type': 'road'| 'filler': 'west canyon avenue'}| {'type': 'intent'| 'filler': 'turn left'}| {'type': 'road'| 'filler': 'west canyon avenue'}]}, unless it's on west canyon avenue ventura on west canyon avenu
e179acbe-20a2-368b-9da0-3dfb608614cb,2.5730625,./data/newmock/Chesapeake_sync/e179acbe-20a2-368b-9da0-3dfb608614cb/e179acbe-20a2-368b-9da0-3dfb608614cb.wav,{'action': 'weather'| 'entities': [{'type': 'city'| 'filler': 'chesapeake'}]},THERE'S NO WIND EXPECTED TONIGHT IN CHESAPEAK
c301df1f-543a-3bd8-baae-96354f864b49,2.3098125,./data/Navigation/cleaned_navi/108sync/c301df1f-543a-3bd8-baae-96354f864b49/c301df1f-543a-3bd8-baae-96354f864b49.wav,{'action': 'navigation'| 'entities': [{'type': 'intent'| 'filler': 'take the next right'}| {'type': 'road'| 'filler': 'pacifica drive'}]}, take the next right onto pacifica driv
3ea7736a-cf31-3832-b567-3400f90b7cd9,5.349875,./data/newmock/Atlanta_sync/3ea7736a-cf31-3832-b567-3400f90b7cd9/3ea7736a-cf31-3832-b567-3400f90b7cd9.wav,{'action': 'weather'| 'entities': [{'type': 'city'| 'filler': 'atlanta'}]},NO TONIGHT IS NOT PREDICTED TO BE COLD IN ATLANTA THE TEMPERATURE IS PREDICTED TO BE SIXTY DEGREE
b0d76f26-f253-3acb-985b-71aa507d993b,4.016125,./data/newmock/HuntingtonBeach_sync/b0d76f26-f253-3acb-985b-71aa507d993b/b0d76f26-f253-3acb-985b-71aa507d993b.wav,{'action': 'weather'| 'entities': [{'type': 'city'| 'filler': 'huntington beach'}]},TODAY IN HUNTINGTON BEACH THE HIGH OF TWENTY SIX AND A LOW OF TWELV
63d9f3fd-0c56-351f-994d-2142fa1139de,5.7784375,./data/newmock/Fontana_sync/63d9f3fd-0c56-351f-994d-2142fa1139de/63d9f3fd-0c56-351f-994d-2142fa1139de.wav,{'action': 'weather'| 'entities': [{'type': 'city'| 'filler': 'fontana'}]},NO RAIN IS NOT EXPECTED THIS WEEKEND IN FONTANA THE FORECAST IS TWENTY ONE DEGREES AND MOSTLY SUNN
0ba81490-5257-3c93-8fe0-f643623cfaf40,2.6090625,./data/ny_navi/0ba81490-5257-3c93-8fe0-f643623cfaf4/0ba81490-5257-3c93-8fe0-f643623cfaf4.wav,{'action': 'navigation'| 'entities': [{'type': 'intent'| 'filler': 'turn left'}| {'type': 'road'| 'filler': 'borden avenue'}]}, IN A QUARTER MILE TURN LEFT FOR BORDEN AVENU
c796abf6-2e6a-33bb-bf03-205ae5bae58e,3.539125,./data/newmock/Fayetteville_sync/c796abf6-2e6a-33bb-bf03-205ae5bae58e/c796abf6-2e6a-33bb-bf03-205ae5bae58e.wav,{'action': 'weather'| 'entities': [{'type': 'city'| 'filler': 'fayetteville'}]},TEMPERATURE TONIGHT IN FAYETTEVILLE IS PREDICTED TO BE TWENTY ONE DEGREE
754d4143-da49-3ba1-b5b7-733851e2c44e,3.851875,./data/newmock/Madison_sync/754d4143-da49-3ba1-b5b7-733851e2c44e/754d4143-da49-3ba1-b5b7-733851e2c44e.wav,{'action': 'weather'| 'entities': [{'type': 'city'| 'filler': 'madison'}]},THE FORECAST TOMORROW AFTERNOON IN MADISON IS NINETEEN DEGREES WITH RAI
b1cfbb4d-7dd1-3415-bd1a-3c97a65ec403,3.941125,./data/newmock/ElPaso_sync/b1cfbb4d-7dd1-3415-bd1a-3c97a65ec403/b1cfbb4d-7dd1-3415-bd1a-3c97a65ec403.wav,{'action': 'weather'| 'entities': [{'type': 'city'| 'filler': 'el paso'}]},THE FORECAST IN EL PASO TOMORROW AFTERNOON IS EIGHTY TWO DEGREES AND SUNN
98b6250d-4ae9-3324-bb74-4f835500ea030,4.0235,./data/ny_navi/98b6250d-4ae9-3324-bb74-4f835500ea03/98b6250d-4ae9-3324-bb74-4f835500ea03.wav,{'action': 'navigation'| 'entities': [{'type': 'intent'| 'filler': 'turn left'}| {'type': 'road'| 'filler': 'fdr drive'}| {'type': 'road'| 'filler': 'south street viaduct'}]}, IN A QUARTER MILE SLIGHT LEFT ONTO F E R DRIVE SOUTH STREET VIADUC
91f7627d-9c65-3183-b67d-166cc00195c7,4.58875,./data/newmock/Detroit_sync/91f7627d-9c65-3183-b67d-166cc00195c7/91f7627d-9c65-3183-b67d-166cc00195c7.wav,{'action': 'weather'| 'entities': [{'type': 'city'| 'filler': 'detroit'}]},IT WON'T RAIN THURSDAY MORNING IN DETROIT IT WILL BE FORTY EIGHT DEGREES AND SUNN
dd7ed1b5-dcef-32ff-bbc8-23bd1af2d74f,2.097875,./data/newmock/Winston-Salem_sync/dd7ed1b5-dcef-32ff-bbc8-23bd1af2d74f/dd7ed1b5-dcef-32ff-bbc8-23bd1af2d74f.wav,{'action': 'weather'| 'entities': [{'type': 'city'| 'filler': 'winston salem'}]},HERE'S THE FORECAST FOR WINSTON SALE
4677d919-c650-3462-8b59-33ec881514050,3.1373125,./data/ny_navi/4677d919-c650-3462-8b59-33ec88151405/4677d919-c650-3462-8b59-33ec88151405.wav,{'action': 'navigation'| 'entities': [{'type': 'intent'| 'filler': 'take'}| {'type': 'road'| 'filler': 'i four ninety-five east'}| {'type': 'intent'| 'filler': 'continue '}| {'type': 'road'| 'filler': 'exit thirty-five b'}]}, IS THE RIGHT LANE TO TAKE THE I-495 EAST EXIT THEN KEEP RIGHT AT THE FORK TO CONTINUE ON EXIT 35 
044eb6dc-fe74-3ac4-8b03-e230c14f3684,3.9695,./data/newmock/Portland_sync/044eb6dc-fe74-3ac4-8b03-e230c14f3684/044eb6dc-fe74-3ac4-8b03-e230c14f3684.wav,{'action': 'weather'| 'entities': [{'type': 'city'| 'filler': 'portland'}]},THURSDAY IN PORTLAND EXPECT A HIGH OF SEVENTY EIGHT AND A LOW OF FIFTY FIV
59780c2d-898a-3142-a1f3-5277fc51610a,4.075375,./data/Reminder/59780c2d-898a-3142-a1f3-5277fc51610a/59780c2d-898a-3142-a1f3-5277fc51610a.wav,{'action': 'reminder'| 'entities': [{'type': 'todo'| 'filler': 'pick up the kids'}]}, pick up the kids when do you want to be reminde
d3d0a9bc-a108-35dc-9134-48004b7a65c8,6.822,./data/cleanstock/d3d0a9bc-a108-35dc-9134-48004b7a65c8/d3d0a9bc-a108-35dc-9134-48004b7a65c8.wav,{'action': 'stock'| 'entities': [{'type': 'company'| 'filler': 'booking holdings'}]},"BOOKING HOLDINGS CLOSED AT 0.36% YESTERDAY AT *1,865.8"
aaf816d0-b932-37d8-8089-7f0388aece01,3.1343125,./data/newmock/Hialeah_sync/aaf816d0-b932-37d8-8089-7f0388aece01/aaf816d0-b932-37d8-8089-7f0388aece01.wav,{'action': 'weather'| 'entities': [{'type': 'city'| 'filler': 'hialeah'}]},NO THIS WEEK IN HIALEAH THERE'S NO CHANCE OF SNO
af5bfd86-0dd7-3717-b241-c95f2f3bcbaa0,3.4084375,./data/ny_navi/af5bfd86-0dd7-3717-b241-c95f2f3bcbaa/af5bfd86-0dd7-3717-b241-c95f2f3bcbaa.wav,{'action': 'navigation'| 'entities': [{'type': 'intent'| 'filler': 'stay'}| {'type': 'road'| 'filler': 'i two seventy-eight east'}]}, IN A QUARTER MILE KEEP LEFT TO STAY ON I-278 EAS
19bf4abd-0004-34cd-921b-6f01d1c4717a0,4.2086875,./data/ny_navi/19bf4abd-0004-34cd-921b-6f01d1c4717a/19bf4abd-0004-34cd-921b-6f01d1c4717a.wav,{'action': 'navigation'| 'entities': [{'type': 'intent'| 'filler': 'take'}| {'type': 'road'| 'filler': 'exit'}| {'type': 'road'| 'filler': 'i four ninety-five east'}]}, IN A QUARTER MILE USE THE RIGHT LANE TO TAKE THE EXIT TOWARD I-495 EAST EASTERN LONG ISLAN
97f968df-7bca-3bd7-a88c-fc6852a572bb,5.334,./data/cleantime/97f968df-7bca-3bd7-a88c-fc6852a572bb/97f968df-7bca-3bd7-a88c-fc6852a572bb.wav,{'action': 'time'| 'entities': [{'type': 'city'| 'filler': 'baton rouge'}]},TIME IN BATON ROUGE LOUISIANA UNITED STATES IS 4:32 A.M
380c873d-eefe-363a-880c-4af907352f98,3.6380625,./data/newmock/Milwaukee_sync/380c873d-eefe-363a-880c-4af907352f98/380c873d-eefe-363a-880c-4af907352f98.wav,{'action': 'weather'| 'entities': [{'type': 'city'| 'filler': 'milwaukee'}]},MILWAUKEE TODAY YOU CAN EXPECT A HIGH OF SIXTY SEVEN DEGREE
f3484e67-4071-3abb-a347-a77f843c91de,4.1284375,./data/Reminder/f3484e67-4071-3abb-a347-a77f843c91de/f3484e67-4071-3abb-a347-a77f843c91de.wav,{'action': 'reminder'| 'entities': [{'type': 'todo'| 'filler': 'clean litter box'}]}, clean the litter box this will be for tomorrow at what tim
10acc53d-f53a-395f-86c6-f9e3a46c9bb2,3.845,./data/cleansun/10acc53d-f53a-395f-86c6-f9e3a46c9bb2/10acc53d-f53a-395f-86c6-f9e3a46c9bb2.wav,{'action': 'sun'| 'entities': [{'type': 'city'| 'filler': 'riverside'}]},IN RIVERSIDE TOMORROW SUNRISE IS AT 6:18 A.M
1577cbba-3370-34df-86b4-76fef3658bcf,7.69,./data/cleanair/1577cbba-3370-34df-86b4-76fef3658bcf/1577cbba-3370-34df-86b4-76fef3658bcf.wav,{'action': 'air'| 'entities': [{'type': 'city'| 'filler': 'san jose'}]},ACCORDING TO ARE NOW THE AIR QUALITY NEAR THE CENTER OF SAN JOSE IS MODERATE WITH AN INDEX RANGING FROM 64 TO 7
2b0d8d48-d136-3102-ac3f-9431ceed85010,3.1231875,./data/ny_navi/2b0d8d48-d136-3102-ac3f-9431ceed8501/2b0d8d48-d136-3102-ac3f-9431ceed8501.wav,{'action': 'navigation'| 'entities': [{'type': 'intent'| 'filler': 'stay'}| {'type': 'road'| 'filler': 'grand central parkway'}]}, IN A QUARTER MILE KEEP LEFT TO STAY ON GRAND CENTRAL PARKWA
03f61cc3-f520-3c1c-9927-907b0f060abb,3.02975,./data/Reminder/03f61cc3-f520-3c1c-9927-907b0f060abb/03f61cc3-f520-3c1c-9927-907b0f060abb.wav,{'action': 'reminder'| 'entities': [{'type': 'todo'| 'filler': 'go to the airport'}]}, go to the airpor
28d64873-57f1-3a8c-b45a-cb7affb3a589,3.756625,./data/newmock/LongBeach_sync/28d64873-57f1-3a8c-b45a-cb7affb3a589/28d64873-57f1-3a8c-b45a-cb7affb3a589.wav,{'action': 'weather'| 'entities': [{'type': 'city'| 'filler': 'long beach'}]},TEMPERATURE IN LONG BEACH TOMORROW MORNING WILL BE SIXTEEN DEGREES CELSIU
ff75794b-e370-34f9-b3d9-7dd5cdcb82f1,4.0908125,./data/newmock/Jacksonville_sync/ff75794b-e370-34f9-b3d9-7dd5cdcb82f1/ff75794b-e370-34f9-b3d9-7dd5cdcb82f1.wav,{'action': 'weather'| 'entities': [{'type': 'city'| 'filler': 'jacksonville'}]},JACKSONVILLE TOMORROW AT SIX P
e46eafa2-9460-3bde-8ef0-5949634e5f9a,3.924625,./data/newmock/Norfolk_sync/e46eafa2-9460-3bde-8ef0-5949634e5f9a/e46eafa2-9460-3bde-8ef0-5949634e5f9a.wav,{'action': 'weather'| 'entities': [{'type': 'city'| 'filler': 'norfolk'}]},THERE'S NO SNOW EXPECTED TODAY IN NORFOLK IT'LL BE MOSTLY SUNN
636f2767-be18-3ddc-a0e9-0184aec39bcf,2.2104375,./data/Reminder/636f2767-be18-3ddc-a0e9-0184aec39bcf/636f2767-be18-3ddc-a0e9-0184aec39bcf.wav,{'action': 'reminder'| 'entities': [{'type': 'time'| 'filler': 'on wednesday at four pm'}]}, i'll remind you tomorrow at 
643c4d63-8805-3e25-b377-c168efb7d37e0,4.2529375,./data/ny_navi/643c4d63-8805-3e25-b377-c168efb7d37e/643c4d63-8805-3e25-b377-c168efb7d37e.wav,{'action': 'navigation'| 'entities': [{'type': 'intent'| 'filler': 'follow sign'}| {'type': 'road'| 'filler': 'woodhaven boulevard'}| {'type': 'road'| 'filler': 'rockaways'}]}, IN A QUARTER MILE KEEP RIGHT FOLLOW SIGNS FOR WOODHAVEN BOULEVARD ROCKAWAY
04789707-04bb-3296-8a7a-7ff0b3abe0ba,5.085,./data/cleantime/04789707-04bb-3296-8a7a-7ff0b3abe0ba/04789707-04bb-3296-8a7a-7ff0b3abe0ba.wav,{'action': 'time'| 'entities': [{'type': 'city'| 'filler': 'arlington'}]},TIME IN ARLINGTON TEXAS UNITED STATES IS 2:57 P.M
68b3c811-a493-324f-bd5b-e2fae0d6b76e,3.9888125,./data/newmock/ChulaVista_sync/68b3c811-a493-324f-bd5b-e2fae0d6b76e/68b3c811-a493-324f-bd5b-e2fae0d6b76e.wav,{'action': 'weather'| 'entities': [{'type': 'city'| 'filler': 'chula vista'}]},THE FORECAST IN CHULA VISTA TOMORROW MORNING IS SEVENTEEN DEGREES AND SUNN
61f866cf-9c9e-3fb2-bace-0f5b93a72385,3.0684375,./data/newmock/Columbus_sync/61f866cf-9c9e-3fb2-bace-0f5b93a72385/61f866cf-9c9e-3fb2-bace-0f5b93a72385.wav,{'action': 'weather'| 'entities': [{'type': 'city'| 'filler': 'columbus'}]},NO THIS WEEKEND COLUMBUS THERE'S NO CHANCE OF SNO
dc7a247b-9841-3140-8e41-ddc182c693c5,4.198625,./data/newmock/SanDiego_sync/dc7a247b-9841-3140-8e41-ddc182c693c5/dc7a247b-9841-3140-8e41-ddc182c693c5.wav,{'action': 'weather'| 'entities': [{'type': 'city'| 'filler': 'san diego'}]},SAN DIEGO MONDAY EXPECT A HIGH OF SIXTY FOUR AND A LOW OF FIFTY EIGH
573266ee-c87b-3d00-b047-52d5fe78ebf7,3.1351875,./data/newmock/Sacramento_sync/573266ee-c87b-3d00-b047-52d5fe78ebf7/573266ee-c87b-3d00-b047-52d5fe78ebf7.wav,{'action': 'weather'| 'entities': [{'type': 'city'| 'filler': 'sacramento'}]},THIS WEEK IN SACRAMENTO IT DOESN'T LOOK LIKE IT'S GOING TO RAI
2e01aa7c-ef2d-378c-a2dc-bae30cff74340,3.6548125,./data/ny_navi/2e01aa7c-ef2d-378c-a2dc-bae30cff7434/2e01aa7c-ef2d-378c-a2dc-bae30cff7434.wav,{'action': 'navigation'| 'entities': [{'type': 'intent'| 'filler': 'turn right'}| {'type': 'road'| 'filler': 'ten avenue'}| {'type': 'intent'| 'filler': 'turn left'}| {'type': 'road'| 'filler': 'west thirty-five street'}]}, TURN RIGHT ONTO 10TH AVENUE THEN TURN LEFT ONTO WEST 35TH STREE
d8944779-a90d-3d7c-8183-b34fce4631170,3.2311875,./data/ny_navi/d8944779-a90d-3d7c-8183-b34fce463117/d8944779-a90d-3d7c-8183-b34fce463117.wav,{'action': 'navigation'| 'entities': [{'type': 'intent'| 'filler': 'continue'}| {'type': 'road'| 'filler': 'new york twenty-five east'}]}, ANYONE YOU ARE 25 AMP FOR ONE AND A HALF MILE
eacb1f8d-19c7-34fb-aa1c-f502522dbcbe,3.228625,./data/Navigation/cleaned_navi/172sync/eacb1f8d-19c7-34fb-aa1c-f502522dbcbe/eacb1f8d-19c7-34fb-aa1c-f502522dbcbe.wav,{'action': 'navigation'| 'entities': [{'type': 'intent'| 'filler': 'stay'}| {'type': 'road'| 'filler': 'gilman drive'}]}, and the left two lanes to turn left to stay on gilman driv
289f8326-2fcc-33b7-9945-7d1ca9d147d9,3.7559375,./data/newmock/Indianapolis_sync/289f8326-2fcc-33b7-9945-7d1ca9d147d9/289f8326-2fcc-33b7-9945-7d1ca9d147d9.wav,{'action': 'weather'| 'entities': [{'type': 'city'| 'filler': 'indianapolis'}]},HUMIDITY TODAY IN INDIANAPOLIS IS PREDICTED TO BE THIRTY TWO PERCEN
d6ead45e-c98e-386e-9b64-7461f271d330,2.3398125,./data/newmock/Seattle_sync/d6ead45e-c98e-386e-9b64-7461f271d330/d6ead45e-c98e-386e-9b64-7461f271d330.wav,{'action': 'weather'| 'entities': [{'type': 'city'| 'filler': 'seattle'}]},RAIN IS EXPECTED ON TUESDAY IN SEATTL
e510dcfa-777a-3221-81c7-1365726df420,4.4676875,./data/Reminder/e510dcfa-777a-3221-81c7-1365726df420/e510dcfa-777a-3221-81c7-1365726df420.wav,{'action': 'reminder'| 'entities': [{'type': 'todo'| 'filler': 'pick up contact lenses'}]}, contact when do you want to be reminde
7100f28f-ec0e-3056-925a-1917f75707d7,4.0765,./data/Navigation/cleaned_navi/37sync/7100f28f-ec0e-3056-925a-1917f75707d7/7100f28f-ec0e-3056-925a-1917f75707d7.wav,{'action': 'navigation'| 'entities': [{'type': 'intent'| 'filler': 'turn left'}| {'type': 'road'| 'filler': 'nobel drive'}]}, nobel drive turn left onto nobel driv
90da04e1-b5f1-3afe-ba04-4f111aa4f31b,1.9220625,./data/Navigation/cleaned_navi/159sync/90da04e1-b5f1-3afe-ba04-4f111aa4f31b/90da04e1-b5f1-3afe-ba04-4f111aa4f31b.wav,{'action': 'navigation'| 'entities': [{'type': 'intent'| 'filler': 'turn right'}| {'type': 'road'| 'filler': 'mira mesa boulevard'}]}, turn right onto mira mesa boulevar
db9536c9-f5b0-35d1-bbec-9d179feb7d6e,3.2405,./data/newmock/Detroit_sync/db9536c9-f5b0-35d1-bbec-9d179feb7d6e/db9536c9-f5b0-35d1-bbec-9d179feb7d6e.wav,{'action': 'weather'| 'entities': [{'type': 'city'| 'filler': 'detroit'}]},NO THIS AFTERNOON IN DETROIT THERE'S NO CHANCE OF SNO
a3ed50d8-885a-30b7-b4f5-364e246ece020,4.931,./data/ny_navi/a3ed50d8-885a-30b7-b4f5-364e246ece02/a3ed50d8-885a-30b7-b4f5-364e246ece02.wav,{'action': 'navigation'| 'entities': [{'type': 'intent'| 'filler': 'follow sign'}| {'type': 'road'| 'filler': 'i four ninety-five west'}| {'type': 'road'| 'filler': 'midtown tunnel'}]}, IN A QUARTER MILE KEEP LEFT FOLLOW SIGNS FOR I-495 WEST MIDTOWN TUNNE
c301df1f-543a-3bd8-baae-96354f864b490,2.7301875,./data/ny_navi/c301df1f-543a-3bd8-baae-96354f864b49/c301df1f-543a-3bd8-baae-96354f864b49.wav,{'action': 'navigation'| 'entities': [{'type': 'intent'| 'filler': 'continue'}| {'type': 'road'| 'filler': 'fdr drive'}]}, CONTINUE ON XBR DRIVE FOR THREE-QUARTERS OF A MIL
a95a1515-ec58-3b8b-b763-6451cf9cc59a,4.229125,./data/Reminder/a95a1515-ec58-3b8b-b763-6451cf9cc59a/a95a1515-ec58-3b8b-b763-6451cf9cc59a.wav,{'action': 'reminder'| 'entities': [{'type': 'todo'| 'filler': 'get laundry detergent'}]}, get laundry detergent when do you want to be reminde
be5c7eb8-2683-3956-beab-107576e3c3890,2.486,./data/ny_navi/be5c7eb8-2683-3956-beab-107576e3c389/be5c7eb8-2683-3956-beab-107576e3c389.wav,{'action': 'navigation'| 'entities': [{'type': 'intent'| 'filler': 'turn left'}| {'type': 'road'| 'filler': 'second avenue'}]}, IN A QUARTER MILE TURN LEFT ONTO 2ND AVENU
a20f173f-ec42-32bd-aac6-a42b29606115,2.894375,./data/Navigation/cleaned_navi/84sync/a20f173f-ec42-32bd-aac6-a42b29606115/a20f173f-ec42-32bd-aac6-a42b29606115.wav,{'action': 'navigation'| 'entities': [{'type': 'intent'| 'filler': 'turn left'}| {'type': 'road'| 'filler': 'kearny villa road'}]}, is any lane to turn left onto kearny villa roa
77fd6304-1f3b-3d07-b4d4-e03fd7632d7b,5.734125,./data/newmock/Riverside_sync/77fd6304-1f3b-3d07-b4d4-e03fd7632d7b/77fd6304-1f3b-3d07-b4d4-e03fd7632d7b.wav,{'action': 'weather'| 'entities': [{'type': 'city'| 'filler': 'riverside'}]},NO IT WON'T BE WINDY IN RIVERSIDE TOMORROW TWENTY ONE KILOMETERS PER HOUR WINDS WILL BLOW FROM THE WES
4cb82005-3232-33c6-a432-7bf50d0b6ff9,8.5075625,./data/newmock/Wichita_sync/4cb82005-3232-33c6-a432-7bf50d0b6ff9/4cb82005-3232-33c6-a432-7bf50d0b6ff9.wav,{'action': 'weather'| 'entities': [{'type': 'city'| 'filler': 'wichita'}]},THERE'S A MODERATE CHANCE OF RAIN FROM NOW UNTIL MORNING AND WICHITA TONIGHT THERE'S A GOOD CHANCE OF SCATTERED RAIN TOMORROW STARTING AT ABOUT SIX A.M. AND CONTINUING THROUGH THE NIGH
5ffa5d6b-d13e-3845-9a4b-df61ed80b2c5,2.875125,./data/newmock/LasVegas_sync/5ffa5d6b-d13e-3845-9a4b-df61ed80b2c5/5ffa5d6b-d13e-3845-9a4b-df61ed80b2c5.wav,{'action': 'weather'| 'entities': [{'type': 'city'| 'filler': 'las vegas'}]},ON THURSDAY IN LAS VEGAS THERE'S NO CHANCE OF SNO
c07519ba-a65a-374b-a908-e70827248213,7.069,./data/cleanair/c07519ba-a65a-374b-a908-e70827248213/c07519ba-a65a-374b-a908-e70827248213.wav,{'action': 'air'| 'entities': [{'type': 'city'| 'filler': 'el paso'}]},ACCORDING TO THE AIR QUALITY NEAR THE CENTER OF EL PASO IS GOOD WITH AN INDEX RANGING FROM 10 TO 2
fb00522f-130d-3cf5-9eb9-78a6d60e73b50,1.5823125,./data/ny_navi/fb00522f-130d-3cf5-9eb9-78a6d60e73b5/fb00522f-130d-3cf5-9eb9-78a6d60e73b5.wav,{'action': 'navigation'| 'entities': [{'type': 'intent'| 'filler': 'destination'}]}, YOUR DESTINATION IS ON THE LEF
501e2225-993c-3321-89e8-8bb5d14a1650,4.47275,./data/newmock/Aurora_sync/501e2225-993c-3321-89e8-8bb5d14a1650/501e2225-993c-3321-89e8-8bb5d14a1650.wav,{'action': 'weather'| 'entities': [{'type': 'city'| 'filler': 'aurora'}]},IT WON'T RAIN IN AURORA TOMORROW MORNING IT'LL BE TWELVE DEGREES AND CLOUD
85f8d47b-a853-3a6a-adc6-10f71274ed88,4.713,./data/cleantime/85f8d47b-a853-3a6a-adc6-10f71274ed88/85f8d47b-a853-3a6a-adc6-10f71274ed88.wav,{'action': 'time'| 'entities': [{'type': 'city'| 'filler': 'detroit'}]},
a670e2f2-971a-3a27-9ccf-28398e931871,6.6115625,./data/newmock/SaintPaul_sync/a670e2f2-971a-3a27-9ccf-28398e931871/a670e2f2-971a-3a27-9ccf-28398e931871.wav,{'action': 'weather'| 'entities': [{'type': 'city'| 'filler': 'saint paul'}]},NO THE SUN IS NOT FORECAST TO BE OUT IN SAINT PAUL TODAY THEY'LL BE THUNDERSTORMS WITH A FORECASTED HIGH O
3532949a-d6b0-3e53-95ce-5c52f61386fe,6.0101875,./data/newmock/Orlando_sync/3532949a-d6b0-3e53-95ce-5c52f61386fe/3532949a-d6b0-3e53-95ce-5c52f61386fe.wav,{'action': 'weather'| 'entities': [{'type': 'city'| 'filler': 'orlando'}]},NO IT WON'T RAIN IN ORLANDO TUESDAY IT'LL BE SUNNY WITH A HIGH OF THIRTY THREE AND A LITTLE OF NINETEE
59e0da73-6bb7-3f36-ac60-b6067798dd0c,2.918625,./data/Navigation/cleaned_navi/33sync/59e0da73-6bb7-3f36-ac60-b6067798dd0c/59e0da73-6bb7-3f36-ac60-b6067798dd0c.wav,{'action': 'navigation'| 'entities': [{'type': 'intent'| 'filler': 'continue'}| {'type': 'road'| 'filler': 'vista sorrento parkway'}]}, continue on vista sorrento parkway for 2 mile
810153bd-e67f-3542-8460-ad96b0e059b9,3.597,./data/cleansun/810153bd-e67f-3542-8460-ad96b0e059b9/810153bd-e67f-3542-8460-ad96b0e059b9.wav,{'action': 'sun'| 'entities': [{'type': 'city'| 'filler': 'nashville'}]},NASHVILLE TODAY SUNRISE IS AT 6:20 A.M
fd91c3b1-edac-3d04-b187-1df2dde5059b,2.6384375,./data/Navigation/cleaned_navi/255sync/fd91c3b1-edac-3d04-b187-1df2dde5059b/fd91c3b1-edac-3d04-b187-1df2dde5059b.wav,{'action': 'navigation'| 'entities': [{'type': 'intent'| 'filler': 'turn right'}| {'type': 'road'| 'filler': 'balboa avenue'}]}, in a quarter mile turn right onto balboa avenu
5580eb0d-6dda-3da1-bbaa-3fc2da87ca59,3.851875,./data/Navigation/cleaned_navi/114sync/5580eb0d-6dda-3da1-bbaa-3fc2da87ca59/5580eb0d-6dda-3da1-bbaa-3fc2da87ca59.wav,{'action': 'navigation'| 'entities': [{'type': 'intent'| 'filler': 'take'}| {'type': 'road'| 'filler': 'exit twenty-three'}| {'type': 'intent'| 'filler': 'keep left'}]}, at the right two lanes to take exit 23 then keep left at the for
708ec9c8-fdd9-39ae-911c-410544de7ff0,3.43475,./data/newmock/Philadelphia_sync/708ec9c8-fdd9-39ae-911c-410544de7ff0/708ec9c8-fdd9-39ae-911c-410544de7ff0.wav,{'action': 'weather'| 'entities': [{'type': 'city'| 'filler': 'philadelphia'}]},TODAY'S LOW IN PHILADELPHIA IS PREDICTED TO BE FORTY THREE DEGREE
ccdc9041-3ee0-3eb4-a0dd-e4d295861807,1.602625,./data/Navigation/cleaned_navi/128sync/ccdc9041-3ee0-3eb4-a0dd-e4d295861807/ccdc9041-3ee0-3eb4-a0dd-e4d295861807.wav,{'action': 'navigation'| 'entities': [{'type': 'intent'| 'filler': 'turn left'}| {'type': 'road'| 'filler': 'regents road'}]}, turn left onto regent roa
e1537992-891d-30eb-89c7-c309b5907e25,6.575,./data/cleanstock/e1537992-891d-30eb-89c7-c309b5907e25/e1537992-891d-30eb-89c7-c309b5907e25.wav,{'action': 'stock'| 'entities': [{'type': 'company'| 'filler': 'enterprise products partners lp'}]},ENTERPRISE PRODUCTS PARTNERS LP CLOSED DOWN 0.59% AT *25.1
45d347da-c2ab-3501-b25e-25e92d5cc601,3.984875,./data/Reminder/45d347da-c2ab-3501-b25e-25e92d5cc601/45d347da-c2ab-3501-b25e-25e92d5cc601.wav,{'action': 'reminder'| 'entities': [{'type': 'todo'| 'filler': 'check the pasta'}]}, all right check the pasta when do you want to be reminde
d14e41cb-a28e-3174-bbd5-b0251c0d92d2,2.9299375,./data/Navigation/cleaned_navi/69sync/d14e41cb-a28e-3174-bbd5-b0251c0d92d2/d14e41cb-a28e-3174-bbd5-b0251c0d92d2.wav,{'action': 'navigation'| 'entities': [{'type': 'intent'| 'filler': 'turn left'}| {'type': 'road'| 'filler': 'miramar road'}]}, are the left two lanes to turn left onto miramar roa
de4e3192-2e20-3220-9444-a671f728efab,6.45,./data/cleanstock/de4e3192-2e20-3220-9444-a671f728efab/de4e3192-2e20-3220-9444-a671f728efab.wav,{'action': 'stock'| 'entities': [{'type': 'company'| 'filler': 'colgate palmolive company'}]},I'LL GET PALMOLIVE COMPANY CLOSED DOWN 0.54% TODAY AND *72.3
cc4488b5-f595-3b51-81b0-4c96b983b13e,6.445125,./data/newmock/Frisco_sync/cc4488b5-f595-3b51-81b0-4c96b983b13e/cc4488b5-f595-3b51-81b0-4c96b983b13e.wav,{'action': 'weather'| 'entities': [{'type': 'city'| 'filler': 'frisco'}]},YES IT'LL RAIN IN FRISCO TODAY FROM NINE PM TO FOUR A.M. THERE IS CURRENTLY A FLASH FLOOD WATCH IN EFFEC
108bdf14-0b03-3015-862d-5b263fdc886d,5.83,./data/cleanair/108bdf14-0b03-3015-862d-5b263fdc886d/108bdf14-0b03-3015-862d-5b263fdc886d.wav,{'action': 'air'| 'entities': [{'type': 'city'| 'filler': 'new orleans'}]},ACCORDING TO THE AIR QUALITY NEAR THE CENTER OF NEW ORLEANS IS GOOD WITH AN INDEX OF 
83c9a0c5-93a5-3eb5-9314-c77462b02296,2.2938125,./data/Navigation/cleaned_navi/12sync/83c9a0c5-93a5-3eb5-9314-c77462b02296/83c9a0c5-93a5-3eb5-9314-c77462b02296.wav,{'action': 'navigation'| 'entities': [{'type': 'intent'| 'filler': 'take the next right'}| {'type': 'road'| 'filler': 'camino santa fe'}]}, take the next right onto camino santa f
84caa7a1-a0fc-3948-8d82-6a691fef6c1f,2.3289375,./data/Navigation/cleaned_navi/109sync/84caa7a1-a0fc-3948-8d82-6a691fef6c1f/84caa7a1-a0fc-3948-8d82-6a691fef6c1f.wav,{'action': 'navigation'| 'entities': [{'type': 'intent'| 'filler': 'take the next right'}| {'type': 'road'| 'filler': 'kearny villa road'}]}, taylor road take the next right onto kearny villa roa
184d259a-aea6-3bae-a9bc-e64296deefc3,2.6965,./data/newmock/SantaAna_sync/184d259a-aea6-3bae-a9bc-e64296deefc3/184d259a-aea6-3bae-a9bc-e64296deefc3.wav,{'action': 'weather'| 'entities': [{'type': 'city'| 'filler': 'santa ana'}]},A GOOD CHANCE OF RAIN IN SANTA ANA RAIN TONIGH
381f50e3-9c86-36ef-82a4-51b485be0507,4.0883125,./data/newmock/Fayetteville_sync/381f50e3-9c86-36ef-82a4-51b485be0507/381f50e3-9c86-36ef-82a4-51b485be0507.wav,{'action': 'weather'| 'entities': [{'type': 'city'| 'filler': 'fayetteville'}]},PROBABLY NOT TODAY IN FAYETTEVILLE THERE'S ONLY A VERY SLIGHT CHANCE OF RAI
326b8008-ca33-3368-8abc-884ce04c4881,5.911625,./data/newmock/SanAntonio_sync/326b8008-ca33-3368-8abc-884ce04c4881/326b8008-ca33-3368-8abc-884ce04c4881.wav,{'action': 'weather'| 'entities': [{'type': 'city'| 'filler': 'san antonio'}]},TONIGHT IN SAN ANTONIO THERE'S A MODERATE CHANCE OF SCATTERED RAIN STARTING AROUND SIX PM AND CONTINUING THROUGH THE NIGH
40362d24-1de9-3e2e-af69-2e45fc846c04,4.6003125,./data/newmock/Aurora_sync/40362d24-1de9-3e2e-af69-2e45fc846c04/40362d24-1de9-3e2e-af69-2e45fc846c04.wav,{'action': 'weather'| 'entities': [{'type': 'city'| 'filler': 'aurora'}]},TODAY IN AURORA THERE'S A GOOD CHANCE OF RAIN FROM AROUND TWO PM UNTIL AROUND TEN P
9d2bff3c-59ef-3136-bf9b-87bc3b8289e8,8.88075,./data/newmock/OklahomaCity_sync/9d2bff3c-59ef-3136-bf9b-87bc3b8289e8/9d2bff3c-59ef-3136-bf9b-87bc3b8289e8.wav,{'action': 'weather'| 'entities': [{'type': 'city'| 'filler': 'oklahoma city'}]},ALTHOUGH THERE'S ONLY A VERY SLIGHT CHANCE OF RAIN IN OKLAHOMA CITY ON WEDNESDAY THERE'S A MODERATE CHANCE OF RAIN THE DAY AFTER TOMORROW STARTING AT ABOUT THREE A.M. AND CONTINUING THROUGH THE NIGH
9bf4ff41-a675-3ce8-868a-e393a190a1940,2.9324375,./data/ny_navi/9bf4ff41-a675-3ce8-868a-e393a190a194/9bf4ff41-a675-3ce8-868a-e393a190a194.wav,{'action': 'navigation'| 'entities': [{'type': 'intent'| 'filler': 'continue'}| {'type': 'road'| 'filler': 'i two seventy-eight west'}]}, CONTINUE ON I-278 WEST FOR 2 MILE
1543cc9e-10c2-3343-9975-f0c027ef5b28,4.093,./data/cleansun/1543cc9e-10c2-3343-9975-f0c027ef5b28/1543cc9e-10c2-3343-9975-f0c027ef5b28.wav,{'action': 'sun'| 'entities': [{'type': 'city'| 'filler': 'st petersburg'}]},SAINT PETERSBURG TODAY SUNSET IS AT 5:40 P.M
fc9882b0-db4d-3b88-8b79-25417c79f8ef,3.7885625,./data/newmock/Lubbock_sync/fc9882b0-db4d-3b88-8b79-25417c79f8ef/fc9882b0-db4d-3b88-8b79-25417c79f8ef.wav,{'action': 'weather'| 'entities': [{'type': 'city'| 'filler': 'lubbock'}]},TEMPERATURE IN LUBBOCK THIS AFTERNOON IS PREDICTED TO BE TWENTY FOUR DEGREE
3388fdc1-379b-3bb5-9315-f0d35f26b075,3.969,./data/cleantime/3388fdc1-379b-3bb5-9315-f0d35f26b075/3388fdc1-379b-3bb5-9315-f0d35f26b075.wav,{'action': 'time'| 'entities': [{'type': 'city'| 'filler': 'north las vegas'}]},TIME IN NORTH LAS VEGAS IS 2:59 A.M
72db288c-6ba1-3069-8ef5-9a6e893d60b6,6.202,./data/cleanstock/72db288c-6ba1-3069-8ef5-9a6e893d60b6/72db288c-6ba1-3069-8ef5-9a6e893d60b6.wav,{'action': 'stock'| 'entities': [{'type': 'company'| 'filler': 'nvidia corporation'}]},5% TODAY 134
b10c9224-5b19-322f-8e65-c4a38cdd1b35,2.5466875,./data/newmock/Fresno_sync/b10c9224-5b19-322f-8e65-c4a38cdd1b35/b10c9224-5b19-322f-8e65-c4a38cdd1b35.wav,{'action': 'weather'| 'entities': [{'type': 'city'| 'filler': 'fresno'}]},THIS WEEK IN FRESNO THERE'S NO CHANCE OF SNO
6fb518b2-2c65-3b29-9edd-a0936f665472,4.88925,./data/newmock/Raleigh_sync/6fb518b2-2c65-3b29-9edd-a0936f665472/6fb518b2-2c65-3b29-9edd-a0936f665472.wav,{'action': 'weather'| 'entities': [{'type': 'city'| 'filler': 'raleigh'}]},NO IT WON'T BE HOT FRIDAY AFTERNOON IN RALEIGH THE TEMPERATURE WILL BE SEVENTY ONE DEGREE
f0b022ac-239f-3457-80c8-dbeccdd94b27,2.757,./data/newmock/Norfolk_sync/f0b022ac-239f-3457-80c8-dbeccdd94b27/f0b022ac-239f-3457-80c8-dbeccdd94b27.wav,{'action': 'weather'| 'entities': [{'type': 'city'| 'filler': 'norfolk'}]},THIS WEEK IN NORFOLK THERE'S ONLY A LOW CHANCE OF RAI
c692f8da-3f27-336b-bde6-dbf3c85eec94,4.385125,./data/Reminder/c692f8da-3f27-336b-bde6-dbf3c85eec94/c692f8da-3f27-336b-bde6-dbf3c85eec94.wav,{'action': 'reminder'| 'entities': [{'type': 'todo'| 'filler': 'stop by my parents house'}]}, stop by my parent's house when do you want to be reminde
286cc389-f440-3868-8abd-a114d9665080,4.11175,./data/newmock/Winston-Salem_sync/286cc389-f440-3868-8abd-a114d9665080/286cc389-f440-3868-8abd-a114d9665080.wav,{'action': 'weather'| 'entities': [{'type': 'city'| 'filler': 'winston salem'}]},PROBABLY NOT THIS WEEK IN WINSTON SALEM THERE'S ONLY A LOW CHANCE OF RAI
d8b5c906-f567-3079-b240-8d8b43332173,2.671125,./data/Reminder/d8b5c906-f567-3079-b240-8d8b43332173/d8b5c906-f567-3079-b240-8d8b43332173.wav,{'action': 'reminder'| 'entities': [{'type': 'time'| 'filler': 'at seven'}]}, i'll remind you at
0c1ef1ea-4def-35ff-8c5a-f0aa7c2a760f,2.7745625,./data/Navigation/cleaned_navi/255sync/0c1ef1ea-4def-35ff-8c5a-f0aa7c2a760f/0c1ef1ea-4def-35ff-8c5a-f0aa7c2a760f.wav,{'action': 'navigation'| 'entities': [{'type': 'intent'| 'filler': 'continue'}| {'type': 'road'| 'filler': 'kearny villa road'}]}, continue on kearny villa road for 2 mile
b08f1e02-9b49-3ad5-ba3d-5a6dbfcad40d,6.31,./data/newmock/Nashville_sync/b08f1e02-9b49-3ad5-ba3d-5a6dbfcad40d/b08f1e02-9b49-3ad5-ba3d-5a6dbfcad40d.wav,{'action': 'weather'| 'entities': [{'type': 'city'| 'filler': 'nashville'}]},NO IT WON'T RAIN IN NASHVILLE TOMORROW IT'LL BE MOSTLY SUNNY WITH A HIGH OF SEVENTY IN A LOW OF FORTY FIV
61732253-6ca4-392e-97ae-001546fba7ce,3.489625,./data/Reminder/61732253-6ca4-392e-97ae-001546fba7ce/61732253-6ca4-392e-97ae-001546fba7ce.wav,{'action': 'reminder'| 'entities': [{'type': 'todo'| 'filler': 'get gas on the way home'}]}, get gas on the way home when do you want to be reminde
c9680dcb-30cf-3da0-b9fa-a997cdfda3b2,4.589,./data/cleansun/c9680dcb-30cf-3da0-b9fa-a997cdfda3b2/c9680dcb-30cf-3da0-b9fa-a997cdfda3b2.wav,{'action': 'sun'| 'entities': [{'type': 'city'| 'filler': 'indianapolis'}]},INDIANAPOLIS TOMORROW WILL RISE AT 7:25 A.M
075adcaf-68fe-304c-bf30-57c29507c720,1.7420625,./data/Navigation/cleaned_navi/74sync/075adcaf-68fe-304c-bf30-57c29507c720/075adcaf-68fe-304c-bf30-57c29507c720.wav,{'action': 'navigation'| 'entities': [{'type': 'intent'| 'filler': 'turn left'}]}, in 800 feet turn lef
5ccf26af-bc8b-34b9-ae16-76b8fde984d0,2.8518125,./data/Reminder/5ccf26af-bc8b-34b9-ae16-76b8fde984d0/5ccf26af-bc8b-34b9-ae16-76b8fde984d0.wav,{'action': 'reminder'| 'entities': [{'type': 'todo'| 'filler': 'call mechanic'}]}, call mechanic when do you want to be reminde
0a970661-b21d-3abe-a05c-ecc49f1c6256,1.82475,./data/newmock/Irving_sync/0a970661-b21d-3abe-a05c-ecc49f1c6256/0a970661-b21d-3abe-a05c-ecc49f1c6256.wav,{'action': 'weather'| 'entities': [{'type': 'city'| 'filler': 'irving'}]},NO TODAY IN IRVIN
28aad914-c871-34c5-a9ae-c6ad1c400c050,2.903875,./data/ny_navi/28aad914-c871-34c5-a9ae-c6ad1c400c05/28aad914-c871-34c5-a9ae-c6ad1c400c05.wav,{'action': 'navigation'| 'entities': [{'type': 'intent'| 'filler': 'take'}| {'type': 'road'| 'filler': 'exit six'}| {'type': 'intent'| 'filler': 'merge'}| {'type': 'road'| 'filler': 'bruce reynolds boulevard'}]}, TAKE EXIT 6 DENVER HAUNTED MARS BOULEVAR
da7db629-d340-3626-9a3b-af90683d295c,4.1075625,./data/newmock/LongBeach_sync/da7db629-d340-3626-9a3b-af90683d295c/da7db629-d340-3626-9a3b-af90683d295c.wav,{'action': 'weather'| 'entities': [{'type': 'city'| 'filler': 'long beach'}]},LONG BEACH FRIDAY EXPECT A HIGH OF SEVENTY ONE AND A LOW OF FIFTY NIN
683ad834-b029-35a5-ae83-6471b1e89887,2.6258125,./data/newmock/Portland_sync/683ad834-b029-35a5-ae83-6471b1e89887/683ad834-b029-35a5-ae83-6471b1e89887.wav,{'action': 'weather'| 'entities': [{'type': 'city'| 'filler': 'portland'}]},YES IT'LL RAIN IN PORTLAND ALL DAY TUESDA
d21d10af-d48a-3935-ac4b-a5b5e48ea1d8,3.08025,./data/Reminder/d21d10af-d48a-3935-ac4b-a5b5e48ea1d8/d21d10af-d48a-3935-ac4b-a5b5e48ea1d8.wav,{'action': 'reminder'| 'entities': [{'type': 'todo'| 'filler': 'stop and get mayo'}]}, stop and get mayo when do you want to be reminde
27b29d06-9eb2-3b28-9bc4-71620abcdd20,3.7305,./data/newmock/Irving_sync/27b29d06-9eb2-3b28-9bc4-71620abcdd20/27b29d06-9eb2-3b28-9bc4-71620abcdd20.wav,{'action': 'weather'| 'entities': [{'type': 'city'| 'filler': 'irving'}]},TODAY IN IRVING EXPECT A HIGH OF TWENTY FIVE AND A LOW OF TWENTY ON
64fff2d9-a343-351c-bb94-e0f92aa373db0,2.572,./data/ny_navi/64fff2d9-a343-351c-bb94-e0f92aa373db/64fff2d9-a343-351c-bb94-e0f92aa373db.wav,{'action': 'navigation'| 'entities': [{'type': 'intent'| 'filler': 'continue'}| {'type': 'road'| 'filler': 'new york nine a north'}]}, KEEP LEFT TO CONTINUE ON NEW YORK 9A NORT
73e9e7df-284f-30e2-a7ff-8f804ae1df14,2.654125,./data/Reminder/73e9e7df-284f-30e2-a7ff-8f804ae1df14/73e9e7df-284f-30e2-a7ff-8f804ae1df14.wav,{'action': 'reminder'| 'entities': [{'type': 'time'| 'filler': 'tomorrow at six'}]}, i'll remind you tomorrow at
0f0baece-ce75-3330-b9d7-2daa5282f60a,1.3659375,./data/Navigation/cleaned_navi/36sync/0f0baece-ce75-3330-b9d7-2daa5282f60a/0f0baece-ce75-3330-b9d7-2daa5282f60a.wav,{'action': 'navigation'| 'entities': [{'type': 'intent'| 'filler': 'continue'}]}, continue for half a mil
28277485-3a11-3430-b0d1-beb1d8c3b00b,3.6901875,./data/newmock/Stockton_sync/28277485-3a11-3430-b0d1-beb1d8c3b00b/28277485-3a11-3430-b0d1-beb1d8c3b00b.wav,{'action': 'weather'| 'entities': [{'type': 'city'| 'filler': 'stockton'}]},STOCKTON TODAY EXPECT A HIGH OF TWENTY FIVE IN A LOW OF ELEVE
a301d7ca-4e6a-3038-95d2-42f6f63c7ee5,5.494,./data/newmock/FortWorth_sync/a301d7ca-4e6a-3038-95d2-42f6f63c7ee5/a301d7ca-4e6a-3038-95d2-42f6f63c7ee5.wav,{'action': 'weather'| 'entities': [{'type': 'city'| 'filler': 'fort worth'}]},NO IT WON'T BE COLD TOMORROW IN FORT WORTH EXPECT A HIGH OF SEVENTY THREE AND A LOW OF FIFTY THRE
9a32deb3-f06e-3dce-993b-db6f960d6df90,1.5765625,./data/ny_navi/9a32deb3-f06e-3dce-993b-db6f960d6df9/9a32deb3-f06e-3dce-993b-db6f960d6df9.wav,{'action': 'navigation'| 'entities': [{'type': 'intent'| 'filler': 'turn right'}| {'type': 'road'| 'filler': 'second avenue'}]}, TURN RIGHT ONTO 2ND AVENU
f146069f-6b11-373a-9532-3f3fd74640d0,4.84775,./data/newmock/Dallas_sync/f146069f-6b11-373a-9532-3f3fd74640d0/f146069f-6b11-373a-9532-3f3fd74640d0.wav,{'action': 'weather'| 'entities': [{'type': 'city'| 'filler': 'dallas'}]},NO IT WON'T BE COLD FRIDAY MORNING IN DALLAS THE TEMPERATURE WILL BE FIFTY EIGHT DEGREE
d315c72f-f401-3693-9cd8-7c83787d46b7,4.252625,./data/newmock/ElPaso_sync/d315c72f-f401-3693-9cd8-7c83787d46b7/d315c72f-f401-3693-9cd8-7c83787d46b7.wav,{'action': 'weather'| 'entities': [{'type': 'city'| 'filler': 'el paso'}]},IN EL PASO SATURDAY EXPECT A HIGH OF NINETY ONE AND A LOW OF SIXTY FIV
44bc5695-421d-3f75-9875-b2920339e3ea,2.321375,./data/newmock/Anaheim_sync/44bc5695-421d-3f75-9875-b2920339e3ea/44bc5695-421d-3f75-9875-b2920339e3ea.wav,{'action': 'weather'| 'entities': [{'type': 'city'| 'filler': 'anaheim'}]},YES IT'LL BE SUNNY IN ANAHEIM FRIDA
ffae9641-76b4-36f5-b81c-904c1506801d,5.209,./data/cleanstock/ffae9641-76b4-36f5-b81c-904c1506801d/ffae9641-76b4-36f5-b81c-904c1506801d.wav,{'action': 'stock'| 'entities': [{'type': 'company'| 'filler': 'altria group'}]},*45.5
25898df1-63e7-3e9d-ab96-9e898b4df70e,4.837,./data/cleantime/25898df1-63e7-3e9d-ab96-9e898b4df70e/25898df1-63e7-3e9d-ab96-9e898b4df70e.wav,{'action': 'time'| 'entities': [{'type': 'city'| 'filler': 'cleveland'}]},TIME IN CLEVELAND OHIO UNITED STATES IS 5:40 A.M
9fc0a7f4-2ec3-3e54-88eb-85ffbddbc1ea,3.721,./data/cleansun/9fc0a7f4-2ec3-3e54-88eb-85ffbddbc1ea/9fc0a7f4-2ec3-3e54-88eb-85ffbddbc1ea.wav,{'action': 'sun'| 'entities': [{'type': 'city'| 'filler': 'cleveland'}]},CLEVELAND TODAY AT 5:11 P.M
96b5b9d3-3253-3fd0-93a1-669d1ed88aa2,4.465,./data/cleansun/96b5b9d3-3253-3fd0-93a1-669d1ed88aa2/96b5b9d3-3253-3fd0-93a1-669d1ed88aa2.wav,{'action': 'sun'| 'entities': [{'type': 'city'| 'filler': 'port st. lucie'}]},IN PORT ST. LUCIE TODAY THE SUN WILL RISE AT 6:38 A.M
5bde99d7-a465-3b39-be3a-d79704a34cdb,3.8546875,./data/Reminder/5bde99d7-a465-3b39-be3a-d79704a34cdb/5bde99d7-a465-3b39-be3a-d79704a34cdb.wav,{'action': 'reminder'| 'entities': [{'type': 'todo'| 'filler': 'call amber'}]}, call amber when do you want to be reminde
df091f05-1252-3021-850a-0e66e2e7c184,5.1600625,./data/newmock/Henderson_sync/df091f05-1252-3021-850a-0e66e2e7c184/df091f05-1252-3021-850a-0e66e2e7c184.wav,{'action': 'weather'| 'entities': [{'type': 'city'| 'filler': 'henderson'}]},NO IT WON'T RAIN TOMORROW MORNING IN HENDERSON THE FORECAST IS TWENTY DEGREES AND SUNN
ce101e0b-a751-3c67-99e9-9d1dd38907fb,3.9584375,./data/Reminder/ce101e0b-a751-3c67-99e9-9d1dd38907fb/ce101e0b-a751-3c67-99e9-9d1dd38907fb.wav,{'action': 'reminder'| 'entities': [{'type': 'todo'| 'filler': 'call mechanic'}]}, call mechanic when do you want to be reminde
00a1ab37-9276-370f-862e-92058ffffaa7,2.83075,./data/Reminder/00a1ab37-9276-370f-862e-92058ffffaa7/00a1ab37-9276-370f-862e-92058ffffaa7.wav,{'action': 'reminder'| 'entities': [{'type': 'time'| 'filler': 'on saturday at seven am'}]}, all right i'll remind you on saturday at 7 a.m
2f7f5d5d-cb06-34d9-b461-e944d9232301,4.4575,./data/Reminder/2f7f5d5d-cb06-34d9-b461-e944d9232301/2f7f5d5d-cb06-34d9-b461-e944d9232301.wav,{'action': 'reminder'| 'entities': [{'type': 'todo'| 'filler': 'go to parents teacher conference'}]}, parent-teacher conference when do you want to be reminde
146ded71-b9e7-3085-b0a6-b11abf58f783,5.829,./data/cleansun/146ded71-b9e7-3085-b0a6-b11abf58f783/146ded71-b9e7-3085-b0a6-b11abf58f783.wav,{'action': 'sun'| 'entities': [{'type': 'city'| 'filler': 'cleveland'}]},IN CLEVELAND TODAY SUNRISE IS AT 7:09 A.M
bd21214d-3675-39f5-ae48-9cdf9eb93bb6,4.466375,./data/newmock/Seattle_sync/bd21214d-3675-39f5-ae48-9cdf9eb93bb6/bd21214d-3675-39f5-ae48-9cdf9eb93bb6.wav,{'action': 'weather'| 'entities': [{'type': 'city'| 'filler': 'seattle'}]},THIS WEEKEND IN SEATTLE EXPECT A HIGH OF SEVENTY TWO DEGREES AND A LOW OF FIFTY DEGREE
b022cd37-fac2-3174-8cce-332bf62042ac,4.4634375,./data/newmock/OklahomaCity_sync/b022cd37-fac2-3174-8cce-332bf62042ac/b022cd37-fac2-3174-8cce-332bf62042ac.wav,{'action': 'weather'| 'entities': [{'type': 'city'| 'filler': 'oklahoma city'}]},THURSDAY IN OKLAHOMA CITY EXPECT A HIGH OF SEVENTY FOUR AND A LOW OF FIFTY FOU
4f941d72-1527-3a72-9215-f5ec6ef41aad,1.6746875,./data/newmock/Houston_sync/4f941d72-1527-3a72-9215-f5ec6ef41aad/4f941d72-1527-3a72-9215-f5ec6ef41aad.wav,{'action': 'weather'| 'entities': [{'type': 'city'| 'filler': 'houston'}]},HERE'S THE FORECAST FOR HOUSTO
af74d0a3-d971-3e87-a3d9-f1a7626eb890,6.325,./data/cleanair/af74d0a3-d971-3e87-a3d9-f1a7626eb890/af74d0a3-d971-3e87-a3d9-f1a7626eb890.wav,{'action': 'air'| 'entities': [{'type': 'city'| 'filler': 'san bernardino'}]},ACCORDING TO ARE NOW THE AIR QUALITY NEAR THE CENTER OF SAN BERNARDINO IS GOOD WITH AN INDEX OF 2
0a541dde-539a-3968-b105-d78a23d0228a,3.7204375,./data/newmock/Fremont_sync/0a541dde-539a-3968-b105-d78a23d0228a/0a541dde-539a-3968-b105-d78a23d0228a.wav,{'action': 'weather'| 'entities': [{'type': 'city'| 'filler': 'fremont'}]},PROBABLY NOT THIS WEEK IN FREMONT THERE'S ONLY A LOW CHANCE OF RAI
80012d89-c2be-3150-b7df-c92d3e22fdb6,5.085,./data/cleantime/80012d89-c2be-3150-b7df-c92d3e22fdb6/80012d89-c2be-3150-b7df-c92d3e22fdb6.wav,{'action': 'time'| 'entities': [{'type': 'city'| 'filler': 'spokane'}]},TIME IN SPOKANE WASHINGTON UNITED STATES IS 9:46 A.M
0c33d1da-bd46-34f7-bec8-40274fd046a7,6.822,./data/cleanstock/0c33d1da-bd46-34f7-bec8-40274fd046a7/0c33d1da-bd46-34f7-bec8-40274fd046a7.wav,{'action': 'stock'| 'entities': [{'type': 'company'| 'filler': 'british american tobacco plc'}]},BRITISH AMERICAN TOBACCO PLC CLOSED DOWN 0.48% TODAY AT *39.6
defaefbb-7651-333d-b5f3-76c649d1110b,6.078,./data/cleanstock/defaefbb-7651-333d-b5f3-76c649d1110b/defaefbb-7651-333d-b5f3-76c649d1110b.wav,{'action': 'stock'| 'entities': [{'type': 'company'| 'filler': 'cvs health corp'}]},CVS HEALTH CORP CLOSED DOWN 0.08% TODAY AT *94.6
bc95a3b9-7062-3a36-aa8d-b302a2d0bae5,2.2925,./data/Navigation/cleaned_navi/80sync/bc95a3b9-7062-3a36-aa8d-b302a2d0bae5/bc95a3b9-7062-3a36-aa8d-b302a2d0bae5.wav,{'action': 'navigation'| 'entities': [{'type': 'intent'| 'filler': 'stay'}| {'type': 'road'| 'filler': 'gilman drive'}]}, take the next right to stay on gilman driv
648640f1-1150-3081-b142-88687dcef3be,8.6675625,./data/newmock/Fayetteville_sync/648640f1-1150-3081-b142-88687dcef3be/648640f1-1150-3081-b142-88687dcef3be.wav,{'action': 'weather'| 'entities': [{'type': 'city'| 'filler': 'fayetteville'}]},TODAY IN FAYETTEVILLE IT'LL BE PARTLY CLOUDY WITH A FORECASTED HIGH OF TWENTY NINE AND A LOW OF FORTY TOMORROW THROUGH FRIDAY IT'LL BE SUNNY WITH HIGH
d5fee5d3-d87c-3b0d-b789-e83b847532c3,7.814,./data/cleanair/d5fee5d3-d87c-3b0d-b789-e83b847532c3/d5fee5d3-d87c-3b0d-b789-e83b847532c3.wav,{'action': 'air'| 'entities': [{'type': 'city'| 'filler': 'huntington beach'}]},ACCORDING TO PURPLE ARE THE AIR QUALITY NEAR THE CENTER OF HUNTINGTON BEACH IS MODERATE WITH AN INDEX RANGING FROM 58 TO 6
d1c21290-3757-36b6-9b7f-133ab5fae841,3.5049375,./data/newmock/Norfolk_sync/d1c21290-3757-36b6-9b7f-133ab5fae841/d1c21290-3757-36b6-9b7f-133ab5fae841.wav,{'action': 'weather'| 'entities': [{'type': 'city'| 'filler': 'norfolk'}]},HUMIDITY TODAY IN NORFOLK IS PREDICTED TO BE FIFTY TWO PERCEN
44349910-6a9f-3fbc-bf0b-9f70151e1e3a,6.574,./data/cleanstock/44349910-6a9f-3fbc-bf0b-9f70151e1e3a/44349910-6a9f-3fbc-bf0b-9f70151e1e3a.wav,{'action': 'stock'| 'entities': [{'type': 'company'| 'filler': 'canadian pacific railway'}]},CANADIAN PACIFIC RAILWAY CLOSE UP 0.49% TODAY IT'S *73.7
54d55013-390b-32fa-beca-b76fe2ac3a07,4.51075,./data/Reminder/54d55013-390b-32fa-beca-b76fe2ac3a07/54d55013-390b-32fa-beca-b76fe2ac3a07.wav,{'action': 'reminder'| 'entities': [{'type': 'todo'| 'filler': 'add chemicals to my pool'}]}, when do you want to be reminde
e9779b74-32be-3054-9984-c8d568f88044,3.845,./data/cleansun/e9779b74-32be-3054-9984-c8d568f88044/e9779b74-32be-3054-9984-c8d568f88044.wav,{'action': 'sun'| 'entities': [{'type': 'city'| 'filler': 'albuquerque'}]},IN ALBUQUERQUE TOMORROW SUNSET IS AT 5:03 P.M
6c89f5d3-7908-3b05-b43e-f9427c5e7c49,3.4355,./data/newmock/ColoradoSprings_sync/6c89f5d3-7908-3b05-b43e-f9427c5e7c49/6c89f5d3-7908-3b05-b43e-f9427c5e7c49.wav,{'action': 'weather'| 'entities': [{'type': 'city'| 'filler': 'colorado springs'}]},THE TEMPERATURE IN COLORADO SPRINGS RIGHT NOW IT'S SIXTY FOUR DEGREE
e6f911d3-7170-3598-9388-57251efc747d,3.9404375,./data/Reminder/e6f911d3-7170-3598-9388-57251efc747d/e6f911d3-7170-3598-9388-57251efc747d.wav,{'action': 'reminder'| 'entities': [{'type': 'todo'| 'filler': 'wash my dog'}]}, alright watch my dog when do you want to be reminde
82de1ac4-eb9a-315b-964a-643f38832235,3.2984375,./data/Reminder/82de1ac4-eb9a-315b-964a-643f38832235/82de1ac4-eb9a-315b-964a-643f38832235.wav,{'action': 'reminder'| 'entities': [{'type': 'todo'| 'filler': 'clean the man cave'}]}, got it clean the man cave when do you want to be reminde
1b55ba13-9f9f-3bcb-a3b7-48ec6f9bcc3e,6.182625,./data/newmock/HuntingtonBeach_sync/1b55ba13-9f9f-3bcb-a3b7-48ec6f9bcc3e/1b55ba13-9f9f-3bcb-a3b7-48ec6f9bcc3e.wav,{'action': 'weather'| 'entities': [{'type': 'city'| 'filler': 'huntington beach'}]},NO IT WON'T BE WINDY TOMORROW IN HUNTINGTON BEACH THE WIND WILL BLOW FROM THE SOUTH AND SIXTEEN KM PER HOU
ec8139e4-e0fa-3315-be5b-605481d99ae9,7.199625,./data/newmock/Jacksonville_sync/ec8139e4-e0fa-3315-be5b-605481d99ae9/ec8139e4-e0fa-3315-be5b-605481d99ae9.wav,{'action': 'weather'| 'entities': [{'type': 'city'| 'filler': 'jacksonville'}]},ALTHOUGH THERE'S ONLY A LOW CHANCE OF RAIN IN JACKSONVILLE TODAY THERE'S A GOOD CHANCE OF RAIN TOMORROW STARTING AT ABOUT ONE PM AND CONTINUING THROUGH THE NIGH
fe969bbf-0071-3d99-885c-f2c58b0592eb,2.548875,./data/Reminder/fe969bbf-0071-3d99-885c-f2c58b0592eb/fe969bbf-0071-3d99-885c-f2c58b0592eb.wav,{'action': 'reminder'| 'entities': [{'type': 'time'| 'filler': 'tomorrow at eleven am'}]}, i'll remind you tomorrow at 11 a.m
056ca1a8-c50f-343f-9b4f-e0bca52cd6b00,2.468625,./data/ny_navi/056ca1a8-c50f-343f-9b4f-e0bca52cd6b0/056ca1a8-c50f-343f-9b4f-e0bca52cd6b0.wav,{'action': 'navigation'| 'entities': [{'type': 'intent'| 'filler': 'turn right'}| {'type': 'road'| 'filler': 'hell gate circle'}]}, IN HALF A MILE TURN RIGHT ON THE HELL GATE CIRCL
5d4e6fea-d873-3079-bc71-65bd87cacfdb,8.093375,./data/newmock/ColoradoSprings_sync/5d4e6fea-d873-3079-bc71-65bd87cacfdb/5d4e6fea-d873-3079-bc71-65bd87cacfdb.wav,{'action': 'weather'| 'entities': [{'type': 'city'| 'filler': 'colorado springs'}]},MONDAY THROUGH NEXT THURSDAY IN COLORADO SPRINGS THEY'LL BE SCATTERED THUNDERSTORMS HIGHS WILL BE IN THE MID SIXTYS SUNDAY THEN STAY AROUND SI
3977f430-5e3e-3eb5-a968-2f2303db383f,6.3860625,./data/newmock/Winston-Salem_sync/3977f430-5e3e-3eb5-a968-2f2303db383f/3977f430-5e3e-3eb5-a968-2f2303db383f.wav,{'action': 'weather'| 'entities': [{'type': 'city'| 'filler': 'winston salem'}]},NO IT WON'T SNOW TOMORROW IN WINSTON SALEM IT'LL BE CLOUDY WITH A HIGH OF TWENTY FOUR IN A LOW OF FOURTEE
3a8b557f-16f8-371e-9738-3114ad0f1384,5.83,./data/cleanstock/3a8b557f-16f8-371e-9738-3114ad0f1384/3a8b557f-16f8-371e-9738-3114ad0f1384.wav,{'action': 'stock'| 'entities': [{'type': 'company'| 'filler': 'netflix'}]},NETFLIX CLOSED DOWN 0.84% TODAY AT *258.6
21550d8b-b7f7-338e-b4ff-8b97f15744c7,5.084,./data/cleantime/21550d8b-b7f7-338e-b4ff-8b97f15744c7/21550d8b-b7f7-338e-b4ff-8b97f15744c7.wav,{'action': 'time'| 'entities': [{'type': 'city'| 'filler': 'detroit'}]},TIME IN DETROIT MICHIGAN UNITED STATES IS 2:03 A.M. ON WEDNESDA
56b38eef-68dd-321f-800c-19605aa02be9,3.276,./data/newmock/Detroit_sync/56b38eef-68dd-321f-800c-19605aa02be9/56b38eef-68dd-321f-800c-19605aa02be9.wav,{'action': 'weather'| 'entities': [{'type': 'city'| 'filler': 'detroit'}]},ON THURSDAY IN DETROIT THERE'S ONLY A VERY SLIGHT CHANCE OF RAI
cb2cd208-3839-3cc1-9ef5-94ff1cbfe95d,2.886875,./data/newmock/Mesa_sync/cb2cd208-3839-3cc1-9ef5-94ff1cbfe95d/cb2cd208-3839-3cc1-9ef5-94ff1cbfe95d.wav,{'action': 'weather'| 'entities': [{'type': 'city'| 'filler': 'mesa'}]},NO TODAY IN MESA THERE'S NO CHANCE OF SNO
794a7acb-b1e1-3b04-9059-fe6ba995648c,1.821875,./data/Reminder/794a7acb-b1e1-3b04-9059-fe6ba995648c/794a7acb-b1e1-3b04-9059-fe6ba995648c.wav,{'action': 'reminder'| 'entities': [{'type': 'time'| 'filler': 'tomorrow at ten am'}]}, tomorrow at 10 a.m
c46ccbb0-e148-3c41-b576-bce9c14e1329,5.511875,./data/Reminder/c46ccbb0-e148-3c41-b576-bce9c14e1329/c46ccbb0-e148-3c41-b576-bce9c14e1329.wav,{'action': 'reminder'| 'entities': [{'type': 'todo'| 'filler': 'take the books back to the library'}]}, take the book back to the library when do you want to be reminde
d068d188-27cd-3705-87f6-c705e8385e5e,4.2503125,./data/Reminder/d068d188-27cd-3705-87f6-c705e8385e5e/d068d188-27cd-3705-87f6-c705e8385e5e.wav,{'action': 'reminder'| 'entities': [{'type': 'todo'| 'filler': 'return dvd'}]}, return dvd when do you want to be reminde
211296a9-b8f3-3819-acec-83f1e492a4fa,4.302375,./data/Reminder/211296a9-b8f3-3819-acec-83f1e492a4fa/211296a9-b8f3-3819-acec-83f1e492a4fa.wav,{'action': 'reminder'| 'entities': [{'type': 'todo'| 'filler': 'pick up face wash'}]}, okay pick up face wash when do you want to be reminde
ca53b765-3805-3dc6-b0e8-1e3c87ec64de,3.441625,./data/newmock/SaltLakeCity_sync/ca53b765-3805-3dc6-b0e8-1e3c87ec64de/ca53b765-3805-3dc6-b0e8-1e3c87ec64de.wav,{'action': 'weather'| 'entities': [{'type': 'city'| 'filler': 'salt lake city'}]},NO THIS WEEK IN SALT LAKE CITY THERE'S NO CHANCE OF SNO
36d8c46f-c8e3-39cc-8093-f5cb1af74fb9,7.07,./data/cleanair/36d8c46f-c8e3-39cc-8093-f5cb1af74fb9/36d8c46f-c8e3-39cc-8093-f5cb1af74fb9.wav,{'action': 'air'| 'entities': [{'type': 'city'| 'filler': 'chicago'}]},ACCORDING TO ARE NOW THE AIR QUALITY NEAR THE CENTER OF CHICAGO IS GOOD WITH AN INDEX RANGING FROM 13 TO 2
f3b68b08-aedc-3259-80e6-e8615b5adcc5,2.8835,./data/Navigation/cleaned_navi/260sync/f3b68b08-aedc-3259-80e6-e8615b5adcc5/f3b68b08-aedc-3259-80e6-e8615b5adcc5.wav,{'action': 'navigation'| 'entities': [{'type': 'intent'| 'filler': 'turn right'}| {'type': 'road'| 'filler': 'soledad mountain road'}]}, in a quarter mile turn right onto soledad mountain roa
0f301e6a-298e-3eec-93c1-d37682bd9fc60,3.037625,./data/ny_navi/0f301e6a-298e-3eec-93c1-d37682bd9fc6/0f301e6a-298e-3eec-93c1-d37682bd9fc6.wav,{'action': 'navigation'| 'entities': [{'type': 'intent'| 'filler': 'turn left'}| {'type': 'road'| 'filler': 'one hundred and thirty-five street'}]}, IN A QUARTER MILE TURN LEFT ONTO 135TH STREE
218e195a-8d73-369a-a38f-ce2a6c8198d5,4.3730625,./data/Reminder/218e195a-8d73-369a-a38f-ce2a6c8198d5/218e195a-8d73-369a-a38f-ce2a6c8198d5.wav,{'action': 'reminder'| 'entities': [{'type': 'todo'| 'filler': 'change the air filters'}]}, change the air filters when do you want to be reminde
04e9fe4c-19e0-3973-8e3f-7208c2444b1f,5.2625625,./data/newmock/Toledo_sync/04e9fe4c-19e0-3973-8e3f-7208c2444b1f/04e9fe4c-19e0-3973-8e3f-7208c2444b1f.wav,{'action': 'weather'| 'entities': [{'type': 'city'| 'filler': 'toledo'}]},NO IT WON'T BE COLD TOMORROW IN TOLEDO EXPECTED HIGH OF TWENTY SEVEN AND A LOW OF NINETEE
19b08fdb-8bba-3c48-a829-02d0342eba350,2.8985,./data/ny_navi/19b08fdb-8bba-3c48-a829-02d0342eba35/19b08fdb-8bba-3c48-a829-02d0342eba35.wav,{'action': 'navigation'| 'entities': [{'type': 'intent'| 'filler': 'turn right'}| {'type': 'road'| 'filler': 'east eighty-six street'}]}, IN A QUARTER MILE TURN RIGHT ONTO EAST 86TH STREE
055f84dd-1420-3828-aa90-e044ca4a1d0a,2.68325,./data/Reminder/055f84dd-1420-3828-aa90-e044ca4a1d0a/055f84dd-1420-3828-aa90-e044ca4a1d0a.wav,{'action': 'reminder'| 'entities': [{'type': 'time'| 'filler': 'on wednesday at three pm'}]}, sure i'll remind you on wednesday at 3 p.m
61cbe2ff-f947-3ae1-902d-a34260081c69,3.8040625,./data/Reminder/61cbe2ff-f947-3ae1-902d-a34260081c69/61cbe2ff-f947-3ae1-902d-a34260081c69.wav,{'action': 'reminder'| 'entities': [{'type': 'todo'| 'filler': 'call morgan'}]}, call morgan when do you want to be reminde
6052a701-e049-3963-a2d3-932c3d9e6e530,2.335,./data/ny_navi/6052a701-e049-3963-a2d3-932c3d9e6e53/6052a701-e049-3963-a2d3-932c3d9e6e53.wav,{'action': 'navigation'| 'entities': [{'type': 'intent'| 'filler': 'keep right'}| {'type': 'intent'| 'filler': 'turn left'}| {'type': 'road'| 'filler': 'state road'}]}, KEEP RIGHT THEN TURN LEFT ONTO STATE ROA
3a39dfb9-2cd3-3c96-9fd3-8b7c386e89aa0,3.6084375,./data/ny_navi/3a39dfb9-2cd3-3c96-9fd3-8b7c386e89aa/3a39dfb9-2cd3-3c96-9fd3-8b7c386e89aa.wav,{'action': 'navigation'| 'entities': [{'type': 'intent'| 'filler': 'turn right'}| {'type': 'road'| 'filler': 'new york nine a north'}| {'type': 'road'| 'filler': 'twelve avenue'}]}, IN 500 FEET TURN RIGHT ON THE NEW YORK 9A NORTH 12TH AVENU
16b659c4-e1be-3526-b2f3-b9879f35ef46,4.6534375,./data/newmock/StLouis_sync/16b659c4-e1be-3526-b2f3-b9879f35ef46/16b659c4-e1be-3526-b2f3-b9879f35ef46.wav,{'action': 'weather'| 'entities': [{'type': 'city'| 'filler': 'st louis'}]},TOMORROW IN ST LOUIS THE WIND WILL COME FROM THE SOUTHEAST AT THIRTEEN KM PER HOU
b74db5a1-048e-3461-9f83-d23bd79755c6,6.202,./data/cleanstock/b74db5a1-048e-3461-9f83-d23bd79755c6/b74db5a1-048e-3461-9f83-d23bd79755c6.wav,{'action': 'stock'| 'entities': [{'type': 'company'| 'filler': 'vertex pharmaceuticals'}]},VERTEX PHARMACEUTICALS CLOSED DOWN 0.8% ON FRIDAY *300.8
86b39520-7218-3ed1-9549-b1c6ffee9b29,4.07275,./data/Reminder/86b39520-7218-3ed1-9549-b1c6ffee9b29/86b39520-7218-3ed1-9549-b1c6ffee9b29.wav,{'action': 'reminder'| 'entities': [{'type': 'todo'| 'filler': 'visit the bookstore'}]}, all right this is a bookstore when do you want to be reminde
86187be0-bfd0-34ad-bd1b-df602f73a538,3.9668125,./data/Reminder/86187be0-bfd0-34ad-bd1b-df602f73a538/86187be0-bfd0-34ad-bd1b-df602f73a538.wav,{'action': 'reminder'| 'entities': [{'type': 'todo'| 'filler': 'call my wife'}]}, call my wife when do you want to be reminde
b3de41ef-c01e-3657-a954-a0a720ac4595,3.428625,./data/newmock/Philadelphia_sync/b3de41ef-c01e-3657-a954-a0a720ac4595/b3de41ef-c01e-3657-a954-a0a720ac4595.wav,{'action': 'weather'| 'entities': [{'type': 'city'| 'filler': 'philadelphia'}]},TODAY'S LOW IN PHILADELPHIA IS PREDICTED TO BE FORTY THREE DEGREE
ea81958c-2443-3141-b04f-52c54557bcf6,4.448,./data/newmock/Madison_sync/ea81958c-2443-3141-b04f-52c54557bcf6/ea81958c-2443-3141-b04f-52c54557bcf6.wav,{'action': 'weather'| 'entities': [{'type': 'city'| 'filler': 'madison'}]},MADISON TODAY EXPECT A HIGH OF TWENTY THREE AND A LOW OF THIRTEEN DEGREES CELSIU
9dad21ec-fcd4-3ffb-bb20-afd55523ab31,3.5804375,./data/newmock/Brooklyn_sync/9dad21ec-fcd4-3ffb-bb20-afd55523ab31/9dad21ec-fcd4-3ffb-bb20-afd55523ab31.wav,{'action': 'weather'| 'entities': [{'type': 'city'| 'filler': 'brooklyn'}]},PROBABLY NOT TODAY IN BROOKLYN THERE'S ONLY A LOW CHANCE OF RAI
54e89ce5-21b1-3f25-b2e9-f482709964c9,3.2836875,./data/newmock/Raleigh_sync/54e89ce5-21b1-3f25-b2e9-f482709964c9/54e89ce5-21b1-3f25-b2e9-f482709964c9.wav,{'action': 'weather'| 'entities': [{'type': 'city'| 'filler': 'raleigh'}]},FRIDAY NIGHT IN RALEIGH IT'LL BE FIFTY SEVEN DEGREES AND CLEA
788a7d99-38f0-328d-925f-e2ef0cd06f5e,4.59,./data/cleantime/788a7d99-38f0-328d-925f-e2ef0cd06f5e/788a7d99-38f0-328d-925f-e2ef0cd06f5e.wav,{'action': 'time'| 'entities': [{'type': 'city'| 'filler': 'long beach'}]},TIME IN LONG BEACH CALIFORNIA IS 9:17 A.M
1f823457-5dbb-3665-b4a4-37cd6abc37f7,7.194,./data/cleanair/1f823457-5dbb-3665-b4a4-37cd6abc37f7/1f823457-5dbb-3665-b4a4-37cd6abc37f7.wav,{'action': 'air'| 'entities': [{'type': 'city'| 'filler': 'glendale'}]},ACCORDING TO PURPLE ARE THE AIR QUALITY NEAR THE CENTER OF GLENDALE IS GOOD WITH AN INDEX RANGING FROM 15 T
04a139fc-3fd9-3d70-943f-2314cbba5ba4,3.1104375,./data/newmock/Fresno_sync/04a139fc-3fd9-3d70-943f-2314cbba5ba4/04a139fc-3fd9-3d70-943f-2314cbba5ba4.wav,{'action': 'weather'| 'entities': [{'type': 'city'| 'filler': 'fresno'}]},TODAY IN FRESNO. THERE'S ONLY A VERY SLIGHT CHANCE OF RAI
5909b2a2-3d51-3268-b930-6e9d897d857b,7.13,./data/newmock/Indianapolis_sync/5909b2a2-3d51-3268-b930-6e9d897d857b/5909b2a2-3d51-3268-b930-6e9d897d857b.wav,{'action': 'weather'| 'entities': [{'type': 'city'| 'filler': 'indianapolis'}]},TODAY THROUGH SATURDAY IN INDIANAPOLIS WILL RISE FROM SIXTY TWO TO SEVENTY ONE FROM FORTY ONE TO FIFTY THRE
bec247c1-8f93-319b-a257-0a9a47a20f07,2.860375,./data/Navigation/cleaned_navi/101sync/bec247c1-8f93-319b-a257-0a9a47a20f07/bec247c1-8f93-319b-a257-0a9a47a20f07.wav,{'action': 'navigation'| 'entities': [{'type': 'intent'| 'filler': 'turn right'}| {'type': 'road'| 'filler': 'greenford drive'}]}, in 1000 feet turn right onto greenside driv
a92331c8-012d-3f70-9792-70600eb513f9,3.3195,./data/newmock/Atlanta_sync/a92331c8-012d-3f70-9792-70600eb513f9/a92331c8-012d-3f70-9792-70600eb513f9.wav,{'action': 'weather'| 'entities': [{'type': 'city'| 'filler': 'atlanta'}]},TEMPERATURE IN ATLANTA TONIGHT IS PREDICTED TO BE SIXTY DEGREE
ab6035b7-ac8c-368d-aa06-69997a983d190,3.6886875,./data/ny_navi/ab6035b7-ac8c-368d-aa06-69997a983d19/ab6035b7-ac8c-368d-aa06-69997a983d19.wav,{'action': 'navigation'| 'entities': [{'type': 'intent'| 'filler': 'take'}| {'type': 'road'| 'filler': 'exit twenty-three'}| {'type': 'intent'| 'filler': 'merge'}| {'type': 'road'| 'filler': 'horace harding expressway'}]}, EXIT 23 THEN MERGE ONTO HORACE HARDING EXPRESSWA
3baea195-a8f7-3d93-b504-4507ffbe46c6,3.9200625,./data/Reminder/3baea195-a8f7-3d93-b504-4507ffbe46c6/3baea195-a8f7-3d93-b504-4507ffbe46c6.wav,{'action': 'reminder'| 'entities': [{'type': 'todo'| 'filler': 'call my school'}]}, got it call my school when do you want to be reminde
e6f46ef5-ddd7-3498-ac55-b53acbab3803,5.458,./data/cleantime/e6f46ef5-ddd7-3498-ac55-b53acbab3803/e6f46ef5-ddd7-3498-ac55-b53acbab3803.wav,{'action': 'time'| 'entities': [{'type': 'city'| 'filler': 'baton rouge'}]},TIME IN BATON ROUGE LOUISIANA UNITED STATES IS 6:54 P.M
08f830fd-26fa-328a-8e1f-245069070c9e,6.7559375,./data/newmock/Lincoln_sync/08f830fd-26fa-328a-8e1f-245069070c9e/08f830fd-26fa-328a-8e1f-245069070c9e.wav,{'action': 'weather'| 'entities': [{'type': 'city'| 'filler': 'lincoln'}]},NO IT'S NOT FORECAST TO RAIN TODAY IN LINCOLN IT'LL BE MOSTLY CLOUDY WITH A FORECASTED HIGH OF TWENTY EIGHT AND ALOH
c2cf2bed-179c-36c5-90f5-f587c4ce96d3,4.1830625,./data/Reminder/c2cf2bed-179c-36c5-90f5-f587c4ce96d3/c2cf2bed-179c-36c5-90f5-f587c4ce96d3.wav,{'action': 'reminder'| 'entities': [{'type': 'todo'| 'filler': 'take dog to groomer'}]}, take dog to groomer when do you want to be reminde
e6521337-038a-38ab-9a11-a83ef29dbc67,3.617875,./data/Navigation/cleaned_navi/173sync/e6521337-038a-38ab-9a11-a83ef29dbc67/e6521337-038a-38ab-9a11-a83ef29dbc67.wav,{'action': 'navigation'| 'entities': [{'type': 'intent'| 'filler': 'turn left'}| {'type': 'road'| 'filler': 'miramar road'}]}, in a quarter mile use the left three lanes to turn left onto miramar roa
6d3126d0-1308-34b0-9812-05f05d0cf5c6,6.202,./data/cleanair/6d3126d0-1308-34b0-9812-05f05d0cf5c6/6d3126d0-1308-34b0-9812-05f05d0cf5c6.wav,{'action': 'air'| 'entities': [{'type': 'city'| 'filler': 'chula vista'}]},
25a7a3e2-2144-3b06-af6f-b686b1e73e92,6.326,./data/cleanstock/25a7a3e2-2144-3b06-af6f-b686b1e73e92/25a7a3e2-2144-3b06-af6f-b686b1e73e92.wav,{'action': 'stock'| 'entities': [{'type': 'company'| 'filler': 'jp morgan chase and co'}]},JPMORGAN CHASE & CO CLOSED UP 2.7% ON FRIDAY AT *130.6
7bdc8e5e-1de9-32f5-96cc-17ef082b8b2b,4.217,./data/cleansun/7bdc8e5e-1de9-32f5-96cc-17ef082b8b2b/7bdc8e5e-1de9-32f5-96cc-17ef082b8b2b.wav,{'action': 'sun'| 'entities': [{'type': 'city'| 'filler': 'miami'}]},IN MIAMI TOMORROW THE SUN WILL RISE AT 6:36 A.M
43885180-1b16-32db-b196-35635a5441d5,5.83,./data/cleanstock/43885180-1b16-32db-b196-35635a5441d5/43885180-1b16-32db-b196-35635a5441d5.wav,{'action': 'stock'| 'entities': [{'type': 'company'| 'filler': 'blackrock'}]},BLACKROCK CLOSED UP 3.5% ON FRIDAY AT *656.1
3b27d6f7-8390-3a32-afa9-bf34e945ea20,3.1374375,./data/newmock/SpringMills_sync/3b27d6f7-8390-3a32-afa9-bf34e945ea20/3b27d6f7-8390-3a32-afa9-bf34e945ea20.wav,{'action': 'weather'| 'entities': [{'type': 'city'| 'filler': 'spring mills'}]},NO RIGHT NOW IN SPRING MILLS THERE'S NO CHANCE OF SNO
7a5f6c3e-f4b1-3eb4-bee0-1663f58663b0,4.43525,./data/newmock/Brooklyn_sync/7a5f6c3e-f4b1-3eb4-bee0-1663f58663b0/7a5f6c3e-f4b1-3eb4-bee0-1663f58663b0.wav,{'action': 'weather'| 'entities': [{'type': 'city'| 'filler': 'brooklyn'}]},TODAY IN BROOKLYN THE WIND IS EXPECTED TO COME FROM THE WEST AT FOURTEEN MILES PER HOU
74f72e84-8db4-3de4-9586-2c5a64ef83c2,6.078,./data/cleanair/74f72e84-8db4-3de4-9586-2c5a64ef83c2/74f72e84-8db4-3de4-9586-2c5a64ef83c2.wav,{'action': 'air'| 'entities': [{'type': 'city'| 'filler': 'lexington'}]},ACCORDING TO ARE NOW THE AIR QUALITY NEAR THE CENTER OF LEXINGTON IS GOOD WITH AN INDEX OF 3
4c4618e9-ff3c-3e5c-91b0-0f757fd02971,6.4126875,./data/newmock/Seattle_sync/4c4618e9-ff3c-3e5c-91b0-0f757fd02971/4c4618e9-ff3c-3e5c-91b0-0f757fd02971.wav,{'action': 'weather'| 'entities': [{'type': 'city'| 'filler': 'seattle'}]},NO IT WON'T RAIN TOMORROW IN SEATTLE IT'LL BE PARTLY CLOUDY WITH A HIGH OF SIXTY NINE AND A LOW OF FORTY NIN
06b766ec-8455-38a5-be7e-17a91c9ec72f,4.90275,./data/newmock/Miami_sync/06b766ec-8455-38a5-be7e-17a91c9ec72f/06b766ec-8455-38a5-be7e-17a91c9ec72f.wav,{'action': 'weather'| 'entities': [{'type': 'city'| 'filler': 'miami'}]},YES THE FORECAST FOR THIS WEEKEND IN MIAMI IS EIGHTY FOUR DEGREES WITH SCATTERED THUNDERSTORM
662a2103-7926-37c3-947b-649545260e0e,2.43125,./data/Navigation/cleaned_navi/21sync/662a2103-7926-37c3-947b-649545260e0e/662a2103-7926-37c3-947b-649545260e0e.wav,{'action': 'navigation'| 'entities': [{'type': 'intent'| 'filler': 'continue'}| {'type': 'road'| 'filler': 'i five north'}]}, continue on i-5 north for 2 m
420dc456-d95c-31fb-8a70-f73a5e6ea0f5,4.1041875,./data/Reminder/420dc456-d95c-31fb-8a70-f73a5e6ea0f5/420dc456-d95c-31fb-8a70-f73a5e6ea0f5.wav,{'action': 'reminder'| 'entities': [{'type': 'todo'| 'filler': 'give baby shower'}]}, baby shower when do you want to be reminde
00f83692-1765-3ed9-9f03-367588190528,4.69675,./data/Navigation/cleaned_navi/109sync/00f83692-1765-3ed9-9f03-367588190528/00f83692-1765-3ed9-9f03-367588190528.wav,{'action': 'navigation'| 'entities': [{'type': 'intent'| 'filler': 'take'}| {'type': 'road'| 'filler': 'california one sixty-three south'}]}, in a quarter mile use the right two lanes to take the california 163 south ram
4bff4b5d-70fa-3b21-8e2f-3fdd6153e76b,4.214,./data/newmock/VirginiaBeach_sync/4bff4b5d-70fa-3b21-8e2f-3fdd6153e76b/4bff4b5d-70fa-3b21-8e2f-3fdd6153e76b.wav,{'action': 'weather'| 'entities': [{'type': 'city'| 'filler': 'virginia beach'}]},VIRGINIA BEACH IS EXPECTED TO RAIN ON MONDAY FROM FIVE A.M. TO SIX A.M
766c44ef-3897-3484-8b98-6f3b12c3cc97,4.837,./data/cleantime/766c44ef-3897-3484-8b98-6f3b12c3cc97/766c44ef-3897-3484-8b98-6f3b12c3cc97.wav,{'action': 'time'| 'entities': [{'type': 'city'| 'filler': 'orlando'}]},TIME IN ORLANDO FLORIDA UNITED STATES IS 4:47 A.M
45e6fab5-c059-311f-9206-9b75a8505327,5.3275625,./data/newmock/Houston_sync/45e6fab5-c059-311f-9206-9b75a8505327/45e6fab5-c059-311f-9206-9b75a8505327.wav,{'action': 'weather'| 'entities': [{'type': 'city'| 'filler': 'houston'}]},TONIGHT IN HOUSTON THERE'S A VERY HIGH CHANCE OF RAIN STARTING AT ABOUT SIX PM AND CONTINUING THROUGH THE NIGH
4df6db16-7906-3bd6-8d47-825752c46d33,5.7173125,./data/Reminder/4df6db16-7906-3bd6-8d47-825752c46d33/4df6db16-7906-3bd6-8d47-825752c46d33.wav,{'action': 'reminder'| 'entities': [{'type': 'todo'| 'filler': 'go to social security office'}]}, go to social security office when do you want to be reminde
93770fcc-769e-3a31-bbff-c7608f30f2bc,3.8566875,./data/newmock/GrandRapids_sync/93770fcc-769e-3a31-bbff-c7608f30f2bc/93770fcc-769e-3a31-bbff-c7608f30f2bc.wav,{'action': 'weather'| 'entities': [{'type': 'city'| 'filler': 'grand rapids'}]},THE HUMIDITY TOMORROW IN GRAND RAPIDS IS PREDICTED TO BE FIFTY ONE PERCEN
f1437da2-b04e-3091-bf59-cd60604d10ad,4.19575,./data/newmock/Orlando_sync/f1437da2-b04e-3091-bf59-cd60604d10ad/f1437da2-b04e-3091-bf59-cd60604d10ad.wav,{'action': 'weather'| 'entities': [{'type': 'city'| 'filler': 'orlando'}]},TEMPERATURE IN ORLANDO TODAY AT SIX PM IS PREDICTED TO BE TWENTY EIGHT DEGREE
1880019b-df6b-31aa-ad8f-cd27dfd3c563,3.3548125,./data/newmock/DMAirForce_sync/1880019b-df6b-31aa-ad8f-cd27dfd3c563/1880019b-df6b-31aa-ad8f-cd27dfd3c563.wav,{'action': 'weather'| 'entities': [{'type': 'city'| 'filler': 'dm air force'}]},YES IT'S FORECAST TO BE SUNNY AND DM AIR FORCE BASE TODA
bb3a125e-fa72-352a-b6be-e6ff2b58e381,3.5963125,./data/newmock/Wichita_sync/bb3a125e-fa72-352a-b6be-e6ff2b58e381/bb3a125e-fa72-352a-b6be-e6ff2b58e381.wav,{'action': 'weather'| 'entities': [{'type': 'city'| 'filler': 'wichita'}]},THE HUMIDITY TODAY IN WICHITA IS PREDICTED TO BE SEVENTY EIGHT PERCEN
37246afd-5a7e-3970-a9c4-69eb3083f3ed,3.969,./data/cleansun/37246afd-5a7e-3970-a9c4-69eb3083f3ed/37246afd-5a7e-3970-a9c4-69eb3083f3ed.wav,{'action': 'sun'| 'entities': [{'type': 'city'| 'filler': 'miami'}]},IN MIAMI TODAY AT 5:34 P.M
fe3d09b7-5c1e-3fcb-8af7-9f7bedeef878,4.083,./data/newmock/Winston-Salem_sync/fe3d09b7-5c1e-3fcb-8af7-9f7bedeef878/fe3d09b7-5c1e-3fcb-8af7-9f7bedeef878.wav,{'action': 'weather'| 'entities': [{'type': 'city'| 'filler': 'winston salem'}]},FORECAST IN WINSTON SALEM TOMORROW MORNING IS SIXTEEN DEGREES AND CLOUD
ba44e827-24dd-3f37-addc-07618d4200dc,5.085,./data/cleantime/ba44e827-24dd-3f37-addc-07618d4200dc/ba44e827-24dd-3f37-addc-07618d4200dc.wav,{'action': 'time'| 'entities': [{'type': 'city'| 'filler': 'sacramento'}]},TIME IN SACRAMENTO CALIFORNI
f508880f-51f4-3cbd-8ea7-f0bf304ed4b7,2.9879375,./data/newmock/Anaheim_sync/f508880f-51f4-3cbd-8ea7-f0bf304ed4b7/f508880f-51f4-3cbd-8ea7-f0bf304ed4b7.wav,{'action': 'weather'| 'entities': [{'type': 'city'| 'filler': 'anaheim'}]},NO TODAY IN ANAHEIM THERE'S NO CHANCE OF SNO
3bd17e64-a245-3a13-85fc-a5a62f7f6824,4.0460625,./data/Navigation/cleaned_navi/166sync/3bd17e64-a245-3a13-85fc-a5a62f7f6824/3bd17e64-a245-3a13-85fc-a5a62f7f6824.wav,{'action': 'navigation'| 'entities': [{'type': 'intent'| 'filler': 'take the next right'}| {'type': 'road'| 'filler': 'mount alifan drive'}| {'type': 'intent'| 'filler': 'turn left'}| {'type': 'road'| 'filler': 'genesee avenue'}]}, read the next right onto mount alifan drive then turn left onto genesee avenu
e27b4384-34e1-3eb1-9b4b-8cdf4a1d48ae,2.5239375,./data/Reminder/e27b4384-34e1-3eb1-9b4b-8cdf4a1d48ae/e27b4384-34e1-3eb1-9b4b-8cdf4a1d48ae.wav,{'action': 'reminder'| 'entities': [{'type': 'time'| 'filler': 'at ten'}]}, got it i'll remind you at 
fc4fe254-6073-33cb-8b2f-c4593f142a450,2.291125,./data/ny_navi/fc4fe254-6073-33cb-8b2f-c4593f142a45/fc4fe254-6073-33cb-8b2f-c4593f142a45.wav,{'action': 'navigation'| 'entities': [{'type': 'intent'| 'filler': 'head north'}| {'type': 'road'| 'filler': 'one hundred and twenty-seven street'}]}, HEAD NORTH TOWARD 127TH STREE
b509b61d-cf68-3803-a0d5-e15540ede652,8.7825625,./data/newmock/Indianapolis_sync/b509b61d-cf68-3803-a0d5-e15540ede652/b509b61d-cf68-3803-a0d5-e15540ede652.wav,{'action': 'weather'| 'entities': [{'type': 'city'| 'filler': 'indianapolis'}]},IN INDIANAPOLIS FRIDAY IT'LL BE MOSTLY SUNNY WITH A HIGH OF SIXTY EIGHT AND A LOW OF FORTY SEVE
b00688df-2061-3f0f-b395-f362893451e5,6.2499375,./data/newmock/Seattle_sync/b00688df-2061-3f0f-b395-f362893451e5/b00688df-2061-3f0f-b395-f362893451e5.wav,{'action': 'weather'| 'entities': [{'type': 'city'| 'filler': 'seattle'}]},IT WON'T SNOW IN SEATTLE TOMORROW IT'LL BE PARTLY CLOUDY WITH A HIGH OF SIXTY NINE AND A LOW OF FORTY NIN
54f8a5dc-15c0-36c3-91a7-26757c01a2a7,3.9098125,./data/newmock/Winston-Salem_sync/54f8a5dc-15c0-36c3-91a7-26757c01a2a7/54f8a5dc-15c0-36c3-91a7-26757c01a2a7.wav,{'action': 'weather'| 'entities': [{'type': 'city'| 'filler': 'winston salem'}]},TEMPERATURE TONIGHT IN WINSTON SALEM IS PREDICTED TO BE SEVENTEEN DEGREE
fca50e7c-76f0-3503-b057-5a702c4fad5a0,3.3278125,./data/ny_navi/fca50e7c-76f0-3503-b057-5a702c4fad5a/fca50e7c-76f0-3503-b057-5a702c4fad5a.wav,{'action': 'navigation'| 'entities': [{'type': 'intent'| 'filler': 'stay'}| {'type': 'road'| 'filler': 'grand central parkway'}]}, IN A QUARTER MILE KEEP LEFT TO STAY ON GRAND CENTRAL PARKWA
70935d28-93ee-34e3-abd7-d0a0feaae1f4,3.0776875,./data/Reminder/70935d28-93ee-34e3-abd7-d0a0feaae1f4/70935d28-93ee-34e3-abd7-d0a0feaae1f4.wav,{'action': 'reminder'| 'entities': [{'type': 'time'| 'filler': 'on tuesday at seven'}]}, i'll remind you on tuesday at
6a3bccef-32ef-3f0c-a5f3-150986d01ad30,4.260375,./data/ny_navi/6a3bccef-32ef-3f0c-a5f3-150986d01ad3/6a3bccef-32ef-3f0c-a5f3-150986d01ad3.wav,{'action': 'navigation'| 'entities': [{'type': 'intent'| 'filler': 'stay'}| {'type': 'road'| 'filler': 'fdr drive'}| {'type': 'road'| 'filler': 'south street viaduct'}]}, IN A QUARTER MILE KEEP LEFT TO STAY ON FDR DRIVE SOUTH STREET VIADUC
ab841f8b-2c1a-3f6b-aeca-fc621cb58974,3.2469375,./data/newmock/Gilbert_sync/ab841f8b-2c1a-3f6b-aeca-fc621cb58974/ab841f8b-2c1a-3f6b-aeca-fc621cb58974.wav,{'action': 'weather'| 'entities': [{'type': 'city'| 'filler': 'gilbert'}]},GILBERT TONIGHT EXPECT A TEMPERATURE OF TWENTY FOUR DEGREE
83d265f2-53af-3cc5-9212-6a64ae3dfd5f,2.6649375,./data/newmock/SanDiego_sync/83d265f2-53af-3cc5-9212-6a64ae3dfd5f/83d265f2-53af-3cc5-9212-6a64ae3dfd5f.wav,{'action': 'weather'| 'entities': [{'type': 'city'| 'filler': 'san diego'}]},TONIGHT IN SAN DIEGO THERE'S NO CHANCE OF SNO
ba411671-79df-309a-ae9a-c25b92d07597,6.6193125,./data/newmock/Philadelphia_sync/ba411671-79df-309a-ae9a-c25b92d07597/ba411671-79df-309a-ae9a-c25b92d07597.wav,{'action': 'weather'| 'entities': [{'type': 'city'| 'filler': 'philadelphia'}]},NO IT WON'T RAIN WEDNESDAY IN PHILADELPHIA IT'LL BE MOSTLY SUNNY WITH A HIGH OF SIXTY EIGHT AND A LOW OF FORTY FIV
8d1eecfa-b0ab-3262-9611-304c1cab6f4f,2.7741875,./data/newmock/LasVegas_sync/8d1eecfa-b0ab-3262-9611-304c1cab6f4f/8d1eecfa-b0ab-3262-9611-304c1cab6f4f.wav,{'action': 'weather'| 'entities': [{'type': 'city'| 'filler': 'las vegas'}]},NO RAIN IS NOT EXPECTED THIS WEEK IN LAS VEGA
87974557-786e-378d-aff4-4536a20c538f,3.05175,./data/Reminder/87974557-786e-378d-aff4-4536a20c538f/87974557-786e-378d-aff4-4536a20c538f.wav,{'action': 'reminder'| 'entities': [{'type': 'todo'| 'filler': 'get diapers'}]}, get diapers when do you want to be reminde
a201ad58-b752-393b-99ca-7c8478f892bf,1.7366875,./data/Navigation/cleaned_navi/181sync/a201ad58-b752-393b-99ca-7c8478f892bf/a201ad58-b752-393b-99ca-7c8478f892bf.wav,{'action': 'navigation'| 'entities': [{'type': 'intent'| 'filler': 'continue'}]}, continue for five mile
12ef552b-875e-390c-a68a-f955acce6166,2.8285,./data/Reminder/12ef552b-875e-390c-a68a-f955acce6166/12ef552b-875e-390c-a68a-f955acce6166.wav,{'action': 'reminder'| 'entities': [{'type': 'todo'| 'filler': 'call mechanic'}]}, call mechanic be reminde
e7ceae6f-a73c-324b-94d0-71dec2ff0f2a,2.0263125,./data/Navigation/cleaned_navi/235sync/e7ceae6f-a73c-324b-94d0-71dec2ff0f2a/e7ceae6f-a73c-324b-94d0-71dec2ff0f2a.wav,{'action': 'navigation'| 'entities': [{'type': 'intent'| 'filler': 'take the next right'}| {'type': 'road'| 'filler': 'convoy street'}]}, take the next right onto convoy stree
aba17a5d-6f38-3f83-9550-7e83925bc3a6,3.345375,./data/newmock/Omaha_sync/aba17a5d-6f38-3f83-9550-7e83925bc3a6/aba17a5d-6f38-3f83-9550-7e83925bc3a6.wav,{'action': 'weather'| 'entities': [{'type': 'city'| 'filler': 'omaha'}]},TEMPERATURE TONIGHT IN OMAH
82fbc6f5-dec9-3922-baac-4a3d5ecfac8f,6.822,./data/cleanstock/82fbc6f5-dec9-3922-baac-4a3d5ecfac8f/82fbc6f5-dec9-3922-baac-4a3d5ecfac8f.wav,{'action': 'stock'| 'entities': [{'type': 'company'| 'filler': 'pnc financial services group'}]},PNC FINANCIAL SERVICES GROUP DOLLARS AND FIFTY CENT
d87be601-8b6a-3f32-8be3-70b38457c876,4.14375,./data/Reminder/d87be601-8b6a-3f32-8be3-70b38457c876/d87be601-8b6a-3f32-8be3-70b38457c876.wav,{'action': 'reminder'| 'entities': [{'type': 'todo'| 'filler': 'check my balance'}]}, check my balance when do you want to be reminde
18e95014-212c-38d0-b712-698e0b93015b,3.546,./data/newmock/Boise_sync/18e95014-212c-38d0-b712-698e0b93015b/18e95014-212c-38d0-b712-698e0b93015b.wav,{'action': 'weather'| 'entities': [{'type': 'city'| 'filler': 'boise'}]},IT'S NOT EXPECTED TO BE WINDY IN BOISE NEXT SUNDAY THROUGH TUESDA
b63950e4-4cb3-3f33-bbe7-737f99a221e2,4.0340625,./data/newmock/Wichita_sync/b63950e4-4cb3-3f33-bbe7-737f99a221e2/b63950e4-4cb3-3f33-bbe7-737f99a221e2.wav,{'action': 'weather'| 'entities': [{'type': 'city'| 'filler': 'wichita'}]},WICHITA SATURDAY EXPECT A HIGH OF TWENTY THREE AND A LOW OF FOU
e0268e3f-eaf5-3b4a-a71f-3477955c566b,4.164125,./data/newmock/SanFrancisco_sync/e0268e3f-eaf5-3b4a-a71f-3477955c566b/e0268e3f-eaf5-3b4a-a71f-3477955c566b.wav,{'action': 'weather'| 'entities': [{'type': 'city'| 'filler': 'san francisco'}]},THUNDERMAN SAN FRANCISCO EXPECT A HIGH OF SIXTY AND A LOW OF FORTY NIN
99007211-a6db-3c69-a6c8-bd332c152025,3.12375,./data/Reminder/99007211-a6db-3c69-a6c8-bd332c152025/99007211-a6db-3c69-a6c8-bd332c152025.wav,{'action': 'reminder'| 'entities': [{'type': 'todo'| 'filler': 'send a email to my daughters teacher'}]}, send an email to my daughter's teache
6bf7e812-92d4-3a14-bae6-2655009325b7,3.721,./data/cleansun/6bf7e812-92d4-3a14-bae6-2655009325b7/6bf7e812-92d4-3a14-bae6-2655009325b7.wav,{'action': 'sun'| 'entities': [{'type': 'city'| 'filler': 'huntsville'}]},IN HUNTSVILLE TODAY THE SUNSET AT 4:45 P.M
4cc16940-f5f0-3c2b-bd5f-bfb0e6ba0997,4.165375,./data/Navigation/cleaned_navi/122sync/4cc16940-f5f0-3c2b-bd5f-bfb0e6ba0997/4cc16940-f5f0-3c2b-bd5f-bfb0e6ba0997.wav,{'action': 'navigation'| 'entities': [{'type': 'intent'| 'filler': 'turn left'}| {'type': 'road'| 'filler': 'ocean bluff avenue'}]}, in 1000 feet use the left lane to turn left onto ocean bluff avenu
cdabf288-14ba-3679-855e-b870965586bc,4.961,./data/cleantime/cdabf288-14ba-3679-855e-b870965586bc/cdabf288-14ba-3679-855e-b870965586bc.wav,{'action': 'time'| 'entities': [{'type': 'city'| 'filler': ' new york city'}]},TIME IN NEW YORK CITY NEW YORK UNITED STATES IS 4:15 A.M
aebf7486-cb5e-39ca-85e0-14688b4c8788,3.751625,./data/newmock/Wichita_sync/aebf7486-cb5e-39ca-85e0-14688b4c8788/aebf7486-cb5e-39ca-85e0-14688b4c8788.wav,{'action': 'weather'| 'entities': [{'type': 'city'| 'filler': 'wichita'}]},THE LOW TEMPERATURE TODAY IN WICHITA IS PREDICTED TO BE FOURTEEN DEGREE
63b1ece7-50c3-35ed-8130-f3340cb64f8d,3.974125,./data/newmock/Sacramento_sync/63b1ece7-50c3-35ed-8130-f3340cb64f8d/63b1ece7-50c3-35ed-8130-f3340cb64f8d.wav,{'action': 'weather'| 'entities': [{'type': 'city'| 'filler': 'sacramento'}]},PROBABLY NOT THIS WEEK IN SACRAMENTO THERE'S ONLY A LOW CHANCE OF RAI
59fbaa4f-b3c5-3010-bdb6-6f6e85c40eb6,3.596,./data/cleansun/59fbaa4f-b3c5-3010-bdb6-6f6e85c40eb6/59fbaa4f-b3c5-3010-bdb6-6f6e85c40eb6.wav,{'action': 'sun'| 'entities': [{'type': 'city'| 'filler': 'fort worth'}]},IN FORT WORTH TODAY SUNSET IS AT 5:30 P.M
363a8701-2ddc-34a6-8357-2422dfcf3cee,3.928625,./data/newmock/Fresno_sync/363a8701-2ddc-34a6-8357-2422dfcf3cee/363a8701-2ddc-34a6-8357-2422dfcf3cee.wav,{'action': 'weather'| 'entities': [{'type': 'city'| 'filler': 'fresno'}]},FRESNO TODAY EXPECT A HIGH OF NINETY SEVEN IN A LOW OF FIFTY NIN
ae2b705d-d7e3-3bbc-af4c-521e25930cc5,4.589,./data/cleantime/ae2b705d-d7e3-3bbc-af4c-521e25930cc5/ae2b705d-d7e3-3bbc-af4c-521e25930cc5.wav,{'action': 'time'| 'entities': [{'type': 'city'| 'filler': 'moreno valley'}]},THE TIME IN MORENO VALLEY CALIFORNIA IS 3:08 A.M
7d45a251-d814-3050-94f3-790dc7847d34,6.946,./data/cleanair/7d45a251-d814-3050-94f3-790dc7847d34/7d45a251-d814-3050-94f3-790dc7847d34.wav,{'action': 'air'| 'entities': [{'type': 'city'| 'filler': 'louisville'}]},ACCORDING TO THE AIR QUALITY NEAR THE CENTER OF LOUISVILLE IS GOOD WITH AN INDEX RANGING FROM 26 TO 3
e703ee64-eac9-3ff0-882a-0858da801ba6,6.45,./data/cleanstock/e703ee64-eac9-3ff0-882a-0858da801ba6/e703ee64-eac9-3ff0-882a-0858da801ba6.wav,{'action': 'stock'| 'entities': [{'type': 'company'| 'filler': 'ibm common stock'}]},IBM COMMON STOCK CLOSED UP 1.9% ON FRIDAY AT *136.9
6d49b132-da47-3415-8e1f-b9767246d230,3.94475,./data/Reminder/6d49b132-da47-3415-8e1f-b9767246d230/6d49b132-da47-3415-8e1f-b9767246d230.wav,{'action': 'reminder'| 'entities': [{'type': 'todo'| 'filler': 'call my wife'}]}, call my wife when do you want to be reminde
33ae55af-8ffd-32e9-93ed-744f78e6edc2,2.5843125,./data/Reminder/33ae55af-8ffd-32e9-93ed-744f78e6edc2/33ae55af-8ffd-32e9-93ed-744f78e6edc2.wav,{'action': 'reminder'| 'entities': [{'type': 'time'| 'filler': 'wednesday at two pm'}]}, sure i'll remind you on wednesday at 2 p.m
2303303a-b160-378d-a01a-de1f152ca0c0,3.0899375,./data/Navigation/cleaned_navi/266sync/2303303a-b160-378d-a01a-de1f152ca0c0/2303303a-b160-378d-a01a-de1f152ca0c0.wav,{'action': 'navigation'| 'entities': [{'type': 'intent'| 'filler': 'turn left'}| {'type': 'road'| 'filler': 'carroll canyon road'}]}, in 1000 feet turn left onto carroll canyon roa
97e12bb8-2791-3e98-b343-a2039cb75496,6.0480625,./data/newmock/Riverside_sync/97e12bb8-2791-3e98-b343-a2039cb75496/97e12bb8-2791-3e98-b343-a2039cb75496.wav,{'action': 'weather'| 'entities': [{'type': 'city'| 'filler': 'riverside'}]},TOMORROW FOR THURSDAY IN RIVERSIDE IT'LL BE PARTLY CLOUDY WITH LOWS AROUND TWELVE I WILL BE IN TH
e9e861ec-5c6e-3376-b8e1-8359cb1164f5,4.84875,./data/newmock/Bakersfield_sync/e9e861ec-5c6e-3376-b8e1-8359cb1164f5/e9e861ec-5c6e-3376-b8e1-8359cb1164f5.wav,{'action': 'weather'| 'entities': [{'type': 'city'| 'filler': 'bakersfield'}]},IT WON'T RAIN IN BAKERSFIELD SATURDAY MORNING IT'LL BE NINETEEN DEGREES AND SUNN
d2c172f1-a45b-3de2-a89e-59faa1e03032,2.7456875,./data/newmock/JerseyCity_sync/d2c172f1-a45b-3de2-a89e-59faa1e03032/d2c172f1-a45b-3de2-a89e-59faa1e03032.wav,{'action': 'weather'| 'entities': [{'type': 'city'| 'filler': 'jersey city'}]},JERSEY CITY RIGHT NOW IT'S FOURTEEN DEGREE
a317cd36-16cc-3727-8f8b-5ea69dc30187,6.838125,./data/newmock/Gilbert_sync/a317cd36-16cc-3727-8f8b-5ea69dc30187/a317cd36-16cc-3727-8f8b-5ea69dc30187.wav,{'action': 'weather'| 'entities': [{'type': 'city'| 'filler': 'gilbert'}]},NO IT'S NOT FORECAST TO RAIN IN GILBERT TODAY IT'LL BE SUNNY FOR THE FORECASTED HIGH OF THIRTY ONE AND A LOW OF EIGHTEE
292c9280-9234-3832-ad5d-0001f67c00c0,4.6599375,./data/newmock/Minneapolis_sync/292c9280-9234-3832-ad5d-0001f67c00c0/292c9280-9234-3832-ad5d-0001f67c00c0.wav,{'action': 'weather'| 'entities': [{'type': 'city'| 'filler': 'minneapolis'}]},TODAY IN MINNEAPOLIS NINETEEN KM PER HOUR WINDS ARE FORECAST TO COME FROM THE SOUT
06b9ea45-5d06-3146-8dd9-22c65dcbf1b7,3.2695,./data/newmock/Buffalo_sync/06b9ea45-5d06-3146-8dd9-22c65dcbf1b7/06b9ea45-5d06-3146-8dd9-22c65dcbf1b7.wav,{'action': 'weather'| 'entities': [{'type': 'city'| 'filler': 'buffalo'}]},TONIGHT IN BUFFALO EXPECT A TEMPERATURE OF FIFTEEN DEGREE
15354759-8daa-3966-8e94-85dc0038a29a,3.7758125,./data/Reminder/15354759-8daa-3966-8e94-85dc0038a29a/15354759-8daa-3966-8e94-85dc0038a29a.wav,{'action': 'reminder'| 'entities': [{'type': 'todo'| 'filler': 'call the dentist and set an appt'}]}, call the dentist in setting out when do you want to be reminde
5ae6e6e7-793d-367f-a579-13d29ae7efa5,1.522,./data/Navigation/cleaned_navi/221sync/5ae6e6e7-793d-367f-a579-13d29ae7efa5/5ae6e6e7-793d-367f-a579-13d29ae7efa5.wav,{'action': 'navigation'| 'entities': [{'type': 'intent'| 'filler': 'turn right'}| {'type': 'road'| 'filler': 'genesee avenue'}]}, all right on genesee avenu
e2e757e0-7726-3dac-a88a-2b7d7f4bf787,5.458,./data/cleanstock/e2e757e0-7726-3dac-a88a-2b7d7f4bf787/e2e757e0-7726-3dac-a88a-2b7d7f4bf787.wav,{'action': 'stock'| 'entities': [{'type': 'company'| 'filler': 'intel corporation'}]},INTEL CORPORATION CLOSED UP 4.4% ON FRIDAY AND *28.2
4c9d6cba-0840-3575-a15d-f44403daaff2,2.7255,./data/Navigation/cleaned_navi/233sync/4c9d6cba-0840-3575-a15d-f44403daaff2/4c9d6cba-0840-3575-a15d-f44403daaff2.wav,{'action': 'navigation'| 'entities': [{'type': 'intent'| 'filler': 'continue'}| {'type': 'road'| 'filler': 'beryl street'}]}, can anyone beryl street for three-quarters of a mil
61390ded-bcb6-3c33-86d2-f0c9fd4c3db0,2.4288125,./data/newmock/Charlotte_sync/61390ded-bcb6-3c33-86d2-f0c9fd4c3db0/61390ded-bcb6-3c33-86d2-f0c9fd4c3db0.wav,{'action': 'weather'| 'entities': [{'type': 'city'| 'filler': 'charlotte'}]},THIS WEEK IN CHARLOTTE THERE'S NO CHANCE OF SNO
232f01b4-7b8b-3807-ba03-24ae2d8cb5ea,4.42,./data/Reminder/232f01b4-7b8b-3807-ba03-24ae2d8cb5ea/232f01b4-7b8b-3807-ba03-24ae2d8cb5ea.wav,{'action': 'reminder'| 'entities': [{'type': 'todo'| 'filler': 'check my blood glucose'}]}, check my blood glucose when do you want to be reminde
53a5bcc5-ef43-3df0-8743-7d8d61c41adf,7.8795,./data/newmock/Madison_sync/53a5bcc5-ef43-3df0-8743-7d8d61c41adf/53a5bcc5-ef43-3df0-8743-7d8d61c41adf.wav,{'action': 'weather'| 'entities': [{'type': 'city'| 'filler': 'madison'}]},THE SUN IS NOT EXPECTED TO BE OUT IN MADISON TODAY IT'LL BE PARTLY CLOUDY WITH A FORECASTED HIGH OF TWENTY TWO AND A LOW OF THIRT
112d0292-69b6-3056-b0a0-87767427e9ca,3.7878125,./data/Reminder/112d0292-69b6-3056-b0a0-87767427e9ca/112d0292-69b6-3056-b0a0-87767427e9ca.wav,{'action': 'reminder'| 'entities': [{'type': 'todo'| 'filler': 'go to target'}]}, got it go to target when do you want to be reminde
8392d886-b71d-33d4-bbbc-6a537d948bd0,3.969,./data/cleansun/8392d886-b71d-33d4-bbbc-6a537d948bd0/8392d886-b71d-33d4-bbbc-6a537d948bd0.wav,{'action': 'sun'| 'entities': [{'type': 'city'| 'filler': 'fontana'}]},IN FONTANA TODAY THE SUN WILL SET AT 4:49 P.M
78ead026-1975-37c8-b2b9-2464e2841d95,3.303875,./data/newmock/Omaha_sync/78ead026-1975-37c8-b2b9-2464e2841d95/78ead026-1975-37c8-b2b9-2464e2841d95.wav,{'action': 'weather'| 'entities': [{'type': 'city'| 'filler': 'omaha'}]},TEMPERATURE IN OMAHA TONIGHT IS PREDICTED TO BE SIXTY DEGREE
31b9930e-2c4b-30da-991a-53e74bf3296a,3.26225,./data/Navigation/cleaned_navi/0sync/31b9930e-2c4b-30da-991a-53e74bf3296a/31b9930e-2c4b-30da-991a-53e74bf3296a.wav,{'action': 'navigation'| 'entities': [{'type': 'intent'| 'filler': 'continue'}| {'type': 'road'| 'filler': 'la jolla village drive'}]}, continue on la jolla village drive for three-quarters of a mil
1920a35e-41ff-3cae-ab51-c951a29466e3,4.0251875,./data/Reminder/1920a35e-41ff-3cae-ab51-c951a29466e3/1920a35e-41ff-3cae-ab51-c951a29466e3.wav,{'action': 'reminder'| 'entities': [{'type': 'todo'| 'filler': 'bake brownies'}]}, bake brownies when do you want to be reminde
1d3f3fe6-734e-31bd-8dbc-d9531789ddd0,3.770375,./data/Reminder/1d3f3fe6-734e-31bd-8dbc-d9531789ddd0/1d3f3fe6-734e-31bd-8dbc-d9531789ddd0.wav,{'action': 'reminder'| 'entities': [{'type': 'todo'| 'filler': 'go to target'}]}, go to target when do you want to be reminde
34b87ab4-e3fc-3e2b-a52a-6522122b9b4d,3.7123125,./data/newmock/Nashville_sync/34b87ab4-e3fc-3e2b-a52a-6522122b9b4d/34b87ab4-e3fc-3e2b-a52a-6522122b9b4d.wav,{'action': 'weather'| 'entities': [{'type': 'city'| 'filler': 'nashville'}]},WELL THERE'S NO WIND CHILL IN NASHVILLE RIGHT NOW IT FEELS LIKE FIFTY SI
9072c9e5-f200-33ef-9d74-cd6443928841,3.969,./data/cleansun/9072c9e5-f200-33ef-9d74-cd6443928841/9072c9e5-f200-33ef-9d74-cd6443928841.wav,{'action': 'sun'| 'entities': [{'type': 'city'| 'filler': 'gilbert'}]},GILBERT TOMORROW SUNSET IS AT 5:27 P.M
f4549bbf-570a-368c-8eaf-6c645dfc4974,2.9983125,./data/newmock/Philadelphia_sync/f4549bbf-570a-368c-8eaf-6c645dfc4974/f4549bbf-570a-368c-8eaf-6c645dfc4974.wav,{'action': 'weather'| 'entities': [{'type': 'city'| 'filler': 'philadelphia'}]},TODAY IN PHILADELPHIA THERE'S ONLY A LOW CHANCE OF RAI
9a5bd5c2-329c-3eff-9a8a-8001a73df729,5.651,./data/newmock/DesMoines_sync/9a5bd5c2-329c-3eff-9a8a-8001a73df729/9a5bd5c2-329c-3eff-9a8a-8001a73df729.wav,{'action': 'weather'| 'entities': [{'type': 'city'| 'filler': 'des moines'}]},TODAY FOR SATURDAY IN DES MOINES THEY'LL BE THUNDERSTORMS WITH HIGHS AROUND TWENTY SIX AND LOWS AROUND NINETEE
b02290e5-bfc7-361c-a990-462e223c83ba,4.60775,./data/Reminder/b02290e5-bfc7-361c-a990-462e223c83ba/b02290e5-bfc7-361c-a990-462e223c83ba.wav,{'action': 'reminder'| 'entities': [{'type': 'todo'| 'filler': 'stop by my parents house'}]}, all right stop by my parent's house when do you want to be reminde
05e8a492-59db-3dd3-8f0a-2c9c76f2d992,7.472875,./data/newmock/Yonkers_sync/05e8a492-59db-3dd3-8f0a-2c9c76f2d992/05e8a492-59db-3dd3-8f0a-2c9c76f2d992.wav,{'action': 'weather'| 'entities': [{'type': 'city'| 'filler': 'yonkers'}]},NO IT'S NOT FORECAST TO RAIN TODAY IN YONKERS IT'LL BE PARTLY CLOUDY WITH A FORECASTED HIGH OF TWENTY SEVEN AND A LOW OF TWELV
e9be16d0-b528-3516-8a53-8e315c96a9bf,2.9750625,./data/newmock/Seattle_sync/e9be16d0-b528-3516-8a53-8e315c96a9bf/e9be16d0-b528-3516-8a53-8e315c96a9bf.wav,{'action': 'weather'| 'entities': [{'type': 'city'| 'filler': 'seattle'}]},TODAY IN SEATTLE THERE'S NO CHANCE OF SNO
cce53a37-b40a-3df0-9f52-a43186193c88,2.8096875,./data/newmock/Lexington_sync/cce53a37-b40a-3df0-9f52-a43186193c88/cce53a37-b40a-3df0-9f52-a43186193c88.wav,{'action': 'weather'| 'entities': [{'type': 'city'| 'filler': 'lexington'}]},THIS AFTERNOON IN LEXINGTON THERE'S NO CHANCE OF RAI
d8a3a625-74d8-3f96-bb75-442b27b705e90,2.67175,./data/ny_navi/d8a3a625-74d8-3f96-bb75-442b27b705e9/d8a3a625-74d8-3f96-bb75-442b27b705e9.wav,{'action': 'navigation'| 'entities': [{'type': 'intent'| 'filler': 'continue'}| {'type': 'road'| 'filler': 'exit twenty-two d'}]}, KEEP LEFT AT THE FORK TO CONTINUE ON EXIT 22 
4fd76e70-e858-3fbd-930b-54ce17bf8f17,2.832875,./data/newmock/Dallas_sync/4fd76e70-e858-3fbd-930b-54ce17bf8f17/4fd76e70-e858-3fbd-930b-54ce17bf8f17.wav,{'action': 'weather'| 'entities': [{'type': 'city'| 'filler': 'dallas'}]},TEMPERATURE IN DALLAS RIGHT NOW IS FIFTY NINE DEGREE
dafee455-31eb-337c-a3e6-e0f8781835bd,5.81625,./data/newmock/Hialeah_sync/dafee455-31eb-337c-a3e6-e0f8781835bd/dafee455-31eb-337c-a3e6-e0f8781835bd.wav,{'action': 'weather'| 'entities': [{'type': 'city'| 'filler': 'hialeah'}]},TODAY AND TOMORROW IN HIALEAH IT'LL BE PARTLY CLOUDY WITH HIGHS IN THE UPPER TWENTYS AND LOWS IN THE LOW TWENTY
a636c90a-c949-362e-aa32-8ff85111932c,5.209,./data/cleantime/a636c90a-c949-362e-aa32-8ff85111932c/a636c90a-c949-362e-aa32-8ff85111932c.wav,{'action': 'time'| 'entities': [{'type': 'city'| 'filler': 'stockton'}]},TIME IN STOCKTON CALIFORNIA UNITED STATES IS 10:29 A.M
9d55dd8a-816e-3edf-9dce-e8eee7916900,2.1223125,./data/Navigation/cleaned_navi/105sync/9d55dd8a-816e-3edf-9dce-e8eee7916900/9d55dd8a-816e-3edf-9dce-e8eee7916900.wav,{'action': 'navigation'| 'entities': [{'type': 'intent'| 'filler': 'take the next left'}| {'type': 'road'| 'filler': 'montongo street'}]}, take the next left onto montano stree
a3d314a2-e3ad-3819-8f81-2b3892373fc60,1.912625,./data/ny_navi/a3d314a2-e3ad-3819-8f81-2b3892373fc6/a3d314a2-e3ad-3819-8f81-2b3892373fc6.wav,{'action': 'navigation'| 'entities': [{'type': 'intent'| 'filler': 'turn right'}| {'type': 'road'| 'filler': 'east thirty-five street'}]}, TURN RIGHT ONTO EAST 35TH STREE
ad341282-4172-3313-a8dc-f990d53fc22d,3.85025,./data/Reminder/ad341282-4172-3313-a8dc-f990d53fc22d/ad341282-4172-3313-a8dc-f990d53fc22d.wav,{'action': 'reminder'| 'entities': [{'type': 'todo'| 'filler': 'call carol'}]}, call carol when do you want to be reminde
b9e3f4c0-2772-362c-a13a-400e76f0d3b90,3.4096875,./data/ny_navi/b9e3f4c0-2772-362c-a13a-400e76f0d3b9/b9e3f4c0-2772-362c-a13a-400e76f0d3b9.wav,{'action': 'navigation'| 'entities': [{'type': 'intent'| 'filler': 'stay'}| {'type': 'road'| 'filler': 'i four ninety-five east'}]}, IN A QUARTER MILE KEEP LEFT TO STAY ON I-495 EAS
84ea3750-cef8-3da0-a98b-19dd9d732139,4.217,./data/cleansun/84ea3750-cef8-3da0-a98b-19dd9d732139/84ea3750-cef8-3da0-a98b-19dd9d732139.wav,{'action': 'sun'| 'entities': [{'type': 'city'| 'filler': 'fort worth'}]},IN FORT WORTH TOMORROW THE SUN WILL RISE AT 6:57 A.M
ff329075-47dc-36ec-8316-47bef1f6f946,3.816625,./data/newmock/Yonkers_sync/ff329075-47dc-36ec-8316-47bef1f6f946/ff329075-47dc-36ec-8316-47bef1f6f946.wav,{'action': 'weather'| 'entities': [{'type': 'city'| 'filler': 'yonkers'}]},TODAY IN YONKERS EXPECT A HIGH OF TWENTY SEVEN AND A LOW OF THIRTEE
d4a9e7e7-8931-3243-8390-767c8133bb83,3.031875,./data/Reminder/d4a9e7e7-8931-3243-8390-767c8133bb83/d4a9e7e7-8931-3243-8390-767c8133bb83.wav,{'action': 'reminder'| 'entities': [{'type': 'todo'| 'filler': 'call amber'}]}, call adam burr when do you want to be reminde
4742956a-8746-32e4-9ecf-700410ec3570,2.521625,./data/Reminder/4742956a-8746-32e4-9ecf-700410ec3570/4742956a-8746-32e4-9ecf-700410ec3570.wav,{'action': 'reminder'| 'entities': [{'type': 'time'| 'filler': 'at seven'}]}, remind you at
f465276e-ecd6-38bc-b3a3-a2113a7f8938,4.6611875,./data/Navigation/cleaned_navi/17sync/f465276e-ecd6-38bc-b3a3-a2113a7f8938/f465276e-ecd6-38bc-b3a3-a2113a7f8938.wav,{'action': 'navigation'| 'entities': [{'type': 'intent'| 'filler': 'turn right'}| {'type': 'road'| 'filler': 'i eight o five north'}]}, and have a mile use the right two lanes to turn slightly right onto the i-805 north ram
5e77c2ef-477a-379f-b5f0-a85bc55421d6,3.0626875,./data/Navigation/cleaned_navi/63sync/5e77c2ef-477a-379f-b5f0-a85bc55421d6/5e77c2ef-477a-379f-b5f0-a85bc55421d6.wav,{'action': 'navigation'| 'entities': [{'type': 'intent'| 'filler': 'turn right'}| {'type': 'road'| 'filler': 'copley park place'}]}, is the right lane to turn right at the copley park plac
c2dc9d9f-ba96-3d29-bb7b-7b8e2261d213,3.9081875,./data/newmock/Memphis_sync/c2dc9d9f-ba96-3d29-bb7b-7b8e2261d213/c2dc9d9f-ba96-3d29-bb7b-7b8e2261d213.wav,{'action': 'weather'| 'entities': [{'type': 'city'| 'filler': 'memphis'}]},TODAY IN MEMPHIS EXPECT A HIGH OF SEVENTY TWO AND A LOW OF FORTY SEVE
5af468d8-21ed-32b5-a11c-5367eff679c8,4.2589375,./data/newmock/SaltLakeCity_sync/5af468d8-21ed-32b5-a11c-5367eff679c8/5af468d8-21ed-32b5-a11c-5367eff679c8.wav,{'action': 'weather'| 'entities': [{'type': 'city'| 'filler': 'salt lake city'}]},YESTERDAY IN SALT LAKE CITY THERE WAS A HIGH OF TWENTY SEVEN AND A LOW OF FOURTEE
02bfd121-a558-36e7-8394-569f2e7d8bb6,3.2430625,./data/newmock/GrandRapids_sync/02bfd121-a558-36e7-8394-569f2e7d8bb6/02bfd121-a558-36e7-8394-569f2e7d8bb6.wav,{'action': 'weather'| 'entities': [{'type': 'city'| 'filler': 'grand rapids'}]},NEXT THURSDAY NIGHT IN GRAND RAPIDS EXPECTED TEMPERATURE
123d5367-b7b1-3816-ac1a-1a328241ab69,7.6969375,./data/Navigation/cleaned_navi/117sync/123d5367-b7b1-3816-ac1a-1a328241ab69/123d5367-b7b1-3816-ac1a-1a328241ab69.wav,{'action': 'navigation'| 'entities': [{'type': 'intent'| 'filler': 'turn left'}| {'type': 'road'| 'filler': 'clairemont mesa boulevard'}| {'type': 'intent'| 'filler': 'slight right'}| {'type': 'road'| 'filler': 'i eight o five north'}]}, and the right two lanes to turn right onto clairemont mesa boulevard then use the right two lanes to turn slightly right onto the i-805 north ram
f55b72a4-fa87-3fa7-9d91-7dcab99cd23a,4.5684375,./data/newmock/Albuquerque_sync/f55b72a4-fa87-3fa7-9d91-7dcab99cd23a/f55b72a4-fa87-3fa7-9d91-7dcab99cd23a.wav,{'action': 'weather'| 'entities': [{'type': 'city'| 'filler': 'albuquerque'}]},TOMORROW IN ALBUQUERQUE EXPECT A HIGH OF THIRTY IN A LOW OF FOURTEEN DEGREES CELSIU
1063ef4e-3aa8-3fbc-b6e4-2a9c1490cd14,5.8036875,./data/newmock/Irvine_sync/1063ef4e-3aa8-3fbc-b6e4-2a9c1490cd14/1063ef4e-3aa8-3fbc-b6e4-2a9c1490cd14.wav,{'action': 'weather'| 'entities': [{'type': 'city'| 'filler': 'irvine'}]},NO IT WON'T SNOW TOMORROW IN IRVINE IT'LL BE SUNNY WITH A HIGH OF TWENTY EIGHT AND A LOW OF SIXTEE
a115f31e-0009-310b-9ab7-9d698e6d2a70,3.01225,./data/newmock/Columbus_sync/a115f31e-0009-310b-9ab7-9d698e6d2a70/a115f31e-0009-310b-9ab7-9d698e6d2a70.wav,{'action': 'weather'| 'entities': [{'type': 'city'| 'filler': 'columbus'}]},NO TODAY IN COLUMBUS THERE'S NO CHANCE OF SNO
cba9f60e-badb-36ae-a756-2244586fa719,2.695625,./data/Reminder/cba9f60e-badb-36ae-a756-2244586fa719/cba9f60e-badb-36ae-a756-2244586fa719.wav,{'action': 'reminder'| 'entities': [{'type': 'time'| 'filler': 'on friday at seven am'}]}, sure i'll remind you on friday at 7 p.m
49cd9488-b31e-3485-aec0-009ccb77be53,4.7563125,./data/newmock/OklahomaCity_sync/49cd9488-b31e-3485-aec0-009ccb77be53/49cd9488-b31e-3485-aec0-009ccb77be53.wav,{'action': 'weather'| 'entities': [{'type': 'city'| 'filler': 'oklahoma city'}]},PROBABLY NOT THIS AFTERNOON IN OKLAHOMA CITY THERE'S ONLY A VERY SLIGHT CHANCE OF RAI
cb0dc1c6-be9b-3f33-82dd-8752397242ad,3.472,./data/cleansun/cb0dc1c6-be9b-3f33-82dd-8752397242ad/cb0dc1c6-be9b-3f33-82dd-8752397242ad.wav,{'action': 'sun'| 'entities': [{'type': 'city'| 'filler': 'durham'}]},SUNSET IS AT 5:12 P.M
c4f7fdd9-e36b-3955-8b75-42707cc7d2110,5.410875,./data/ny_navi/c4f7fdd9-e36b-3955-8b75-42707cc7d211/c4f7fdd9-e36b-3955-8b75-42707cc7d211.wav,{'action': 'navigation'| 'entities': [{'type': 'intent'| 'filler': 'take'}| {'type': 'road'| 'filler': 'exit forty-six'}| {'type': 'road'| 'filler': 'manhattan'}]}, IN ONE AND A HALF MILES TO USE THE RIGHT TWO LANES TO TAKE EXIT 46 TOWARD MANHATTAN RANDALL'S ISLAN
2f4e8099-e57a-3243-a256-b33663de0ca6,3.097625,./data/Reminder/2f4e8099-e57a-3243-a256-b33663de0ca6/2f4e8099-e57a-3243-a256-b33663de0ca6.wav,{'action': 'reminder'| 'entities': [{'type': 'time'| 'filler': 'on tuesday at six'}]}, got it i'll remind you on tuesday at
4bc58a35-e4d8-3070-a57a-03e3ef96ecff,4.07825,./data/newmock/ColoradoSprings_sync/4bc58a35-e4d8-3070-a57a-03e3ef96ecff/4bc58a35-e4d8-3070-a57a-03e3ef96ecff.wav,{'action': 'weather'| 'entities': [{'type': 'city'| 'filler': 'colorado springs'}]},TEMPERATURE IN COLORADO SPRINGS TONIGHT IS PREDICTED TO BE FIFTY SIX DEGREE
b657c99f-62d9-3999-9d10-f37e693db7e9,3.33725,./data/Navigation/cleaned_navi/56sync/b657c99f-62d9-3999-9d10-f37e693db7e9/b657c99f-62d9-3999-9d10-f37e693db7e9.wav,{'action': 'navigation'| 'entities': [{'type': 'intent'| 'filler': 'continue'}| {'type': 'road'| 'filler': 'vista sorrento parkway'}]}, continue on vista sorrento parkway for one and a half mile
78110d74-01f9-3a12-b7e7-ce478ae0d018,2.1478125,./data/Reminder/78110d74-01f9-3a12-b7e7-ce478ae0d018/78110d74-01f9-3a12-b7e7-ce478ae0d018.wav,{'action': 'reminder'| 'entities': [{'type': 'time'| 'filler': 'tonight at seven pm'}]}, all right i'll remind you at 7 p.m
891762ec-86fc-351e-9bc9-665d348789d4,3.81725,./data/newmock/Miami_sync/891762ec-86fc-351e-9bc9-665d348789d4/891762ec-86fc-351e-9bc9-665d348789d4.wav,{'action': 'weather'| 'entities': [{'type': 'city'| 'filler': 'miami'}]},NO RAIN IS EXPECTED TONIGHT IN MIAMI IT'LL BE PARTLY CLOUD
c9693cff-5747-3824-8d4d-77e14019b17f,6.202,./data/cleanstock/c9693cff-5747-3824-8d4d-77e14019b17f/c9693cff-5747-3824-8d4d-77e14019b17f.wav,{'action': 'stock'| 'entities': [{'type': 'company'| 'filler': 'northrop grumman corp'}]},NORTHROP GRUMMAN CORP CLOSE UP 0.16% TODAY AT *549 AND *0.0
0e5c96bc-bb5d-3921-a9db-177f3112648c,4.304625,./data/Reminder/0e5c96bc-bb5d-3921-a9db-177f3112648c/0e5c96bc-bb5d-3921-a9db-177f3112648c.wav,{'action': 'reminder'| 'entities': [{'type': 'todo'| 'filler': 'call the school to ask about the lunch menu'}]}, ask about the lunch menu when do you want to b
673f7550-912a-31ec-aa56-f2456d16f839,4.545875,./data/newmock/Aurora_sync/673f7550-912a-31ec-aa56-f2456d16f839/673f7550-912a-31ec-aa56-f2456d16f839.wav,{'action': 'weather'| 'entities': [{'type': 'city'| 'filler': 'aurora'}]},TODAY IN AURORA THERE'S A GOOD CHANCE OF RAIN FROM AROUND TWO PM UNTIL ABOUT TEN P
dcc6025b-45fe-3611-bfda-140b2da44fc1,3.7128125,./data/newmock/Orlando_sync/dcc6025b-45fe-3611-bfda-140b2da44fc1/dcc6025b-45fe-3611-bfda-140b2da44fc1.wav,{'action': 'weather'| 'entities': [{'type': 'city'| 'filler': 'orlando'}]},TONIGHT IN ORLANDO EXPECTED TEMPERATURE IS TWENTY TWO DEGREES 
7ff1d6e3-07c8-33e1-8904-2915b3a1a2680,5.0196875,./data/ny_navi/7ff1d6e3-07c8-33e1-8904-2915b3a1a268/7ff1d6e3-07c8-33e1-8904-2915b3a1a268.wav,{'action': 'navigation'| 'entities': [{'type': 'intent'| 'filler': 'continue'}| {'type': 'road'| 'filler': 'exit twenty-two c'}| {'type': 'intent'| 'filler': 'take'}| {'type': 'road'| 'filler': 'exit'}]}, KEEP RIGHT AT THE FORK TO CONTINUE ON EXIT 22C THEN TAKE THE EXIT TOWARDS FLUSHING MEADOWS-CORONA ROA
9a1c56ab-49cf-3b90-8443-a5054a67c0eb,5.954,./data/cleanstock/9a1c56ab-49cf-3b90-8443-a5054a67c0eb/9a1c56ab-49cf-3b90-8443-a5054a67c0eb.wav,{'action': 'stock'| 'entities': [{'type': 'company'| 'filler': 'jd com'}]},COME CLOSE. 0.29% TODAY IN *44.5
03f40fe0-546c-35ef-9948-733b2efad598,2.535375,./data/newmock/Wichita_sync/03f40fe0-546c-35ef-9948-733b2efad598/03f40fe0-546c-35ef-9948-733b2efad598.wav,{'action': 'weather'| 'entities': [{'type': 'city'| 'filler': 'wichita'}]},YES IT WILL RAIN IN WICHITA TODAY TOMORRO
61941291-2eec-3b13-92a2-95157b327683,2.84275,./data/Reminder/61941291-2eec-3b13-92a2-95157b327683/61941291-2eec-3b13-92a2-95157b327683.wav,{'action': 'reminder'| 'entities': [{'type': 'time'| 'filler': 'on june first at two pm'}]}, i'll remind you on june 1st at 2 p.m
611c5b00-8614-38e3-a96d-6ec1b559090e,3.7285625,./data/newmock/Yonkers_sync/611c5b00-8614-38e3-a96d-6ec1b559090e/611c5b00-8614-38e3-a96d-6ec1b559090e.wav,{'action': 'weather'| 'entities': [{'type': 'city'| 'filler': 'yonkers'}]},TODAY IN YONKERS EXPECT A HIGH OF TWENTY SEVEN AND A LOW OF TWELV
20112029-2647-3550-aa49-8063671247dc,2.44825,./data/newmock/DMAirForce_sync/20112029-2647-3550-aa49-8063671247dc/20112029-2647-3550-aa49-8063671247dc.wav,{'action': 'weather'| 'entities': [{'type': 'city'| 'filler': 'dm air force'}]},HERE'S THE FORECAST FOR DM AIR FORCE BAS
ee945450-4392-32b9-a5ee-afe7312eb699,2.979625,./data/newmock/Reno_sync/ee945450-4392-32b9-a5ee-afe7312eb699/ee945450-4392-32b9-a5ee-afe7312eb699.wav,{'action': 'weather'| 'entities': [{'type': 'city'| 'filler': 'reno'}]},NO TODAY IN RENO THERE'S NO CHANCE OF SNO
852c642a-f89b-31b3-9767-bcbe37839322,7.4035625,./data/newmock/CulverCity_sync/852c642a-f89b-31b3-9767-bcbe37839322/852c642a-f89b-31b3-9767-bcbe37839322.wav,{'action': 'weather'| 'entities': [{'type': 'city'| 'filler': 'culver city'}]},I KNOW TODAY IS NOT PREDICTED TO BE WINDY IN CULVER CITY MILE PER HOUR WINDS BLOWING FROM THE SOUTHWES
bcf82ab7-8235-311a-b384-fb778bcac08b,3.06425,./data/newmock/Denver_sync/bcf82ab7-8235-311a-b384-fb778bcac08b/bcf82ab7-8235-311a-b384-fb778bcac08b.wav,{'action': 'weather'| 'entities': [{'type': 'city'| 'filler': 'denver'}]},RIGHT NOW IN DENVER THERE'S ONLY A VERY SLIGHT CHANCE OF RAI
ce241dd5-bc66-3436-822b-dba2550361be,3.2345625,./data/newmock/SanDiego_sync/ce241dd5-bc66-3436-822b-dba2550361be/ce241dd5-bc66-3436-822b-dba2550361be.wav,{'action': 'weather'| 'entities': [{'type': 'city'| 'filler': 'san diego'}]},THIS WEEK IN SAN DIEGO THERE'S NO CHANCE OF SNO
3a37114b-222c-308a-bd7d-c57f2b01ea66,5.5509375,./data/newmock/FortWorth_sync/3a37114b-222c-308a-bd7d-c57f2b01ea66/3a37114b-222c-308a-bd7d-c57f2b01ea66.wav,{'action': 'weather'| 'entities': [{'type': 'city'| 'filler': 'fort worth'}]},NO IT WON'T RAIN TOMORROW MORNING IN FORT WORTH IT'LL BE FIFTY SEVEN DEGREES AND PARTLY CLOUD
5e9e4ea4-59f8-3e94-8dc3-2b71e05b55fd,8.186,./data/cleanair/5e9e4ea4-59f8-3e94-8dc3-2b71e05b55fd/5e9e4ea4-59f8-3e94-8dc3-2b71e05b55fd.wav,{'action': 'air'| 'entities': [{'type': 'city'| 'filler': 'long beach'}]},ACCORDING TO THE AIR QUALITY IS GOOD WITH AN INDEX OF 3
b34d5d37-f4a2-3c33-b0bd-9333389c1802,2.3776875,./data/Navigation/cleaned_navi/232sync/b34d5d37-f4a2-3c33-b0bd-9333389c1802/b34d5d37-f4a2-3c33-b0bd-9333389c1802.wav,{'action': 'navigation'| 'entities': [{'type': 'intent'| 'filler': 'continue'}| {'type': 'road'| 'filler': 'nobel drive'}]}, nobel drive 42 mile
9110b4d9-7edd-33fe-bbb7-cd6cb0b412930,2.042625,./data/ny_navi/9110b4d9-7edd-33fe-bbb7-cd6cb0b41293/9110b4d9-7edd-33fe-bbb7-cd6cb0b41293.wav,{'action': 'navigation'| 'entities': [{'type': 'intent'| 'filler': 'make a u-turn'}| {'type': 'road'| 'filler': 'west sixteen street'}]}, MAKE A U-TURN AT WEST 16TH STREE
8bf92c26-a6ba-3e35-853c-36aa693d1819,2.4218125,./data/Reminder/8bf92c26-a6ba-3e35-853c-36aa693d1819/8bf92c26-a6ba-3e35-853c-36aa693d1819.wav,{'action': 'reminder'| 'entities': [{'type': 'todo'| 'filler': 'call ben'}]}, okay call ben when do you want to be wit
ee291ab2-4e43-3730-be3a-bd04bd15d480,6.67975,./data/Navigation/cleaned_navi/120sync/ee291ab2-4e43-3730-be3a-bd04bd15d480/ee291ab2-4e43-3730-be3a-bd04bd15d480.wav,{'action': 'navigation'| 'entities': [{'type': 'intent'| 'filler': 'turn left'}| {'type': 'road'| 'filler': 'sorrento valley boulevard'}| {'type': 'intent'| 'filler': 'turn right'}| {'type': 'road'| 'filler': 'roselle street'}]}, and the left two lanes to turn left i just read over valley boulevard san use the right two lanes to turn right onto rosselle stree
0f3c97dc-18f9-38d2-a0e3-c7e9d1117bec,2.910375,./data/Navigation/cleaned_navi/42sync/0f3c97dc-18f9-38d2-a0e3-c7e9d1117bec/0f3c97dc-18f9-38d2-a0e3-c7e9d1117bec.wav,{'action': 'navigation'| 'entities': [{'type': 'intent'| 'filler': 'continue'}| {'type': 'road'| 'filler': 'genesee avenue'}]}, continue on genesee avenue for three-quarters of a mil
704160cf-e353-3fb4-a55a-b2ed7088fbb3,2.156625,./data/Navigation/cleaned_navi/101sync/704160cf-e353-3fb4-a55a-b2ed7088fbb3/704160cf-e353-3fb4-a55a-b2ed7088fbb3.wav,{'action': 'navigation'| 'entities': [{'type': 'intent'| 'filler': 'take the next right'}| {'type': 'road'| 'filler': 'greenford drive'}]}, take the next right onto greenford driv
1b9895e9-ac94-383d-934b-1d86ca00eec0,1.8196875,./data/Reminder/1b9895e9-ac94-383d-934b-1d86ca00eec0/1b9895e9-ac94-383d-934b-1d86ca00eec0.wav,{'action': 'reminder'| 'entities': [{'type': 'time'| 'filler': 'tomorrow'}]}, remind you tomorro
1b2445ce-20cf-3fc2-8ae1-be1e76ac2a62,6.0234375,./data/newmock/DesMoines_sync/1b2445ce-20cf-3fc2-8ae1-be1e76ac2a62/1b2445ce-20cf-3fc2-8ae1-be1e76ac2a62.wav,{'action': 'weather'| 'entities': [{'type': 'city'| 'filler': 'des moines'}]},IT'S LIKE ON WEDNESDAY IN DES MOINES THERE'S A GOOD CHANCE OF RAIN STARTING AROUND NINE A.M. AND CONTINUING THROUGH THE NIGH
2dcee808-7119-375a-bbed-6a8c9a9a176b,6.5343125,./data/newmock/Memphis_sync/2dcee808-7119-375a-bbed-6a8c9a9a176b/2dcee808-7119-375a-bbed-6a8c9a9a176b.wav,{'action': 'weather'| 'entities': [{'type': 'city'| 'filler': 'memphis'}]},NO IT WON'T SNOW TOMORROW IN MEMPHIS IT'LL BE MOSTLY SUNNY WITH A HIGH OF SEVENTY FOUR AND A LOW OF FIFTY ON
415a31e9-551b-3891-82db-8ceb6fa82e31,2.0850625,./data/Navigation/cleaned_navi/170sync/415a31e9-551b-3891-82db-8ceb6fa82e31/415a31e9-551b-3891-82db-8ceb6fa82e31.wav,{'action': 'navigation'| 'entities': [{'type': 'intent'| 'filler': 'turn right'}| {'type': 'road'| 'filler': 'sorrento valley boulevard'}]}, i'm right on the sorrento valley boulevar
f36ebc18-18ee-3028-a5b1-b3c6019155e2,5.333,./data/cleantime/f36ebc18-18ee-3028-a5b1-b3c6019155e2/f36ebc18-18ee-3028-a5b1-b3c6019155e2.wav,{'action': 'time'| 'entities': [{'type': 'city'| 'filler': 'san francisco'}]},TIME IN SAN FRANCISCO CALIFORNIA UNITED STATES IS 12:16 A.M
75b81204-73e3-37e9-bf27-d3c16bdea92c,2.610375,./data/newmock/Riverside_sync/75b81204-73e3-37e9-bf27-d3c16bdea92c/75b81204-73e3-37e9-bf27-d3c16bdea92c.wav,{'action': 'weather'| 'entities': [{'type': 'city'| 'filler': 'riverside'}]},TODAY IN RIVERSIDE THERE'S NO CHANCE OF SNO
3fe8d698-de95-3113-8419-05a044299241,4.19225,./data/newmock/FortWorth_sync/3fe8d698-de95-3113-8419-05a044299241/3fe8d698-de95-3113-8419-05a044299241.wav,{'action': 'weather'| 'entities': [{'type': 'city'| 'filler': 'fort worth'}]},FORT WORTH SUNDAY EXPECT A HIGH OF SEVENTY SEVEN AND A LOW OF SIXTY EIGH
5eeea118-8efa-3c92-b76e-82bfcae17be6,4.217,./data/cleantime/5eeea118-8efa-3c92-b76e-82bfcae17be6/5eeea118-8efa-3c92-b76e-82bfcae17be6.wav,{'action': 'time'| 'entities': [{'type': 'city'| 'filler': 'santa ana'}]},TIME IN SANTA ANA CALIFORNIA IS 1:40 A.M
b0572c07-500e-3125-a2ea-c1d997fb2e6f0,6.4179375,./data/ny_navi/b0572c07-500e-3125-a2ea-c1d997fb2e6f/b0572c07-500e-3125-a2ea-c1d997fb2e6f.wav,{'action': 'navigation'| 'entities': [{'type': 'intent'| 'filler': 'take'}| {'type': 'road'| 'filler': 'i ninety-five south exit'}| {'type': 'intent'| 'filler': 'continue'}| {'type': 'road'| 'filler': 'exit seven s'}]}, AND THE RIGHT TWO LANES TO TAKE THE I-95 SOUTH EXIT THEN KEEP LEFT AT THE FORK TO CONTINUE ON EXIT 7
becfd1b5-7771-38d2-863e-aed1572ce5fa,3.2709375,./data/newmock/Hialeah_sync/becfd1b5-7771-38d2-863e-aed1572ce5fa/becfd1b5-7771-38d2-863e-aed1572ce5fa.wav,{'action': 'weather'| 'entities': [{'type': 'city'| 'filler': 'hialeah'}]},TODAY'S HIGH IN HIALEAH IS PREDICTED TO BE TWENTY NINE DEGREE
2a3c2e39-826c-3542-94ae-d3ae8fde88bb,2.1390625,./data/Navigation/cleaned_navi/171sync/2a3c2e39-826c-3542-94ae-d3ae8fde88bb/2a3c2e39-826c-3542-94ae-d3ae8fde88bb.wav,{'action': 'navigation'| 'entities': [{'type': 'intent'| 'filler': 'continue'}| {'type': 'road'| 'filler': 'nobel drive'}]}, continue on noble drive for one mil
414e5979-249f-3eb4-998e-ec8a38b11628,7.5629375,./data/newmock/Seattle_sync/414e5979-249f-3eb4-998e-ec8a38b11628/414e5979-249f-3eb4-998e-ec8a38b11628.wav,{'action': 'weather'| 'entities': [{'type': 'city'| 'filler': 'seattle'}]},ALTHOUGH THERE'S ONLY A VERY SLIGHT CHANCE OF RAIN IN SEATTLE TODAY THERE'S A MODERATE CHANCE OF RAIN ON MONDAY STARTING AROUND ONE A.M. AND CONTINUING THROUGH THE NIGH
8f3bec1c-eeb3-39d2-8c57-d7f957386fd6,3.9086875,./data/newmock/Memphis_sync/8f3bec1c-eeb3-39d2-8c57-d7f957386fd6/8f3bec1c-eeb3-39d2-8c57-d7f957386fd6.wav,{'action': 'weather'| 'entities': [{'type': 'city'| 'filler': 'memphis'}]},TODAY IN MEMPHIS EXPECT A HIGH OF SEVENTY TWO AND A LOW OF FORTY SEVE
f254d5af-af3c-3d9b-9e9c-711a7bb4a49a,4.0796875,./data/Reminder/f254d5af-af3c-3d9b-9e9c-711a7bb4a49a/f254d5af-af3c-3d9b-9e9c-711a7bb4a49a.wav,{'action': 'reminder'| 'entities': [{'type': 'todo'| 'filler': 'get a car wash'}]}, get the car wash when do you want to be reminde
7ac111da-1e08-3538-b611-fe719138e87b,3.1055625,./data/newmock/Glendale_sync/7ac111da-1e08-3538-b611-fe719138e87b/7ac111da-1e08-3538-b611-fe719138e87b.wav,{'action': 'weather'| 'entities': [{'type': 'city'| 'filler': 'glendale'}]},TODAY IN GLENDALE CAN ONLY A VERY SLIGHT CHANCE OF RAI
b0b37933-3d5f-3f0c-b6dc-f52b577bdeb2,6.45,./data/cleanstock/b0b37933-3d5f-3f0c-b6dc-f52b577bdeb2/b0b37933-3d5f-3f0c-b6dc-f52b577bdeb2.wav,{'action': 'stock'| 'entities': [{'type': 'company'| 'filler': 'colgate palmolive company'}]},"OKAY, I'LL HAVE COMPANY CLOSED DOWN 0.14% TODAY AT *73.7"
7e60f57f-da38-3a53-87fe-8938dc171bce,2.1605,./data/Reminder/7e60f57f-da38-3a53-87fe-8938dc171bce/7e60f57f-da38-3a53-87fe-8938dc171bce.wav,{'action': 'reminder'| 'entities': [{'type': 'time'| 'filler': 'six pm'}]}, all right i'll remind you at 6 p.m
21cd771d-85e3-34f2-882e-9244a45dfbc9,3.5918125,./data/newmock/Nashville_sync/21cd771d-85e3-34f2-882e-9244a45dfbc9/21cd771d-85e3-34f2-882e-9244a45dfbc9.wav,{'action': 'weather'| 'entities': [{'type': 'city'| 'filler': 'nashville'}]},TEMPERATURE TONIGHT IN NASHVILLE IS PREDICTED TO BE FIFTY SIX DEGREE
19e4c348-fa19-3ad2-88a8-250d7633e293,3.143125,./data/Navigation/cleaned_navi/211sync/19e4c348-fa19-3ad2-88a8-250d7633e293/19e4c348-fa19-3ad2-88a8-250d7633e293.wav,{'action': 'navigation'| 'entities': [{'type': 'intent'| 'filler': 'turn right'}| {'type': 'road'| 'filler': 'copley park place'}]}, in 1000 feet turn right on the copley park plac
c84ed21d-9023-398e-8626-3d85acde1709,4.3513125,./data/Reminder/c84ed21d-9023-398e-8626-3d85acde1709/c84ed21d-9023-398e-8626-3d85acde1709.wav,{'action': 'reminder'| 'entities': [{'type': 'todo'| 'filler': 'call customer service'}]}, call customer service when do you want to be reminde
718c0050-0b94-3d62-a343-b4600b159d8f,6.698,./data/cleanair/718c0050-0b94-3d62-a343-b4600b159d8f/718c0050-0b94-3d62-a343-b4600b159d8f.wav,{'action': 'air'| 'entities': [{'type': 'city'| 'filler': 'minneapolis'}]},ACCORDING TO THE AIR QUALITY NEAR THE CENTER OF MINNEAPOLIS IS GOOD WITH AN INDEX RANGING FROM 4 TO 
0124e1ad-fa8e-3763-8a39-979328ec24af,3.8713125,./data/newmock/Phoenix_sync/0124e1ad-fa8e-3763-8a39-979328ec24af/0124e1ad-fa8e-3763-8a39-979328ec24af.wav,{'action': 'weather'| 'entities': [{'type': 'city'| 'filler': 'phoenix'}]},THE FORECAST IN PHOENIX TOMORROW AFTERNOON IS NINETY THREE DEGREES AND SUNN
81c3fff6-8df9-375e-9973-fa152f5e6acf,3.560375,./data/Navigation/cleaned_navi/77sync/81c3fff6-8df9-375e-9973-fa152f5e6acf/81c3fff6-8df9-375e-9973-fa152f5e6acf.wav,{'action': 'navigation'| 'entities': [{'type': 'intent'| 'filler': 'turn left'}| {'type': 'road'| 'filler': 'la jolla village drive'}]}, in 800 feet turn left onto the ram
aca2a1f4-c8c8-3e2f-a38a-0a9980b0ca82,3.8404375,./data/newmock/OklahomaCity_sync/aca2a1f4-c8c8-3e2f-a38a-0a9980b0ca82/aca2a1f4-c8c8-3e2f-a38a-0a9980b0ca82.wav,{'action': 'weather'| 'entities': [{'type': 'city'| 'filler': 'oklahoma city'}]},HEARTLAND OKLAHOMA CITY IT FEELS LIKE FIFTY THREE DUE TO WIND CHIL
a560727e-38e9-313d-86ab-dfbb7091166a,4.04375,./data/Navigation/cleaned_navi/187sync/a560727e-38e9-313d-86ab-dfbb7091166a/a560727e-38e9-313d-86ab-dfbb7091166a.wav,{'action': 'navigation'| 'entities': [{'type': 'intent'| 'filler': 'turn right'}| {'type': 'road'| 'filler': 'i eight o five south'}]}, in 1000 feet turn right onto the i-805 south ram
c0f99d37-52d3-3564-a11b-17421bd02087,2.0725,./data/Reminder/c0f99d37-52d3-3564-a11b-17421bd02087/c0f99d37-52d3-3564-a11b-17421bd02087.wav,{'action': 'reminder'| 'entities': [{'type': 'time'| 'filler': 'at two'}]}, sure i'll remind you at
ffcc78c4-2e36-362a-977b-229cdb0e171d,1.9935,./data/Navigation/cleaned_navi/15sync/ffcc78c4-2e36-362a-977b-229cdb0e171d/ffcc78c4-2e36-362a-977b-229cdb0e171d.wav,{'action': 'navigation'| 'entities': [{'type': 'intent'| 'filler': 'turn left'}| {'type': 'road'| 'filler': 'mira mesa boulevard'}]}, turn left onto marion mesa boulevar
8a7a104e-d43c-3045-bafb-7722c6b02f900,5.7135625,./data/ny_navi/8a7a104e-d43c-3045-bafb-7722c6b02f90/8a7a104e-d43c-3045-bafb-7722c6b02f90.wav,{'action': 'navigation'| 'entities': [{'type': 'intent'| 'filler': 'take'}| {'type': 'road'| 'filler': 'exit one c'}| {'type': 'road'| 'filler': 'i eighty-seven south'}]}, IN ONE AND A HALF MILES AND USE THE SECOND FROM THE RIGHT LANE TO TAKE EXIT 1C D4 I-87 SOUTH TOWARD QUEE
b60419b2-08b4-3960-87a2-886d4925bb5f0,2.927375,./data/ny_navi/b60419b2-08b4-3960-87a2-886d4925bb5f/b60419b2-08b4-3960-87a2-886d4925bb5f.wav,{'action': 'navigation'| 'entities': [{'type': 'intent'| 'filler': 'continue'}| {'type': 'road'| 'filler': 'i two seventy-eight west'}]}, IF ANYONE I-278 WEST FOR 2 MILE
77c336f3-61f1-32aa-8629-ba1c98062cef0,2.7744375,./data/ny_navi/77c336f3-61f1-32aa-8629-ba1c98062cef/77c336f3-61f1-32aa-8629-ba1c98062cef.wav,{'action': 'navigation'| 'entities': [{'type': 'intent'| 'filler': 'take'}| {'type': 'road'| 'filler': 'exit'}| {'type': 'road'| 'filler': 'i two seventy-eight east'}| {'type': 'intent'| 'filler': 'keep right'}]}, KTXS COURT I-278 EAST AND KEEP RIGH
b13171a2-237d-3739-ab38-beebd5633242,3.4901875,./data/newmock/Wichita_sync/b13171a2-237d-3739-ab38-beebd5633242/b13171a2-237d-3739-ab38-beebd5633242.wav,{'action': 'weather'| 'entities': [{'type': 'city'| 'filler': 'wichita'}]},RIGHT NOW IN WICHITA IT FEELS LIKE THIRTEEN TO THE WIND CHIL
e4c7747a-c80e-3268-aea1-9dc62c930a91,4.4274375,./data/newmock/Cincinnati_sync/e4c7747a-c80e-3268-aea1-9dc62c930a91/e4c7747a-c80e-3268-aea1-9dc62c930a91.wav,{'action': 'weather'| 'entities': [{'type': 'city'| 'filler': 'cincinnati'}]},CINCINNATI RIGHT NOW THE WIND IS BLOWING TWO KM PER HOUR FROM THE SOUTHEAS
bce29702-ca70-3f9e-b517-cc54b03cc9ca,4.12425,./data/newmock/LasVegas_sync/bce29702-ca70-3f9e-b517-cc54b03cc9ca/bce29702-ca70-3f9e-b517-cc54b03cc9ca.wav,{'action': 'weather'| 'entities': [{'type': 'city'| 'filler': 'las vegas'}]},IN LAS VEGAS THURSDAY EXPECT A HIGH OF NINETY SEVEN IN A LOAN OF SEVENT
e8ef79e9-7de6-35b5-ad1d-db85515d3601,3.2435,./data/newmock/Dallas_sync/e8ef79e9-7de6-35b5-ad1d-db85515d3601/e8ef79e9-7de6-35b5-ad1d-db85515d3601.wav,{'action': 'weather'| 'entities': [{'type': 'city'| 'filler': 'dallas'}]},THE TEMPERATURE IN DALLAS WEDNESDAY NIGHT WILL BE SIXTY ONE DEGREE
044131d0-1317-32d2-b8ed-2a12924e5ad5,7.6053125,./data/newmock/Buffalo_sync/044131d0-1317-32d2-b8ed-2a12924e5ad5/044131d0-1317-32d2-b8ed-2a12924e5ad5.wav,{'action': 'weather'| 'entities': [{'type': 'city'| 'filler': 'buffalo'}]},I'M AT FOUR NEXT THURSDAY IN BUFFALO HIGH SCHOOL FALL FROM TWENTY FOUR TWO HUNDRED AND NINETEEN ROSE WILL BE IN THE MID TEENS MONDAY THROUGH NEXT TUESDA
c9f8b410-2ad4-3b5d-b322-c7cea48952e2,3.9945625,./data/newmock/Birmingham_sync/c9f8b410-2ad4-3b5d-b322-c7cea48952e2/c9f8b410-2ad4-3b5d-b322-c7cea48952e2.wav,{'action': 'weather'| 'entities': [{'type': 'city'| 'filler': 'birmingham'}]},NEXT THURSDAY NIGHT IN BIRMINGHAM EXPECT A TEMPERATURE OF TWENTY SIX DEGREE
7ae81c6a-a92b-3b0b-93c6-7c2ab07b365c,3.8364375,./data/newmock/Minneapolis_sync/7ae81c6a-a92b-3b0b-93c6-7c2ab07b365c/7ae81c6a-a92b-3b0b-93c6-7c2ab07b365c.wav,{'action': 'weather'| 'entities': [{'type': 'city'| 'filler': 'minneapolis'}]},MINNEAPOLIS TOMORROW EXPECT A HIGH OF TWENTY ONE AND A LOW OF TE
630581d7-f02a-3c1a-bb93-47cbdfecd997,3.1511875,./data/Reminder/630581d7-f02a-3c1a-bb93-47cbdfecd997/630581d7-f02a-3c1a-bb93-47cbdfecd997.wav,{'action': 'reminder'| 'entities': [{'type': 'todo'| 'filler': 'check my balance'}]}, check my balance when do you want to be reminde
8a404a9e-d3b5-3ad7-af0e-81645e9cbd8a,2.95825,./data/Navigation/cleaned_navi/15sync/8a404a9e-d3b5-3ad7-af0e-81645e9cbd8a/8a404a9e-d3b5-3ad7-af0e-81645e9cbd8a.wav,{'action': 'navigation'| 'entities': [{'type': 'intent'| 'filler': 'turn left'}| {'type': 'road'| 'filler': 'mira mesa boulevard'}]}, in a quarter mile turn left onto marion mesa boulevar
533b79f5-8086-353a-bd35-5b8e2b4d7664,4.11,./data/newmock/Baltimore_sync/533b79f5-8086-353a-bd35-5b8e2b4d7664/533b79f5-8086-353a-bd35-5b8e2b4d7664.wav,{'action': 'weather'| 'entities': [{'type': 'city'| 'filler': 'baltimore'}]},SUNDAY IN BALTIMORE HAVE SEVENTY ONE AND A LOW OF FIFTY FIV
1515fd0f-5206-35e2-a8e4-b6d4c5f204b1,3.5994375,./data/newmock/Glendale_sync/1515fd0f-5206-35e2-a8e4-b6d4c5f204b1/1515fd0f-5206-35e2-a8e4-b6d4c5f204b1.wav,{'action': 'weather'| 'entities': [{'type': 'city'| 'filler': 'glendale'}]},TEMPERATURE IN GLENDALE TONIGHT IN TWENTY SEVEN DEGREE
7c043c83-8b02-36a5-85cd-f9f6179b941e,2.52575,./data/Navigation/cleaned_navi/199sync/7c043c83-8b02-36a5-85cd-f9f6179b941e/7c043c83-8b02-36a5-85cd-f9f6179b941e.wav,{'action': 'navigation'| 'entities': [{'type': 'intent'| 'filler': 'continue'}| {'type': 'road'| 'filler': 'west hills parkway'}]}, if anyone west hills parkway for half a mil
e40bbab6-faab-37e1-814d-7fd3a25cc7c6,2.531,./data/newmock/Fresno_sync/e40bbab6-faab-37e1-814d-7fd3a25cc7c6/e40bbab6-faab-37e1-814d-7fd3a25cc7c6.wav,{'action': 'weather'| 'entities': [{'type': 'city'| 'filler': 'fresno'}]},FRESNO WON'T BE GETTING ANY RAIN THIS WEE
8f1f8b15-0e6e-3859-a968-e2c001623282,3.5455625,./data/newmock/KansasCity_sync/8f1f8b15-0e6e-3859-a968-e2c001623282/8f1f8b15-0e6e-3859-a968-e2c001623282.wav,{'action': 'weather'| 'entities': [{'type': 'city'| 'filler': 'kansas city'}]},KANSAS CITY TONIGHT EXPECT A TEMPERATURE OF FIFTY NINE DEGREE
12727cf3-b586-3fee-b299-212f1eee8ede,9.119625,./data/newmock/Philadelphia_sync/12727cf3-b586-3fee-b299-212f1eee8ede/12727cf3-b586-3fee-b299-212f1eee8ede.wav,{'action': 'weather'| 'entities': [{'type': 'city'| 'filler': 'philadelphia'}]},FRIDAY THROUGH SUNDAY IN PHILADELPHIA HIGH SCHOOL BE IN THE LOW SEVENTYS WHILE THOSE WILL BE AROUND FIFTY TWO FRIDAY IT'LL BE PARTLY CLOUDY SATURDAY AN
6808c475-bbd5-34c4-a4fe-778897b493bf,5.144125,./data/newmock/OklahomaCity_sync/6808c475-bbd5-34c4-a4fe-778897b493bf/6808c475-bbd5-34c4-a4fe-778897b493bf.wav,{'action': 'weather'| 'entities': [{'type': 'city'| 'filler': 'oklahoma city'}]},NO IT WON'T BE COLD FRIDAY MORNING IN OKLAHOMA CITY THE TEMPERATURE WILL BE FIFTY EIGHT DEGREE
113d580f-c65e-32b1-a38e-ebbd6291f0d8,5.953,./data/cleanair/113d580f-c65e-32b1-a38e-ebbd6291f0d8/113d580f-c65e-32b1-a38e-ebbd6291f0d8.wav,{'action': 'air'| 'entities': [{'type': 'city'| 'filler': 'richmond'}]},MORNINGS ARE NOW THE AIR QUALITY NEAR THE CENTER OF RICHMOND IS GOOD WITH AN INDEX OF 4
16214812-24ae-31fe-9191-45166de7be4e,4.837,./data/cleantime/16214812-24ae-31fe-9191-45166de7be4e/16214812-24ae-31fe-9191-45166de7be4e.wav,{'action': 'time'| 'entities': [{'type': 'city'| 'filler': 'louisville'}]},TIME IN LOUISVILLE KENTUCKY UNITED STATES IT'S 5:16 P.M
47c740b1-0ab9-3a76-b6fc-7757865d2831,5.954,./data/cleanair/47c740b1-0ab9-3a76-b6fc-7757865d2831/47c740b1-0ab9-3a76-b6fc-7757865d2831.wav,{'action': 'air'| 'entities': [{'type': 'city'| 'filler': 'wichita'}]},ACCORDING TO THE AIR QUALITY NEAR THE CENTER OF WICHITA IS GOOD WITH AN INDEX OF 3
9591cdf3-53bc-3674-a0ce-379d77fd2ba8,5.907125,./data/newmock/DesMoines_sync/9591cdf3-53bc-3674-a0ce-379d77fd2ba8/9591cdf3-53bc-3674-a0ce-379d77fd2ba8.wav,{'action': 'weather'| 'entities': [{'type': 'city'| 'filler': 'des moines'}]},A GOOD CHANCE OF RAIN IN DES MOINES TUESDAY FROM FOUR TO EIGHT A.M. AND SEVEN PM TO THREE A.M. WITH A BREAK AT ONE A.M
3b23725d-c119-35f6-b031-f359adc40f04,2.044375,./data/Reminder/3b23725d-c119-35f6-b031-f359adc40f04/3b23725d-c119-35f6-b031-f359adc40f04.wav,{'action': 'reminder'| 'entities': [{'type': 'time'| 'filler': 'tomorrow at eight'}]}, i'll remind you tomorrow at 
56bb257f-96d0-3715-879c-6285331f1c4f,6.0773125,./data/newmock/ChulaVista_sync/56bb257f-96d0-3715-879c-6285331f1c4f/56bb257f-96d0-3715-879c-6285331f1c4f.wav,{'action': 'weather'| 'entities': [{'type': 'city'| 'filler': 'chula vista'}]},NO IT WON'T BE WINDY IN CHULA VISTA TOMORROW THEY'LL BE EIGHTEEN KM PER HOUR WINDS BLOWING FROM THE WES
c7ef6e74-4587-3d47-94a4-049e5cd831ee0,2.4499375,./data/ny_navi/c7ef6e74-4587-3d47-94a4-049e5cd831ee/c7ef6e74-4587-3d47-94a4-049e5cd831ee.wav,{'action': 'navigation'| 'entities': [{'type': 'intent'| 'filler': 'continue'}| {'type': 'road'| 'filler': 'fdr drive'}]}, CONTINUE ON STR DRIVE FOR 4 MILE
0819e8f4-d0ea-3893-81e2-8a1832e28db2,6.45,./data/cleanstock/0819e8f4-d0ea-3893-81e2-8a1832e28db2/0819e8f4-d0ea-3893-81e2-8a1832e28db2.wav,{'action': 'stock'| 'entities': [{'type': 'company'| 'filler': 'pepsico'}]},LOOK UP 0.56% ON FRIDAY AND *178.7
e41bf26f-6ebc-3f22-8dfc-cc882b59bb7a0,4.37525,./data/ny_navi/e41bf26f-6ebc-3f22-8dfc-cc882b59bb7a/e41bf26f-6ebc-3f22-8dfc-cc882b59bb7a.wav,{'action': 'navigation'| 'entities': [{'type': 'intent'| 'filler': 'merge'}| {'type': 'road'| 'filler': 'i two seventy-eight east'}| {'type': 'road'| 'filler': 'brooklyn queens expressway'}]}, IN 800 FEET MERGE ONTO I-10 78 BROOKLYN QUEENS EXPRESSWA
e26fe202-d58f-30bd-93ef-e9f2dcefbfe7,3.74225,./data/Navigation/cleaned_navi/211sync/e26fe202-d58f-30bd-93ef-e9f2dcefbfe7/e26fe202-d58f-30bd-93ef-e9f2dcefbfe7.wav,{'action': 'navigation'| 'entities': [{'type': 'intent'| 'filler': 'turn left'}| {'type': 'road'| 'filler': 'convoy street'}]}, in a quarter mile use the left two lanes to turn left onto convoy stree
219cb1ae-8e82-3997-8e85-2982c78e3b24,2.8633125,./data/Reminder/219cb1ae-8e82-3997-8e85-2982c78e3b24/219cb1ae-8e82-3997-8e85-2982c78e3b24.wav,{'action': 'reminder'| 'entities': [{'type': 'todo'| 'filler': 'go to target'}]}, go to target when do you want to be reminde
9df36750-9872-3ce6-b6ad-cfb38d6ee7c00,4.9343125,./data/ny_navi/9df36750-9872-3ce6-b6ad-cfb38d6ee7c0/9df36750-9872-3ce6-b6ad-cfb38d6ee7c0.wav,{'action': 'navigation'| 'entities': [{'type': 'intent'| 'filler': 'take'}| {'type': 'road'| 'filler': 'exit forty-six'}| {'type': 'road'| 'filler': 'manhattan'}]}, IN A QUARTER MILE USE THE RIGHT TWO LANES TO TAKE EXIT 46 TOWARD MANHATTAN BRANDL'S ISLAN
e1c499a9-aa06-34e1-a3d3-d2c1f632f164,3.1186875,./data/Navigation/cleaned_navi/252sync/e1c499a9-aa06-34e1-a3d3-d2c1f632f164/e1c499a9-aa06-34e1-a3d3-d2c1f632f164.wav,{'action': 'navigation'| 'entities': [{'type': 'intent'| 'filler': 'turn left'}| {'type': 'road'| 'filler': 'camino santa fe'}]}, and the left two lanes to turn left onto camino santa f
0e5372bd-a2ef-37bb-b16a-8a46fb62de6c0,2.0345625,./data/ny_navi/0e5372bd-a2ef-37bb-b16a-8a46fb62de6c/0e5372bd-a2ef-37bb-b16a-8a46fb62de6c.wav,{'action': 'navigation'| 'entities': [{'type': 'intent'| 'filler': 'continue'}| {'type': 'road'| 'filler': 'exit forty-eight'}]}, KEEP RIGHT TO CONTINUE ON EXIT 4
43c70810-c26d-3240-b083-bd2c28595e72,1.7265,./data/Navigation/cleaned_navi/233sync/43c70810-c26d-3240-b083-bd2c28595e72/43c70810-c26d-3240-b083-bd2c28595e72.wav,{'action': 'navigation'| 'entities': [{'type': 'intent'| 'filler': 'continue'}]}, continue for five mile
6cf5370d-90e3-36b8-a0ce-ee0fe8f62e70,3.860375,./data/newmock/Mesa_sync/6cf5370d-90e3-36b8-a0ce-ee0fe8f62e70/6cf5370d-90e3-36b8-a0ce-ee0fe8f62e70.wav,{'action': 'weather'| 'entities': [{'type': 'city'| 'filler': 'mesa'}]},THE FORECAST IN MESA TOMORROW AFTERNOON IS NINETY SIX DEGREES AND SUNN
c5b4c8cd-3f07-3819-b4bd-3b4d1c971d6e,3.277875,./data/Navigation/cleaned_navi/244sync/c5b4c8cd-3f07-3819-b4bd-3b4d1c971d6e/c5b4c8cd-3f07-3819-b4bd-3b4d1c971d6e.wav,{'action': 'navigation'| 'entities': [{'type': 'intent'| 'filler': 'continue'}| {'type': 'road'| 'filler': 'vista sorrento parkway'}]}, continue on vista sorrento parkway for three-quarters of a mil
df331155-8943-3b1c-a260-9ca8238c2cc1,6.698,./data/cleanair/df331155-8943-3b1c-a260-9ca8238c2cc1/df331155-8943-3b1c-a260-9ca8238c2cc1.wav,{'action': 'air'| 'entities': [{'type': 'city'| 'filler': 'north las vegas'}]},ACCORDING TO ARE NOW THE AIR QUALITY NEAR THE CENTER OF NORTH LAS VEGAS IS MODERATE WITH AN INDEX OF 6
1e1b538b-1e1c-37b9-ae5c-ace3b54d35a7,2.348625,./data/newmock/Dallas_sync/1e1b538b-1e1c-37b9-ae5c-ace3b54d35a7/1e1b538b-1e1c-37b9-ae5c-ace3b54d35a7.wav,{'action': 'weather'| 'entities': [{'type': 'city'| 'filler': 'dallas'}]},YES DALLAS WILL BE GETTING RAIN ON SUNDA
24f7533a-38fa-37b2-a0f2-44af68eb00a4,1.805625,./data/Reminder/24f7533a-38fa-37b2-a0f2-44af68eb00a4/24f7533a-38fa-37b2-a0f2-44af68eb00a4.wav,{'action': 'reminder'| 'entities': [{'type': 'time'| 'filler': 'tomorrow'}]}, i'll remind you tomorro
8ccef0bf-efcd-3734-80a6-971aa51d1b7b,7.8605625,./data/newmock/Milwaukee_sync/8ccef0bf-efcd-3734-80a6-971aa51d1b7b/8ccef0bf-efcd-3734-80a6-971aa51d1b7b.wav,{'action': 'weather'| 'entities': [{'type': 'city'| 'filler': 'milwaukee'}]},ALTHOUGH THERE'S ONLY A VERY SLIGHT CHANCE OF RAIN IN MILWAUKEE TODAY THERE'S A MODERATE CHANCE OF SCATTERED RAIN THE DAY AFTER TOMORROW STARTING AROUND EIGHT A.M. AND CONTINUE
e6086340-4e67-3c90-9631-b006b67f5e48,1.6346875,./data/Reminder/e6086340-4e67-3c90-9631-b006b67f5e48/e6086340-4e67-3c90-9631-b006b67f5e48.wav,{'action': 'reminder'| 'entities': [{'type': 'time'| 'filler': 'on monday at nine pm'}]}, all right i'll remind you at 
0f49afe7-ea94-3b85-ba4c-ad24d3d734620,2.9354375,./data/ny_navi/0f49afe7-ea94-3b85-ba4c-ad24d3d73462/0f49afe7-ea94-3b85-ba4c-ad24d3d73462.wav,{'action': 'navigation'| 'entities': [{'type': 'intent'| 'filler': 'continue'}| {'type': 'road'| 'filler': 'fresh pond road'}]}, IF ANYONE FRESH POND ROAD FOR ONE AND A HALF MILE
12b933be-3024-33b2-bb29-5ebeb735bae7,2.4821875,./data/Reminder/12b933be-3024-33b2-bb29-5ebeb735bae7/12b933be-3024-33b2-bb29-5ebeb735bae7.wav,{'action': 'reminder'| 'entities': [{'type': 'time'| 'filler': 'tomorrow at four pm'}]}, sure i'll remind you tomorrow at 4 p.m
56cf55f7-2e44-3902-9457-047a00f2ddda,3.41825,./data/newmock/NorthLasVegas_sync/56cf55f7-2e44-3902-9457-047a00f2ddda/56cf55f7-2e44-3902-9457-047a00f2ddda.wav,{'action': 'weather'| 'entities': [{'type': 'city'| 'filler': 'north las vegas'}]},NO TODAY IN NORTH LAS VEGAS THERE'S NO CHANCE OF SNO
23ae2b22-57e1-3a36-ad37-bf4680548448,2.3545625,./data/Navigation/cleaned_navi/208sync/23ae2b22-57e1-3a36-ad37-bf4680548448/23ae2b22-57e1-3a36-ad37-bf4680548448.wav,{'action': 'navigation'| 'entities': [{'type': 'intent'| 'filler': 'continue'}| {'type': 'road'| 'filler': 'eastgate mall'}]}, anyone eastgate mall for 2 mile
9358d0bf-40d3-3495-aa48-3cca6d461999,4.2785625,./data/Navigation/cleaned_navi/175sync/9358d0bf-40d3-3495-aa48-3cca6d461999/9358d0bf-40d3-3495-aa48-3cca6d461999.wav,{'action': 'navigation'| 'entities': [{'type': 'intent'| 'filler': 'take'}| {'type': 'road'| 'filler': 'exit three'}| {'type': 'roadnext'| 'filler': 'i eighty-five north'}]}, in a quarter mile use the right two lanes to take exit 34 i-85 nort
c06858c2-25db-3ebb-a5f7-5c9098d9e25b0,2.7595,./data/ny_navi/c06858c2-25db-3ebb-a5f7-5c9098d9e25b/c06858c2-25db-3ebb-a5f7-5c9098d9e25b.wav,{'action': 'navigation'| 'entities': [{'type': 'intent'| 'filler': 'continue'}| {'type': 'road'| 'filler': 'whitestone expressway'}]}, 21 WHITESTONE EXPRESSWAY FOR HALF A MIL
c07b28a5-3ced-3397-b893-de1ee3709d89,3.786,./data/Navigation/cleaned_navi/238sync/c07b28a5-3ced-3397-b893-de1ee3709d89/c07b28a5-3ced-3397-b893-de1ee3709d89.wav,{'action': 'navigation'| 'entities': [{'type': 'intent'| 'filler': 'turn left'}| {'type': 'road'| 'filler': 'nobel drive'}]}, in 800 feet use the left two lanes to turn left onto nobel driv
09965cc9-4a42-342e-877f-8ded796eeeec,1.916375,./data/Navigation/cleaned_navi/255sync/09965cc9-4a42-342e-877f-8ded796eeeec/09965cc9-4a42-342e-877f-8ded796eeeec.wav,{'action': 'navigation'| 'entities': [{'type': 'intent'| 'filler': 'turn right'}| {'type': 'road'| 'filler': 'soledad mountain road'}]}, turn right onto soledad mountain roa
eb35c66f-d14e-32ab-91ae-b6504c16eecc0,4.8930625,./data/ny_navi/eb35c66f-d14e-32ab-91ae-b6504c16eecc/eb35c66f-d14e-32ab-91ae-b6504c16eecc.wav,{'action': 'navigation'| 'entities': [{'type': 'intent'| 'filler': 'take'}| {'type': 'road'| 'filler': 'thirty-seven street exit'}| {'type': 'intent'| 'filler': 'merge'}| {'type': 'road'| 'filler': 'east thirty-seven street'}]}, IS THE MIDDLE TWO LANES TO TAKE THE 37TH STREET EXIT THEN MERGE ONTO EAST 37TH STREE
cca56d74-c6c6-3d70-bddb-34455f02c445,4.1984375,./data/Navigation/cleaned_navi/79sync/cca56d74-c6c6-3d70-bddb-34455f02c445/cca56d74-c6c6-3d70-bddb-34455f02c445.wav,{'action': 'navigation'| 'entities': [{'type': 'intent'| 'filler': 'turn right'}| {'type': 'road'| 'filler': 'california one sixty-three north'}]}, in 1000 feet turn right onto the california 163 north ram
cf1f62fc-1bea-32f8-aa81-782908cbb4d8,4.962375,./data/newmock/StLouis_sync/cf1f62fc-1bea-32f8-aa81-782908cbb4d8/cf1f62fc-1bea-32f8-aa81-782908cbb4d8.wav,{'action': 'weather'| 'entities': [{'type': 'city'| 'filler': 'st louis'}]},ST LOUIS TONIGHT THE WIND IS FORECAST TO COME FROM THE SOUTHEAST AT ELEVEN KM PER HOU
ed69bae0-6dd0-31bc-a8b1-de71092ca7a7,4.864,./data/Reminder/ed69bae0-6dd0-31bc-a8b1-de71092ca7a7/ed69bae0-6dd0-31bc-a8b1-de71092ca7a7.wav,{'action': 'reminder'| 'entities': [{'type': 'time'| 'filler': 'at eight'}]}, i'll remind you at
e0dfafc0-0aa3-3444-aac9-84996a0dd007,2.2735625,./data/Navigation/cleaned_navi/99sync/e0dfafc0-0aa3-3444-aac9-84996a0dd007/e0dfafc0-0aa3-3444-aac9-84996a0dd007.wav,{'action': 'navigation'| 'entities': [{'type': 'intent'| 'filler': 'take the next right'}| {'type': 'road'| 'filler': 'camino santa fe'}]}, take the next right onto camino santa f
58c6f93f-f530-3cbc-b50e-deffae104f74,3.8521875,./data/newmock/Phoenix_sync/58c6f93f-f530-3cbc-b50e-deffae104f74/58c6f93f-f530-3cbc-b50e-deffae104f74.wav,{'action': 'weather'| 'entities': [{'type': 'city'| 'filler': 'phoenix'}]},TODAY IN PHOENI
81ff9296-6b53-3274-bd07-56886cfc66fa,2.6186875,./data/Reminder/81ff9296-6b53-3274-bd07-56886cfc66fa/81ff9296-6b53-3274-bd07-56886cfc66fa.wav,{'action': 'reminder'| 'entities': [{'type': 'todo'| 'filler': 'call a family doctor'}]}, call the family doctor when do you wi
bff2c1df-37c7-3eec-a8de-01c1f085b31c,2.574125,./data/Reminder/bff2c1df-37c7-3eec-a8de-01c1f085b31c/bff2c1df-37c7-3eec-a8de-01c1f085b31c.wav,{'action': 'reminder'| 'entities': [{'type': 'time'| 'filler': 'on monday at one pm'}]}, sure i'll remind you on monday at 1 p.m
a54e859c-64cc-31eb-b543-a7541d05deb8,4.837,./data/cleantime/a54e859c-64cc-31eb-b543-a7541d05deb8/a54e859c-64cc-31eb-b543-a7541d05deb8.wav,{'action': 'time'| 'entities': [{'type': 'city'| 'filler': 'yonkers'}]},TIME IN YONKERS NEW YORK UNITED STATES IS 9:06 P.M
d0949c18-6d17-3990-93c6-a472ad06e77b,1.9998125,./data/Navigation/cleaned_navi/237sync/d0949c18-6d17-3990-93c6-a472ad06e77b/d0949c18-6d17-3990-93c6-a472ad06e77b.wav,{'action': 'navigation'| 'entities': [{'type': 'intent'| 'filler': 'take the next left'}| {'type': 'road'| 'filler': 'via capri'}]}, it's a secon
24349568-26ac-3dfe-9595-f9bb79b2f78c,7.0779375,./data/newmock/Gilbert_sync/24349568-26ac-3dfe-9595-f9bb79b2f78c/24349568-26ac-3dfe-9595-f9bb79b2f78c.wav,{'action': 'weather'| 'entities': [{'type': 'city'| 'filler': 'gilbert'}]},TODAY FOR SATURDAY IN GILBERT IT'LL BE SUNNY MOST OF THE TIME BUT ON THURSDAY IT'LL BE PARTLY CLOUDY SKIES WILL BE IN THE LOW
e6afa2be-c76c-3f16-998c-df4837b5a3a3,2.4766875,./data/Navigation/cleaned_navi/74sync/e6afa2be-c76c-3f16-998c-df4837b5a3a3/e6afa2be-c76c-3f16-998c-df4837b5a3a3.wav,{'action': 'navigation'| 'entities': [{'type': 'intent'| 'filler': 'turn left'}| {'type': 'road'| 'filler': 'miramar road'}]}, use any lane to turn left onto miramar roa
985e7c72-87cc-3386-aa7e-6ac9051c444a,3.8994375,./data/newmock/Milwaukee_sync/985e7c72-87cc-3386-aa7e-6ac9051c444a/985e7c72-87cc-3386-aa7e-6ac9051c444a.wav,{'action': 'weather'| 'entities': [{'type': 'city'| 'filler': 'milwaukee'}]},NO IT'S NOT EXPECTED TO BE WINDY SUNDAY THROUGH NEXT SATURDAY IN MILWAUKE
4f84f607-f149-3655-a11e-55626b386e95,2.070875,./data/Reminder/4f84f607-f149-3655-a11e-55626b386e95/4f84f607-f149-3655-a11e-55626b386e95.wav,{'action': 'reminder'| 'entities': [{'type': 'time'| 'filler': 'tomorrow at five'}]}, i'll remind you tomorrow at 
0da67d50-9732-3402-8308-ed3301421887,5.8723125,./data/newmock/Scottsdale_sync/0da67d50-9732-3402-8308-ed3301421887/0da67d50-9732-3402-8308-ed3301421887.wav,{'action': 'weather'| 'entities': [{'type': 'city'| 'filler': 'scottsdale'}]},IT WON'T RAIN SATURDAY IN SCOTTSDALE IT'LL BE SUNNY WITH A HIGH OF TWENTY NINE AND A LOW OF FIFTEE
9acac94d-6109-3cd6-8696-ed275f487b6f,4.724125,./data/newmock/Glendale_sync/9acac94d-6109-3cd6-8696-ed275f487b6f/9acac94d-6109-3cd6-8696-ed275f487b6f.wav,{'action': 'weather'| 'entities': [{'type': 'city'| 'filler': 'glendale'}]},GLENDALE TOMORROW THEY'LL BE TWENTY THREE KM PER HOUR WINDS COMING FROM THE SOUTHWES
f70cec01-cae0-3df0-844c-d37f12dfb5fa,2.3226875,./data/Navigation/cleaned_navi/239sync/f70cec01-cae0-3df0-844c-d37f12dfb5fa/f70cec01-cae0-3df0-844c-d37f12dfb5fa.wav,{'action': 'navigation'| 'entities': [{'type': 'intent'| 'filler': 'take the next right'}| {'type': 'road'| 'filler': 'north torrey pines road'}]}, take the next right onto north torrey pines roa
550f2082-66c5-3347-8087-3c56e0e75f74,3.69425,./data/Navigation/cleaned_navi/227sync/550f2082-66c5-3347-8087-3c56e0e75f74/550f2082-66c5-3347-8087-3c56e0e75f74.wav,{'action': 'navigation'| 'entities': [{'type': 'intent'| 'filler': 'turn left'}| {'type': 'road'| 'filler': 'ruffin road'}]}, in a quarter mile use the left two lanes to turn left onto rutherfordton roa
c0b62d4c-fc18-34b0-a59c-eb55b6ac8d59,2.5740625,./data/newmock/Boston_sync/c0b62d4c-fc18-34b0-a59c-eb55b6ac8d59/c0b62d4c-fc18-34b0-a59c-eb55b6ac8d59.wav,{'action': 'weather'| 'entities': [{'type': 'city'| 'filler': 'boston'}]},RAIN IS EXPECTED IN BOSTON UNTIL SIX P
090f7398-62f0-3098-a9b4-820271ca8191,1.8333125,./data/Reminder/090f7398-62f0-3098-a9b4-820271ca8191/090f7398-62f0-3098-a9b4-820271ca8191.wav,{'action': 'reminder'| 'entities': [{'type': 'time'| 'filler': 'at nine'}]}, remind you at 
efdabac9-dfc0-3c69-b4bf-8b8509c5131e,4.093,./data/cleansun/efdabac9-dfc0-3c69-b4bf-8b8509c5131e/efdabac9-dfc0-3c69-b4bf-8b8509c5131e.wav,{'action': 'sun'| 'entities': [{'type': 'city'| 'filler': 'orlando'}]},IN ORLANDO TOMORROW THE SUN WILL RISE AT 6:46 A.M
3b0cbdcc-2890-3073-a59a-a0d65b23f7a9,4.085125,./data/Reminder/3b0cbdcc-2890-3073-a59a-a0d65b23f7a9/3b0cbdcc-2890-3073-a59a-a0d65b23f7a9.wav,{'action': 'reminder'| 'entities': [{'type': 'todo'| 'filler': 'call jim back'}]}, call jim back when do you want to be reminde
61be27ee-e410-3436-8f23-a2934dd4cb16,4.3034375,./data/Reminder/61be27ee-e410-3436-8f23-a2934dd4cb16/61be27ee-e410-3436-8f23-a2934dd4cb16.wav,{'action': 'reminder'| 'entities': [{'type': 'todo'| 'filler': 'take dog to groomer'}]}, when do you want to be reminde
0325cfcc-006b-3be1-9c01-2229b1be9450,2.6343125,./data/newmock/Norfolk_sync/0325cfcc-006b-3be1-9c01-2229b1be9450/0325cfcc-006b-3be1-9c01-2229b1be9450.wav,{'action': 'weather'| 'entities': [{'type': 'city'| 'filler': 'norfolk'}]},NO RAIN IS NOT EXPECTED THIS WEEK IN NORFOL
10baac91-d1db-3253-99c3-45ddd4948c2d0,2.9745625,./data/ny_navi/10baac91-d1db-3253-99c3-45ddd4948c2d/10baac91-d1db-3253-99c3-45ddd4948c2d.wav,{'action': 'navigation'| 'entities': [{'type': 'intent'| 'filler': 'turn right'}| {'type': 'road'| 'filler': 'whitestone expressway'}]}, IN A QUARTER MILE TURN RIGHT ONTO WHITESTONE EXPRESSWA
de36b1f7-6fe8-3a67-ad63-e827d4e4f37a,4.3419375,./data/Reminder/de36b1f7-6fe8-3a67-ad63-e827d4e4f37a/de36b1f7-6fe8-3a67-ad63-e827d4e4f37a.wav,{'action': 'reminder'| 'entities': [{'type': 'todo'| 'filler': 'get the baby out of the car'}]}, get the baby out of the car when do you want to be reminde
9d3d71a3-2362-3616-97a0-b4e575826086,7.193,./data/cleanair/9d3d71a3-2362-3616-97a0-b4e575826086/9d3d71a3-2362-3616-97a0-b4e575826086.wav,{'action': 'air'| 'entities': [{'type': 'city'| 'filler': 'chicago'}]},ACCORDING TO ARE NOW THE AIR QUALITY NEAR THE CENTER OF CHICAGO IS GOOD WITH AN INDEX RANGING FROM 23 TO 4
4d7b5f45-7616-3ce4-b328-79dcf7da00f7,2.0930625,./data/Navigation/cleaned_navi/50sync/4d7b5f45-7616-3ce4-b328-79dcf7da00f7/4d7b5f45-7616-3ce4-b328-79dcf7da00f7.wav,{'action': 'navigation'| 'entities': [{'type': 'intent'| 'filler': 'take the next left'}| {'type': 'road'| 'filler': 'westonhill drive'}]}, take the next left onto westonhill driv
089033b7-c90c-371e-9c6f-7935108ed26f,4.315375,./data/Reminder/089033b7-c90c-371e-9c6f-7935108ed26f/089033b7-c90c-371e-9c6f-7935108ed26f.wav,{'action': 'reminder'| 'entities': [{'type': 'todo'| 'filler': 'pick up moms meds'}]}, got it pick up mom's meds when do you want to be reminde
5ff0fcb0-01fe-3665-a999-e9ef062182da,4.1985,./data/Reminder/5ff0fcb0-01fe-3665-a999-e9ef062182da/5ff0fcb0-01fe-3665-a999-e9ef062182da.wav,{'action': 'reminder'| 'entities': [{'type': 'todo'| 'filler': 'take dog to groomer'}]}, take dog to groomer when do you want to be reminde
1c528d63-f20b-3e3e-ad58-450568e1ce1c,6.946,./data/cleanair/1c528d63-f20b-3e3e-ad58-450568e1ce1c/1c528d63-f20b-3e3e-ad58-450568e1ce1c.wav,{'action': 'air'| 'entities': [{'type': 'city'| 'filler': 'memphis'}]},ACCORDING TO ARE NOW THE AIR QUALITY NEAR THE CENTER OF MEMPHIS IS GOOD WITH AN INDEX RANGING FROM 16 TO 3
eadbc95c-b00f-35d0-89f6-de821a3a52e2,3.145,./data/Reminder/eadbc95c-b00f-35d0-89f6-de821a3a52e2/eadbc95c-b00f-35d0-89f6-de821a3a52e2.wav,{'action': 'reminder'| 'entities': [{'type': 'todo'| 'filler': 'visit the mechanic'}]}, this is a mechanic when do you want to be reminde
c6a82109-b1df-33d9-af83-95469f08d888,4.4391875,./data/newmock/CorpusChristi_sync/c6a82109-b1df-33d9-af83-95469f08d888/c6a82109-b1df-33d9-af83-95469f08d888.wav,{'action': 'weather'| 'entities': [{'type': 'city'| 'filler': 'corpus christi'}]},CORPUS CHRISTI TOMORROW AFTERNOON IT'LL BE TWENTY SIX DEGREES WITH A THUNDERSTOR
bc7c64b0-c119-325f-aceb-4251e9bf0f1e,3.257875,./data/Navigation/cleaned_navi/263sync/bc7c64b0-c119-325f-aceb-4251e9bf0f1e/bc7c64b0-c119-325f-aceb-4251e9bf0f1e.wav,{'action': 'navigation'| 'entities': [{'type': 'intent'| 'filler': 'stay'}| {'type': 'road'| 'filler': 'scripps ranch boulevard'}]}, in a quarter mile turn right to stay on scripps ranch boulevar
3e701c8b-2a9a-3feb-9f06-454815a36c2d,7.73775,./data/newmock/Garland_sync/3e701c8b-2a9a-3feb-9f06-454815a36c2d/3e701c8b-2a9a-3feb-9f06-454815a36c2d.wav,{'action': 'weather'| 'entities': [{'type': 'city'| 'filler': 'garland'}]},NO IT WON'T SNOW TOMORROW IN GARLAND THEY'LL BE THUNDERSTORMS WITH A HIGH OF TWENTY FIVE AND A LOW OF NINETEEN THERE IS CURRENTLY 
8e3789b8-434f-3a12-a27b-5086c791c5e90,1.6266875,./data/ny_navi/8e3789b8-434f-3a12-a27b-5086c791c5e9/8e3789b8-434f-3a12-a27b-5086c791c5e9.wav,{'action': 'navigation'| 'entities': [{'type': 'intent'| 'filler': 'continue'}]}, CONTINUE FOR 3 MILE
1c5ca70c-4cf3-362d-8aa8-c58519284e60,3.059875,./data/Reminder/1c5ca70c-4cf3-362d-8aa8-c58519284e60/1c5ca70c-4cf3-362d-8aa8-c58519284e60.wav,{'action': 'reminder'| 'entities': [{'type': 'todo'| 'filler': 'cancel phone'}]}, got it cancel phone when do you want to be reminde
2bcc37c0-84eb-39f4-916a-593aa7d6e2ca,3.146875,./data/newmock/Lexington_sync/2bcc37c0-84eb-39f4-916a-593aa7d6e2ca/2bcc37c0-84eb-39f4-916a-593aa7d6e2ca.wav,{'action': 'weather'| 'entities': [{'type': 'city'| 'filler': 'lexington'}]},HELLO TODAY IN LEXINGTON IS PREDICTED TO BE TWELVE DEGREE
7d23e41d-143e-3733-8f77-c8b86f6f0eea0,3.812375,./data/ny_navi/7d23e41d-143e-3733-8f77-c8b86f6f0eea/7d23e41d-143e-3733-8f77-c8b86f6f0eea.wav,{'action': 'navigation'| 'entities': [{'type': 'intent'| 'filler': 'continue'}| {'type': 'road'| 'filler': 'i two seventy-eight west'}]}, IN A QUARTER MILE KEEP LEFT TO CONTINUE TOWARD I-278 WES
faf92f13-065b-3b79-80cc-f7d44b1eed81,3.0733125,./data/Reminder/faf92f13-065b-3b79-80cc-f7d44b1eed81/faf92f13-065b-3b79-80cc-f7d44b1eed81.wav,{'action': 'reminder'| 'entities': [{'type': 'todo'| 'filler': 'call my daughter'}]}, call my daughter when do you want to be reminde
e73f1910-ea6e-3bde-bdc2-83fef4af0658,7.07,./data/cleanstock/e73f1910-ea6e-3bde-bdc2-83fef4af0658/e73f1910-ea6e-3bde-bdc2-83fef4af0658.wav,{'action': 'stock'| 'entities': [{'type': 'company'| 'filler': 'alibaba group'}]},ALIBABA GROUP HOLDING LIMITED ARE CLOSED DOWN 4.8% YESTERDAY AT *64.8
0fc68e93-8111-39d8-888d-f8f8de0aa203,3.2190625,./data/newmock/Winston-Salem_sync/0fc68e93-8111-39d8-888d-f8f8de0aa203/0fc68e93-8111-39d8-888d-f8f8de0aa203.wav,{'action': 'weather'| 'entities': [{'type': 'city'| 'filler': 'winston salem'}]},CURRENT TEMPERATURE IN WINSTON SALEM AND EIGHTEEN DEGREE
79092f5b-3ce3-35e6-b794-2d5ed8f45551,5.83,./data/cleanstock/79092f5b-3ce3-35e6-b794-2d5ed8f45551/79092f5b-3ce3-35e6-b794-2d5ed8f45551.wav,{'action': 'stock'| 'entities': [{'type': 'company'| 'filler': 'uber technologies'}]},UBER TECHNOLOGIES CLOSED DOWN 3.3% TODAY AND *26.5
7535a105-c355-3050-a9ed-84097b094731,5.086,./data/cleantime/7535a105-c355-3050-a9ed-84097b094731/7535a105-c355-3050-a9ed-84097b094731.wav,{'action': 'time'| 'entities': [{'type': 'city'| 'filler': 'rochester'}]},I'M IN ROCHESTER NEW YORK UNITED STATES IS 1:54 P.M
8e940e59-1a49-3cfa-ae11-4afd9201c9d3,4.961,./data/cleantime/8e940e59-1a49-3cfa-ae11-4afd9201c9d3/8e940e59-1a49-3cfa-ae11-4afd9201c9d3.wav,{'action': 'time'| 'entities': [{'type': 'city'| 'filler': 'phoenix'}]},PHOENIX ARIZONA UNITED STATES IS 10:59 A.M
e921f4e0-3866-3c4c-a8f9-dfea83df0ae6,2.1871875,./data/newmock/Austin_sync/e921f4e0-3866-3c4c-a8f9-dfea83df0ae6/e921f4e0-3866-3c4c-a8f9-dfea83df0ae6.wav,{'action': 'weather'| 'entities': [{'type': 'city'| 'filler': 'austin'}]},RAINS EXPECTED IN AUSTIN FOR A WHIL
11a83481-b5e3-379e-affc-b2bda3f4f1590,2.93875,./data/ny_navi/11a83481-b5e3-379e-affc-b2bda3f4f159/11a83481-b5e3-379e-affc-b2bda3f4f159.wav,{'action': 'navigation'| 'entities': [{'type': 'intent'| 'filler': 'turn left'}| {'type': 'road'| 'filler': 'west twenty-six street'}]}, IN A QUARTER MILE TURN LEFT ONTO WEST 26TH STREE
1f280461-72a5-354c-baec-02c6be5069400,3.8721875,./data/ny_navi/1f280461-72a5-354c-baec-02c6be506940/1f280461-72a5-354c-baec-02c6be506940.wav,{'action': 'navigation'| 'entities': [{'type': 'intent'| 'filler': 'continue'}| {'type': 'road'| 'filler': 'tunnel exit street'}| {'type': 'intent'| 'filler': 'turn right'}| {'type': 'road'| 'filler': 'east thirty-four street'}]}, CAN ANYONE THE TUNNEL EXIT STREET THEN TURN RIGHT ONTO EAST 34TH STREE
56b4e994-6d40-37e3-b4a5-f55d74d0e90a,3.6878125,./data/newmock/Gilbert_sync/56b4e994-6d40-37e3-b4a5-f55d74d0e90a/56b4e994-6d40-37e3-b4a5-f55d74d0e90a.wav,{'action': 'weather'| 'entities': [{'type': 'city'| 'filler': 'gilbert'}]},TEMPERATURE TOMORROW MORNING IN GILBERT WILL BE TWENTY THREE DEGREES CELSIU
66c2b149-494f-33b3-96cc-7ee767a7ef4e0,3.0173125,./data/ny_navi/66c2b149-494f-33b3-96cc-7ee767a7ef4e/66c2b149-494f-33b3-96cc-7ee767a7ef4e.wav,{'action': 'navigation'| 'entities': [{'type': 'intent'| 'filler': 'take'}| {'type': 'road'| 'filler': 'exit fifty-two'}| {'type': 'intent'| 'filler': 'merge'}| {'type': 'road'| 'filler': 'bruckner boulevard'}]}, TAKE EXIT 52 THEN MERGE ONTO BRUCKNER BOULEVAR
31499357-581f-3030-a6fe-f4e52c245b540,2.4880625,./data/ny_navi/31499357-581f-3030-a6fe-f4e52c245b54/31499357-581f-3030-a6fe-f4e52c245b54.wav,{'action': 'navigation'| 'entities': [{'type': 'intent'| 'filler': 'stay'}| {'type': 'road'| 'filler': 'i four ninety-five east'}]}, KEEP LEFT TO STAY ON I-495 EAS
7e6f6593-a059-375f-ab64-40cf15b2b471,2.693375,./data/newmock/Irvine_sync/7e6f6593-a059-375f-ab64-40cf15b2b471/7e6f6593-a059-375f-ab64-40cf15b2b471.wav,{'action': 'weather'| 'entities': [{'type': 'city'| 'filler': 'irvine'}]},THIS AFTERNOON IN IRVINE THERE'S NO CHANCE OF RAI
ec8f45e9-c3b9-35cc-803d-22877f22f4dc,2.4435,./data/Navigation/cleaned_navi/172sync/ec8f45e9-c3b9-35cc-803d-22877f22f4dc/ec8f45e9-c3b9-35cc-803d-22877f22f4dc.wav,{'action': 'navigation'| 'entities': [{'type': 'intent'| 'filler': 'turn right'}| {'type': 'road'| 'filler': 'gilman drive'}]}, in a quarter mile turn right onto gilman driv
a4aef6c8-002a-3797-8e74-9e0a0ef09226,2.7866875,./data/Navigation/cleaned_navi/218sync/a4aef6c8-002a-3797-8e74-9e0a0ef09226/a4aef6c8-002a-3797-8e74-9e0a0ef09226.wav,{'action': 'navigation'| 'entities': [{'type': 'intent'| 'filler': 'continue'}| {'type': 'road'| 'filler': 'convoy street'}]}, continue on convoy street for three-quarters of a mil
d199dcf7-997e-3cb1-b6f7-0454eb317c6e,2.8178125,./data/newmock/Winston-Salem_sync/d199dcf7-997e-3cb1-b6f7-0454eb317c6e/d199dcf7-997e-3cb1-b6f7-0454eb317c6e.wav,{'action': 'weather'| 'entities': [{'type': 'city'| 'filler': 'winston salem'}]},NO WINSTON SALEM WON'T BE GETTING ANY RAIN THIS WEE
4b49a027-cd3a-3fcd-9871-7147f04cb04d,3.228,./data/Navigation/cleaned_navi/73sync/4b49a027-cd3a-3fcd-9871-7147f04cb04d/4b49a027-cd3a-3fcd-9871-7147f04cb04d.wav,{'action': 'navigation'| 'entities': [{'type': 'intent'| 'filler': 'turn left'}| {'type': 'road'| 'filler': 'mira mesa boulevard'}]}, are the left two lanes to turn left onto marion mesa boulevar
b5b71f46-69e1-3ac5-8cd3-5b593435f896,4.4885625,./data/Reminder/b5b71f46-69e1-3ac5-8cd3-5b593435f896/b5b71f46-69e1-3ac5-8cd3-5b593435f896.wav,{'action': 'reminder'| 'entities': [{'type': 'todo'| 'filler': 'pick up contact lenses'}]}, contact lenses when do you want to be reminde
47e96a7d-2401-3c3d-bbfd-8368e6fbb20a,5.8381875,./data/newmock/LasVegas_sync/47e96a7d-2401-3c3d-bbfd-8368e6fbb20a/47e96a7d-2401-3c3d-bbfd-8368e6fbb20a.wav,{'action': 'weather'| 'entities': [{'type': 'city'| 'filler': 'las vegas'}]},NO IT WON'T BE WINDY IN LAS VEGAS THURSDAY THE WIND WILL BLOW FROM THE SOUTHEAST AT TWELVE MILES PER HOU
2aa9f574-166a-330a-9b49-7b6468685329,2.6628125,./data/newmock/Memphis_sync/2aa9f574-166a-330a-9b49-7b6468685329/2aa9f574-166a-330a-9b49-7b6468685329.wav,{'action': 'weather'| 'entities': [{'type': 'city'| 'filler': 'memphis'}]},MEMPHIS RIGHT NOW IT'S FIFTY FIVE DEGREE
79e4dc3c-f7c0-3873-86a5-a3b56866e85d0,5.9805625,./data/ny_navi/79e4dc3c-f7c0-3873-86a5-a3b56866e85d/79e4dc3c-f7c0-3873-86a5-a3b56866e85d.wav,{'action': 'navigation'| 'entities': [{'type': 'intent'| 'filler': 'take'}| {'type': 'road'| 'filler': 'exit seventeen'}| {'type': 'road'| 'filler': 'bruckner expressway'}]}, IN A QUARTER MILE TAKE EXIT 17 FOR ROBERT F KENNEDY BRIDGE TOWARD I-278 BRUCKNER EXPRESSWA
304aa625-5209-3864-a8b2-ac2aa59a8d42,7.194,./data/cleanair/304aa625-5209-3864-a8b2-ac2aa59a8d42/304aa625-5209-3864-a8b2-ac2aa59a8d42.wav,{'action': 'air'| 'entities': [{'type': 'city'| 'filler': 'madison'}]},ACCORDING TO ARE NOW THE AIR QUALITY NEAR THE CENTER OF MEDICINE IS GOOD WITH AN INDEX RANGING FROM 17 TO 2
f387ed16-9965-3b46-b10c-ff8fd1cb5e50,4.217,./data/cleansun/f387ed16-9965-3b46-b10c-ff8fd1cb5e50/f387ed16-9965-3b46-b10c-ff8fd1cb5e50.wav,{'action': 'sun'| 'entities': [{'type': 'city'| 'filler': 'spokane'}]},IN SPOKANE TOMORROW THEN WILL RISE AT 6:49 A.M
66c2b6e1-d98a-3fc6-b9e6-09983001e266,6.5195,./data/newmock/ColoradoSprings_sync/66c2b6e1-d98a-3fc6-b9e6-09983001e266/66c2b6e1-d98a-3fc6-b9e6-09983001e266.wav,{'action': 'weather'| 'entities': [{'type': 'city'| 'filler': 'colorado springs'}]},NO RAIN IS NOT EXPECTED THIS WEEKEND IN COLORADO SPRINGS THE FORECAST IS SIXTY NINE DEGREES AND PARTLY CLOUD
13b113ce-fd59-3894-8c55-e20acf4094f7,7.5994375,./data/newmock/Winston-Salem_sync/13b113ce-fd59-3894-8c55-e20acf4094f7/13b113ce-fd59-3894-8c55-e20acf4094f7.wav,{'action': 'weather'| 'entities': [{'type': 'city'| 'filler': 'winston salem'}]},NO IT'S NOT PREDICTED TO BE WINDY IN WINSTON SALEM TONIGHT THERE'S FORECAST TO BE SIX KM PER HOUR WINDS BLOWING FROM THE NORTHEAS
ab62b601-b570-33d1-91dc-90af0185e406,4.2058125,./data/newmock/Yonkers_sync/ab62b601-b570-33d1-91dc-90af0185e406/ab62b601-b570-33d1-91dc-90af0185e406.wav,{'action': 'weather'| 'entities': [{'type': 'city'| 'filler': 'yonkers'}]},PROBABLY NOT THIS MORNING AND YONKERS THERE'S ONLY A VERY SLIGHT CHANCE OF RAI
4c0a6777-4139-3933-9fb6-4f93bcd75de8,3.1354375,./data/newmock/CulverCity_sync/4c0a6777-4139-3933-9fb6-4f93bcd75de8/4c0a6777-4139-3933-9fb6-4f93bcd75de8.wav,{'action': 'weather'| 'entities': [{'type': 'city'| 'filler': 'culver city'}]},TODAY IN CULVER CITY THERE'S NO CHANCE OF SNO
bc0de8ef-65ea-3f13-b285-c51af538d4ce,5.209,./data/cleantime/bc0de8ef-65ea-3f13-b285-c51af538d4ce/bc0de8ef-65ea-3f13-b285-c51af538d4ce.wav,{'action': 'time'| 'entities': [{'type': 'city'| 'filler': 'charlotte'}]},TIME IN CHARLOTTE NORTH CAROLINA UNITED STATES IS 3:39 P.M
2795fb30-886b-38a4-ad90-f1886854432b,6.9949375,./data/newmock/Denver_sync/2795fb30-886b-38a4-ad90-f1886854432b/2795fb30-886b-38a4-ad90-f1886854432b.wav,{'action': 'weather'| 'entities': [{'type': 'city'| 'filler': 'denver'}]},ALTHOUGH THERE'S ONLY A VERY SLIGHT CHANCE OF RAIN IN DENVER TODAY THERE'S A GOOD CHANCE OF RAIN ON SATURDAY FROM ABOUT THREE PM UNTIL AROUND MIDNIGH
e4270995-1e21-3b72-bf67-0a5aa4d194b90,2.2594375,./data/ny_navi/e4270995-1e21-3b72-bf67-0a5aa4d194b9/e4270995-1e21-3b72-bf67-0a5aa4d194b9.wav,{'action': 'navigation'| 'entities': [{'type': 'intent'| 'filler': 'take the next left'}| {'type': 'road'| 'filler': 'bruckner boulevard'}]}, TAKE THE NEXT LEFT ON THE BRUCKNER BOULEVAR
07d14a96-5e35-3d5f-9839-14727a5d4845,7.7549375,./data/newmock/Nashville_sync/07d14a96-5e35-3d5f-9839-14727a5d4845/07d14a96-5e35-3d5f-9839-14727a5d4845.wav,{'action': 'weather'| 'entities': [{'type': 'city'| 'filler': 'nashville'}]},"TOMORROW THROUGH SATURDAY IN NASHVILLE HIGH SCHOOL RIDE FROM SEVEN THOUSAND, TWO HUNDRED AND SEVENTY SIX WILL RISE FROM FORTY FIVE TO FIFTY NIN"
b780ad95-4f25-3032-b44a-95ca839f0a49,4.052,./data/Reminder/b780ad95-4f25-3032-b44a-95ca839f0a49/b780ad95-4f25-3032-b44a-95ca839f0a49.wav,{'action': 'reminder'| 'entities': [{'type': 'todo'| 'filler': 'get a blank check'}]}, get a blank check when do you want to be reminde
dbc90e84-d062-33a7-bf7e-c110be041e88,2.034875,./data/Reminder/dbc90e84-d062-33a7-bf7e-c110be041e88/dbc90e84-d062-33a7-bf7e-c110be041e88.wav,{'action': 'reminder'| 'entities': [{'type': 'time'| 'filler': 'at eight pm'}]}, all right i'll remind you at 8 p.m
91aa36f4-6086-33f0-b990-e731f063cc99,1.86325,./data/Reminder/91aa36f4-6086-33f0-b990-e731f063cc99/91aa36f4-6086-33f0-b990-e731f063cc99.wav,{'action': 'reminder'| 'entities': [{'type': 'time'| 'filler': 'tomorrow at nine am'}]}, alright by ale
6697e8b4-f763-35c9-a5b7-f1f8aa1761ff,3.845,./data/cleansun/6697e8b4-f763-35c9-a5b7-f1f8aa1761ff/6697e8b4-f763-35c9-a5b7-f1f8aa1761ff.wav,{'action': 'sun'| 'entities': [{'type': 'city'| 'filler': 'newark'}]},SUNRISE IS AT 6:39 A.M
a1fe4cf5-c3d3-33aa-8962-bbf68b201146,4.962,./data/cleantime/a1fe4cf5-c3d3-33aa-8962-bbf68b201146/a1fe4cf5-c3d3-33aa-8962-bbf68b201146.wav,{'action': 'time'| 'entities': [{'type': 'city'| 'filler': 'memphis'}]},TIME IN MEMPHIS TENNESSEE UNITED STATES IS 2:51 A.M
23cdae7e-17ee-3425-9eb3-20c410363d74,3.968,./data/cleansun/23cdae7e-17ee-3425-9eb3-20c410363d74/23cdae7e-17ee-3425-9eb3-20c410363d74.wav,{'action': 'sun'| 'entities': [{'type': 'city'| 'filler': 'milwaukee'}]},
51957453-47c5-32da-9d77-b79f3f916c00,2.0630625,./data/Navigation/cleaned_navi/54sync/51957453-47c5-32da-9d77-b79f3f916c00/51957453-47c5-32da-9d77-b79f3f916c00.wav,{'action': 'navigation'| 'entities': [{'type': 'intent'| 'filler': 'take the next left'}| {'type': 'road'| 'filler': 'pico street'}]}, take the next left onto pecos stree
3f77093e-acff-36bd-b51d-54b126de59bf,3.721,./data/cleansun/3f77093e-acff-36bd-b51d-54b126de59bf/3f77093e-acff-36bd-b51d-54b126de59bf.wav,{'action': 'sun'| 'entities': [{'type': 'city'| 'filler': 'boise'}]},BOISE TODAY SUNSET IS AT 5:24 P.M
188e9fa7-9aeb-3a88-af60-b20b9a731a83,3.1363125,./data/newmock/KansasCity_sync/188e9fa7-9aeb-3a88-af60-b20b9a731a83/188e9fa7-9aeb-3a88-af60-b20b9a731a83.wav,{'action': 'weather'| 'entities': [{'type': 'city'| 'filler': 'kansas city'}]},THERE'S A GOOD CHANCE OF RAIN IN KANSAS CIT
6d3c9c88-72cd-35ca-b8ac-922c1124b8d20,1.6260625,./data/ny_navi/6d3c9c88-72cd-35ca-b8ac-922c1124b8d2/6d3c9c88-72cd-35ca-b8ac-922c1124b8d2.wav,{'action': 'navigation'| 'entities': [{'type': 'intent'| 'filler': 'continue'}]}, CONTINUE FOR 3 MILE
add9aaae-57ed-34bb-a7c9-83450cac7fb7,4.464,./data/Navigation/cleaned_navi/24sync/add9aaae-57ed-34bb-a7c9-83450cac7fb7/add9aaae-57ed-34bb-a7c9-83450cac7fb7.wav,{'action': 'navigation'| 'entities': [{'type': 'intent'| 'filler': 'take'}| {'type': 'road'| 'filler': 'exit twenty-eight b'}]}, take exit 2
69720b82-10a6-3aa9-b8ba-b4a3300af1c0,6.916625,./data/newmock/Fresno_sync/69720b82-10a6-3aa9-b8ba-b4a3300af1c0/69720b82-10a6-3aa9-b8ba-b4a3300af1c0.wav,{'action': 'weather'| 'entities': [{'type': 'city'| 'filler': 'fresno'}]},IN FRESNO TONIGHT IT'S PREDICTED TO BE SEVENTY EIGHT DEGREES AND CLEAR RIGHT NOW IT'S EIGHTY EIGHT DEGREES AND PARTLY CLOUD
fb80ab60-be2b-393d-9e4f-3a9ea46b0f0e,6.3818125,./data/newmock/SaintPaul_sync/fb80ab60-be2b-393d-9e4f-3a9ea46b0f0e/fb80ab60-be2b-393d-9e4f-3a9ea46b0f0e.wav,{'action': 'weather'| 'entities': [{'type': 'city'| 'filler': 'saint paul'}]},NO IT WON'T RAIN IN SAINT PAUL TOMORROW IT'LL BE MOSTLY SUNNY WITH A HIGH OF TWENTY NINE AND A LOW OF THIRTEE
10194265-643b-3c37-9256-15d275c0f268,3.721,./data/cleansun/10194265-643b-3c37-9256-15d275c0f268/10194265-643b-3c37-9256-15d275c0f268.wav,{'action': 'sun'| 'entities': [{'type': 'city'| 'filler': 'orlando'}]},IN ORLANDO TODAY SUNSET IS AT 5:34 P.M
148fa3df-bef4-31c7-830c-3c96025ae0dd,6.10925,./data/newmock/OklahomaCity_sync/148fa3df-bef4-31c7-830c-3c96025ae0dd/148fa3df-bef4-31c7-830c-3c96025ae0dd.wav,{'action': 'weather'| 'entities': [{'type': 'city'| 'filler': 'oklahoma city'}]},IT WON'T RAIN IN OKLAHOMA CITY THURSDAY AFTERNOON THE FORECAST IS SIXTY NINE DEGREES AND PARTLY CLOUD
f5772279-02f7-3e0e-8d13-645f21d685f4,4.8279375,./data/newmock/Boston_sync/f5772279-02f7-3e0e-8d13-645f21d685f4/f5772279-02f7-3e0e-8d13-645f21d685f4.wav,{'action': 'weather'| 'entities': [{'type': 'city'| 'filler': 'boston'}]},IT'S LIKE TODAY IN BOSTON THERE'S A GOOD CHANCE OF RAIN FROM NOW UNTIL ABOUT SIX P
91991ebf-dc29-3273-bf8f-dfd07454435e,2.6664375,./data/Reminder/91991ebf-dc29-3273-bf8f-dfd07454435e/91991ebf-dc29-3273-bf8f-dfd07454435e.wav,{'action': 'reminder'| 'entities': [{'type': 'time'| 'filler': 'on tuesday at eight pm'}]}, all right i'll remind you on tuesday at 8 p.m
e55a382a-520d-31a0-95ca-73981a0e81bc,2.508625,./data/Navigation/cleaned_navi/67sync/e55a382a-520d-31a0-95ca-73981a0e81bc/e55a382a-520d-31a0-95ca-73981a0e81bc.wav,{'action': 'navigation'| 'entities': [{'type': 'intent'| 'filler': 'turn left'}| {'type': 'road'| 'filler': 'beryl street'}]}, in a quarter mile turn left onto beryl stree
32def20a-1584-30e2-b4ae-79270ad54952,3.95325,./data/Reminder/32def20a-1584-30e2-b4ae-79270ad54952/32def20a-1584-30e2-b4ae-79270ad54952.wav,{'action': 'reminder'| 'entities': [{'type': 'todo'| 'filler': 'buy tickets'}]}, got it buy tickets when do you want to be reminde
23d229f3-5dda-3e2d-8fdc-066fbe657646,3.186,./data/Navigation/cleaned_navi/175sync/23d229f3-5dda-3e2d-8fdc-066fbe657646/23d229f3-5dda-3e2d-8fdc-066fbe657646.wav,{'action': 'navigation'| 'entities': [{'type': 'intent'| 'filler': 'take'}| {'type': 'road'| 'filler': 'exit twenty-four'}| {'type': 'intent'| 'filler': 'turn left'}| {'type': 'road'| 'filler': 'governor drive'}]}, take exit 24 then turn left onto governor driv
672c2d10-a719-399a-8e0f-43c1d143be47,4.14175,./data/Reminder/672c2d10-a719-399a-8e0f-43c1d143be47/672c2d10-a719-399a-8e0f-43c1d143be47.wav,{'action': 'reminder'| 'entities': [{'type': 'todo'| 'filler': 'visit the mechanic'}]}, all right this is the mechanic when do you want to be reminde
62308aa8-11d2-325a-b359-4519a8253e03,2.930375,./data/Reminder/62308aa8-11d2-325a-b359-4519a8253e03/62308aa8-11d2-325a-b359-4519a8253e03.wav,{'action': 'reminder'| 'entities': [{'type': 'todo'| 'filler': 'get directions'}]}, directions when do you want to be reminde
a1746fc3-b0ba-3936-9a24-7831e58a95c70,1.7135625,./data/ny_navi/a1746fc3-b0ba-3936-9a24-7831e58a95c7/a1746fc3-b0ba-3936-9a24-7831e58a95c7.wav,{'action': 'navigation'| 'entities': [{'type': 'intent'| 'filler': 'keep left'}]}, USE THE LEFT LANE TO KEEP LEF
62e6cbb7-545f-3f3e-bea1-61064243c444,2.8608125,./data/newmock/Fayetteville_sync/62e6cbb7-545f-3f3e-bea1-61064243c444/62e6cbb7-545f-3f3e-bea1-61064243c444.wav,{'action': 'weather'| 'entities': [{'type': 'city'| 'filler': 'fayetteville'}]},THIS WEEK IN FAYETTEVILLE THERE'S ONLY A LOW CHANCE OF RAI
aa24ade9-735a-38cd-8366-6ec4d59ee7a7,3.4206875,./data/newmock/Henderson_sync/aa24ade9-735a-38cd-8366-6ec4d59ee7a7/aa24ade9-735a-38cd-8366-6ec4d59ee7a7.wav,{'action': 'weather'| 'entities': [{'type': 'city'| 'filler': 'henderson'}]},A NIGHT IN HENDERSON EXPECT A TEMPERATURE OF TWENTY FOUR DEGREE
3faa6665-c4bf-36a9-a154-166e92e87efc,3.4448125,./data/Navigation/cleaned_navi/17sync/3faa6665-c4bf-36a9-a154-166e92e87efc/3faa6665-c4bf-36a9-a154-166e92e87efc.wav,{'action': 'navigation'| 'entities': [{'type': 'intent'| 'filler': 'turn right'}| {'type': 'road'| 'filler': 'i eight o five north'}]}, use the right two lanes to turn slightly right onto the i-805 north ram
9ab3aa11-7bb6-3ac4-a21b-9573bc80dff3,5.423875,./data/newmock/Jacksonville_sync/9ab3aa11-7bb6-3ac4-a21b-9573bc80dff3/9ab3aa11-7bb6-3ac4-a21b-9573bc80dff3.wav,{'action': 'weather'| 'entities': [{'type': 'city'| 'filler': 'jacksonville'}]},NO IT WON'T BE HOT IN JACKSONVILLE TUESDAY EXPECT A HIGH OF EIGHTY FOUR IN A LOW OF SIXTY NIN
c7a3c588-faa8-3a58-8d20-63b2e448d0ab,3.1454375,./data/newmock/Cleveland_sync/c7a3c588-faa8-3a58-8d20-63b2e448d0ab/c7a3c588-faa8-3a58-8d20-63b2e448d0ab.wav,{'action': 'weather'| 'entities': [{'type': 'city'| 'filler': 'cleveland'}]},TODAY IN CLEVELAND'S THERE'S ONLY A VERY SLIGHT CHANCE OF RAI
2d6af001-da21-3ee0-8d44-0a317d55c2f8,7.6371875,./data/newmock/Riverside_sync/2d6af001-da21-3ee0-8d44-0a317d55c2f8/2d6af001-da21-3ee0-8d44-0a317d55c2f8.wav,{'action': 'weather'| 'entities': [{'type': 'city'| 'filler': 'riverside'}]},TODAY AND TOMORROW IN RIVERSIDE IT'LL BE PARTLY CLOUDY WITH LOWS IN THE LOW TEENS HIGHS WILL BE IN THE LOW TWENTYS TODAY THEN BEIN
1c2c11e8-9108-3f88-a5fb-6f435da2fa30,6.494875,./data/newmock/Yonkers_sync/1c2c11e8-9108-3f88-a5fb-6f435da2fa30/1c2c11e8-9108-3f88-a5fb-6f435da2fa30.wav,{'action': 'weather'| 'entities': [{'type': 'city'| 'filler': 'yonkers'}]},NO IT'S NOT FORECAST TO RAIN IN YONKERS THIS AFTERNOON IT'S PREDICTED TO BE TWENTY FOUR DEGREES AND PARTLY CLOUD
26137581-5623-351b-8ffc-b4171af3c8350,2.847,./data/ny_navi/26137581-5623-351b-8ffc-b4171af3c835/26137581-5623-351b-8ffc-b4171af3c835.wav,{'action': 'navigation'| 'entities': [{'type': 'intent'| 'filler': 'turn right'}| {'type': 'road'| 'filler': 'west thirty-one street'}]}, IN A QUARTER MILE TURN RIGHT ONTO WEST 31ST STREE
036d8ea3-eec0-3630-a6c8-58016e29a9a40,1.4321875,./data/ny_navi/036d8ea3-eec0-3630-a6c8-58016e29a9a4/036d8ea3-eec0-3630-a6c8-58016e29a9a4.wav,{'action': 'navigation'| 'entities': [{'type': 'intent'| 'filler': 'continue'}]}, CONTINUE FOR HALF A MIL
35f1c935-34a2-32bf-ab2f-2177b9df3e3d,4.868625,./data/newmock/Jacksonville_sync/35f1c935-34a2-32bf-ab2f-2177b9df3e3d/35f1c935-34a2-32bf-ab2f-2177b9df3e3d.wav,{'action': 'weather'| 'entities': [{'type': 'city'| 'filler': 'jacksonville'}]},IT'LL RAIN IN JACKSONVILLE TOMORROW FROM FOUR A.M. TO FIVE PM WITH A BREAK FROM ONE TO THREE P
55f5fd9a-845a-3ec4-bdb1-1a70509bd20a,3.2395,./data/Navigation/cleaned_navi/186sync/55f5fd9a-845a-3ec4-bdb1-1a70509bd20a/55f5fd9a-845a-3ec4-bdb1-1a70509bd20a.wav,{'action': 'navigation'| 'entities': [{'type': 'intent'| 'filler': 'take'}| {'type': 'road'| 'filler': 'i eight o five south'}]}, use the right two lanes to take the i-805 south ram
b8322963-78d0-3c0a-ab90-5a4dc9a362cf,3.119375,./data/newmock/SanDiego_sync/b8322963-78d0-3c0a-ab90-5a4dc9a362cf/b8322963-78d0-3c0a-ab90-5a4dc9a362cf.wav,{'action': 'weather'| 'entities': [{'type': 'city'| 'filler': 'san diego'}]},MONDAY IS LOW IN SAN DIEGO WILL BE FIFTY SEVEN DEGREE
6cc6c897-102f-3564-a407-1306be049a0d,2.7106875,./data/Reminder/6cc6c897-102f-3564-a407-1306be049a0d/6cc6c897-102f-3564-a407-1306be049a0d.wav,{'action': 'reminder'| 'entities': [{'type': 'time'| 'filler': 'on thursday at nine am'}]}, i'll remind you on thursday at 9 a.m
be037be5-bae1-3cdf-b8b4-e797f808f8bb,3.1086875,./data/Navigation/cleaned_navi/19sync/be037be5-bae1-3cdf-b8b4-e797f808f8bb/be037be5-bae1-3cdf-b8b4-e797f808f8bb.wav,{'action': 'navigation'| 'entities': [{'type': 'intent'| 'filler': 'continue'}| {'type': 'road'| 'filler': 'i fifteen south'}]}, continue on i-15 south for one and a half mile
9da0dc2e-13d0-356d-8812-9b969ec218ea,2.4405625,./data/Reminder/9da0dc2e-13d0-356d-8812-9b969ec218ea/9da0dc2e-13d0-356d-8812-9b969ec218ea.wav,{'action': 'reminder'| 'entities': [{'type': 'time'| 'filler': 'tomorrow at eight pm'}]}, i'll remind you tomorrow at 8 p.m
fd665d5b-983d-36af-b18f-25d57cb2e4b3,3.845,./data/cleansun/fd665d5b-983d-36af-b18f-25d57cb2e4b3/fd665d5b-983d-36af-b18f-25d57cb2e4b3.wav,{'action': 'sun'| 'entities': [{'type': 'city'| 'filler': 'long beach'}]},IN LONG BEACH TODAY THE SUN WILL SET AT 4:53 P.M
4e388cad-e06f-341e-b411-2362223529d3,7.3716875,./data/newmock/Washington_sync/4e388cad-e06f-341e-b411-2362223529d3/4e388cad-e06f-341e-b411-2362223529d3.wav,{'action': 'weather'| 'entities': [{'type': 'city'| 'filler': 'washington'}]},NO IT'S NOT FORECAST TO BE SUNNY IN WASHINGTON TODAY IT'LL BE PARTLY CLOUDY WITH A FORECASTED HIGH OF SIXTY SIX AND A LOW O
53f9d6c0-1105-3705-9987-33ba13babdff,3.4718125,./data/newmock/Brooklyn_sync/53f9d6c0-1105-3705-9987-33ba13babdff/53f9d6c0-1105-3705-9987-33ba13babdff.wav,{'action': 'weather'| 'entities': [{'type': 'city'| 'filler': 'brooklyn'}]},TEMPERATURE TONIGHT IN BROOKLYN IS PREDICTED TO BE FIFTY FOUR DEGREE
359c6a5b-38f5-3e14-9e01-de28634d057b0,2.8718125,./data/ny_navi/359c6a5b-38f5-3e14-9e01-de28634d057b/359c6a5b-38f5-3e14-9e01-de28634d057b.wav,{'action': 'navigation'| 'entities': [{'type': 'intent'| 'filler': 'head northwest'}| {'type': 'road'| 'filler': 'nobel drive'}| {'type': 'road'| 'filler': 'regents road'}]}, AT NORTHWEST ON NOBEL DRIVE TOWARD REGIONS ROA
29dfcf89-e64b-3a4e-b0c0-bb8f51e85b8f,2.651,./data/Reminder/29dfcf89-e64b-3a4e-b0c0-bb8f51e85b8f/29dfcf89-e64b-3a4e-b0c0-bb8f51e85b8f.wav,"{'action': 'reminder'| 'entities': [{'type': 'time'| 'filler': ""sure i'll remind you""}]}", sure i'll remind you on wednesday at 2 p.m
95ed53bc-14c5-3c6c-99e4-d24632b37279,1.62225,./data/newmock/Durham_sync/95ed53bc-14c5-3c6c-99e4-d24632b37279/95ed53bc-14c5-3c6c-99e4-d24632b37279.wav,{'action': 'weather'| 'entities': [{'type': 'city'| 'filler': 'durham'}]},HERE'S THE FORECAST FOR DURHA
8c23dd37-e10d-3e0a-89b0-a5e5ff7a88ab,3.0198125,./data/Navigation/cleaned_navi/130sync/8c23dd37-e10d-3e0a-89b0-a5e5ff7a88ab/8c23dd37-e10d-3e0a-89b0-a5e5ff7a88ab.wav,{'action': 'navigation'| 'entities': [{'type': 'intent'| 'filler': 'turn right'}| {'type': 'road'| 'filler': 'nobel drive'}]}, use the right two lanes to turn right onto nobel driv
1e8b0e08-0cda-3ea7-880e-96ed355c4d87,3.969,./data/cleansun/1e8b0e08-0cda-3ea7-880e-96ed355c4d87/1e8b0e08-0cda-3ea7-880e-96ed355c4d87.wav,{'action': 'sun'| 'entities': [{'type': 'city'| 'filler': 'st louis'}]},ST LOUIS TOMORROW SUNRISE IS AT 6:39 A.M
2d7d5082-bb13-3bed-9b91-7adebb621518,4.9680625,./data/newmock/Denver_sync/2d7d5082-bb13-3bed-9b91-7adebb621518/2d7d5082-bb13-3bed-9b91-7adebb621518.wav,{'action': 'weather'| 'entities': [{'type': 'city'| 'filler': 'denver'}]},TODAY IN DENVER IT'S JUST FEEL AS HIGH AS SIXTY TWO AND AS LOW AS THIRTY NINE DO THE WIND CHIL
3431f7ab-f9f8-3782-9e4a-1d91c692356d,7.3211875,./data/newmock/Newark_sync/3431f7ab-f9f8-3782-9e4a-1d91c692356d/3431f7ab-f9f8-3782-9e4a-1d91c692356d.wav,{'action': 'weather'| 'entities': [{'type': 'city'| 'filler': 'newark'}]},FRIDAY AND SATURDAY IN NEWARK IT'LL BE RAINY HIGHS WILL BE IN THE LOW TWENTYS FRIDAY THEN BE IN THE MID TEENS ON SATURDA
50de91b2-2f9b-3eb8-8007-86a9f23c77de,2.0824375,./data/Navigation/cleaned_navi/21sync/50de91b2-2f9b-3eb8-8007-86a9f23c77de/50de91b2-2f9b-3eb8-8007-86a9f23c77de.wav,{'action': 'navigation'| 'entities': [{'type': 'intent'| 'filler': 'turn right'}| {'type': 'road'| 'filler': 'carmel mountain road'}]}, turn right to stay on carmel mountain roa
a81594c8-e111-3f2a-b8cf-205915d76b73,4.419625,./data/Reminder/a81594c8-e111-3f2a-b8cf-205915d76b73/a81594c8-e111-3f2a-b8cf-205915d76b73.wav,{'action': 'reminder'| 'entities': [{'type': 'todo'| 'filler': 'take my antibiotics'}]}, take my antibiotics when do you want to be reminde
73905014-3d41-3915-b7b9-13205e6463e1,4.3020625,./data/newmock/Toledo_sync/73905014-3d41-3915-b7b9-13205e6463e1/73905014-3d41-3915-b7b9-13205e6463e1.wav,{'action': 'weather'| 'entities': [{'type': 'city'| 'filler': 'toledo'}]},FRIDAY THROUGH NEXT SUNDAY IN TOLEDO HIGH SCHOOL RIDE FROM FOURTEEN TO TWENTY TW
30d18cbc-4b97-3613-88c3-08004a34b197,3.8918125,./data/newmock/Amarillo_sync/30d18cbc-4b97-3613-88c3-08004a34b197/30d18cbc-4b97-3613-88c3-08004a34b197.wav,{'action': 'weather'| 'entities': [{'type': 'city'| 'filler': 'amarillo'}]},TODAY IN AMARILLO EXPECT A HIGH OF TWENTY NINE AND A LOW OF SIXTEE
a2f82d0e-aece-38de-bd43-40250fccee46,3.8669375,./data/newmock/Amarillo_sync/a2f82d0e-aece-38de-bd43-40250fccee46/a2f82d0e-aece-38de-bd43-40250fccee46.wav,{'action': 'weather'| 'entities': [{'type': 'city'| 'filler': 'amarillo'}]},THERE'S A GOOD CHANCE OF RAIN IN AMARILLO TOMORROW FROM TEN TO ELEVEN P
3cd755a6-58f0-3538-9855-900f039598bb,3.9994375,./data/newmock/Lubbock_sync/3cd755a6-58f0-3538-9855-900f039598bb/3cd755a6-58f0-3538-9855-900f039598bb.wav,{'action': 'weather'| 'entities': [{'type': 'city'| 'filler': 'lubbock'}]},FRIDAY THROUGH SUNDAY IN LUBBOCK I WILL FALL FROM TWENTY EIGHT TO TWENTY FIV
d2a5ba44-b2ad-37c9-99b7-de479a8c48d3,2.2605625,./data/newmock/Cincinnati_sync/d2a5ba44-b2ad-37c9-99b7-de479a8c48d3/d2a5ba44-b2ad-37c9-99b7-de479a8c48d3.wav,{'action': 'weather'| 'entities': [{'type': 'city'| 'filler': 'cincinnati'}]},YESTERDAY IN CINCINNATI IT DIDN'T RAI
8ffa69cd-6171-339e-a24c-8b5494ff3fad,5.351375,./data/Reminder/8ffa69cd-6171-339e-a24c-8b5494ff3fad/8ffa69cd-6171-339e-a24c-8b5494ff3fad.wav,{'action': 'reminder'| 'entities': [{'type': 'time'| 'filler': 'tomorrow at one pm'}]}, all right i'll remind you tomorrow at 1 p.m
e9899d2a-9262-3e4f-9455-44a15e9a3159,1.730875,./data/newmock/Washington_sync/e9899d2a-9262-3e4f-9455-44a15e9a3159/e9899d2a-9262-3e4f-9455-44a15e9a3159.wav,{'action': 'weather'| 'entities': [{'type': 'city'| 'filler': 'washington'}]},HERE'S THE FORECAST FOR WASHINGTO
3704d6c0-0d01-36cc-a27a-83d6dbcf49c0,3.6025625,./data/newmock/Tulsa_sync/3704d6c0-0d01-36cc-a27a-83d6dbcf49c0/3704d6c0-0d01-36cc-a27a-83d6dbcf49c0.wav,{'action': 'weather'| 'entities': [{'type': 'city'| 'filler': 'tulsa'}]},THE HUMIDITY TODAY IN TULSA IS PREDICTED TO BE FIFTY THREE PERCEN
45cfdc46-3ef7-35fb-9afc-f2c69bd8d2cd,3.59075,./data/newmock/Lincoln_sync/45cfdc46-3ef7-35fb-9afc-f2c69bd8d2cd/45cfdc46-3ef7-35fb-9afc-f2c69bd8d2cd.wav,{'action': 'weather'| 'entities': [{'type': 'city'| 'filler': 'lincoln'}]},LINCOLN TODAY EXPECT A HIGH OF TWENTY EIGHT AND A LOW OF NINETEE
6e7906cd-cc73-3b50-a9fc-81286f0d7424,4.122875,./data/Navigation/cleaned_navi/226sync/6e7906cd-cc73-3b50-a9fc-81286f0d7424/6e7906cd-cc73-3b50-a9fc-81286f0d7424.wav,{'action': 'navigation'| 'entities': [{'type': 'intent'| 'filler': 'turn right'}| {'type': 'road'| 'filler': 'la jolla village drive'}]}, in a quarter mile use the right two lanes to turn right onto la jolla village driv
9cb628db-34dc-3d5b-99b4-80ad0f37285a,3.962,./data/newmock/DesMoines_sync/9cb628db-34dc-3d5b-99b4-80ad0f37285a/9cb628db-34dc-3d5b-99b4-80ad0f37285a.wav,{'action': 'weather'| 'entities': [{'type': 'city'| 'filler': 'des moines'}]},DES MOINES WEDNESDAY AFTERNOON IT'LL BE TWENTY TWO DEGREES WITH A THUNDERSTOR
f10ea5b6-4135-39e4-a6cf-e53322c0390f,3.70375,./data/newmock/Houston_sync/f10ea5b6-4135-39e4-a6cf-e53322c0390f/f10ea5b6-4135-39e4-a6cf-e53322c0390f.wav,{'action': 'weather'| 'entities': [{'type': 'city'| 'filler': 'houston'}]},THE LOW TEMPERATURE IN HOUSTON TODAY IS PREDICTED TO BE SEVENTY DEGREE
79d21154-54cf-37f5-b71d-b2da1f2ead50,3.9319375,./data/newmock/Austin_sync/79d21154-54cf-37f5-b71d-b2da1f2ead50/79d21154-54cf-37f5-b71d-b2da1f2ead50.wav,{'action': 'weather'| 'entities': [{'type': 'city'| 'filler': 'austin'}]},PROBABLY NOT THIS AFTERNOON IN AUSTIN THERE'S ONLY A LOW CHANCE OF RAI
996bd1df-1993-353e-97dd-790d4392a27a,2.80825,./data/Navigation/cleaned_navi/261sync/996bd1df-1993-353e-97dd-790d4392a27a/996bd1df-1993-353e-97dd-790d4392a27a.wav,{'action': 'navigation'| 'entities': [{'type': 'intent'| 'filler': 'continue'}| {'type': 'road'| 'filler': 'kearny villa road'}]}, continue on kearny villa road for 4 mile
1723d3c3-df55-361b-930e-aa97989ded8b,2.5745625,./data/Reminder/1723d3c3-df55-361b-930e-aa97989ded8b/1723d3c3-df55-361b-930e-aa97989ded8b.wav,{'action': 'reminder'| 'entities': [{'type': 'time'| 'filler': 'tomorrow at eleven am'}]}, got it i'll remind you tomorrow at 11 a.m
ed905a59-ab10-33a7-a265-9cbffc0d4467,3.12075,./data/newmock/SanFrancisco_sync/ed905a59-ab10-33a7-a265-9cbffc0d4467/ed905a59-ab10-33a7-a265-9cbffc0d4467.wav,{'action': 'weather'| 'entities': [{'type': 'city'| 'filler': 'san francisco'}]},TODAY IN SAN FRANCISCO THERE'S ONLY A LOW CHANCE OF RAI
6f39a9c8-4d86-3e4d-ad3f-157ba1dd9221,3.529625,./data/newmock/Fresno_sync/6f39a9c8-4d86-3e4d-ad3f-157ba1dd9221/6f39a9c8-4d86-3e4d-ad3f-157ba1dd9221.wav,{'action': 'weather'| 'entities': [{'type': 'city'| 'filler': 'fresno'}]},FRESNO TODAY YOU CAN EXPECT A HIGH OF NINETY SEVEN DEGREE
7ebc95f2-15e4-3e26-86a0-368bb770c31a,5.209,./data/cleantime/7ebc95f2-15e4-3e26-86a0-368bb770c31a/7ebc95f2-15e4-3e26-86a0-368bb770c31a.wav,{'action': 'time'| 'entities': [{'type': 'city'| 'filler': 'minneapolis'}]},TIME IN MINNEAPOLIS MINNESOTA UNITED STATES IS 11:19 A.M
2fd77725-b990-3baa-9a99-edcd40624750,4.8675,./data/Navigation/cleaned_navi/81sync/2fd77725-b990-3baa-9a99-edcd40624750/2fd77725-b990-3baa-9a99-edcd40624750.wav,{'action': 'navigation'| 'entities': [{'type': 'intent'| 'filler': 'take the next left'}| {'type': 'road'| 'filler': 'murray ridge road'}| {'type': 'intent'| 'filler': 'take'}| {'type': 'road'| 'filler': 'i eight o five north'}]}, what's the next left on the murray ridge road then use the right lane to take the i-805 north ram
933793ef-dc56-3035-ad3b-f918ee921568,3.692875,./data/Reminder/933793ef-dc56-3035-ad3b-f918ee921568/933793ef-dc56-3035-ad3b-f918ee921568.wav,{'action': 'reminder'| 'entities': [{'type': 'todo'| 'filler': 'get bread'}]}, get bread when do you want to be reminde
d1c8c551-cfe0-36da-8b47-ef16bd40a1a2,7.318,./data/cleanair/d1c8c551-cfe0-36da-8b47-ef16bd40a1a2/d1c8c551-cfe0-36da-8b47-ef16bd40a1a2.wav,{'action': 'air'| 'entities': [{'type': 'city'| 'filler': 'cincinnati'}]},ACCORDING TO THE AIR QUALITY NEAR THE CENTER OF CINCINNATI IS GOOD WITH AN INDEX RANGING FROM 28 TO 3
e6db4837-f807-3df6-98c3-267c281f4cee,3.041375,./data/Navigation/cleaned_navi/196sync/e6db4837-f807-3df6-98c3-267c281f4cee/e6db4837-f807-3df6-98c3-267c281f4cee.wav,{'action': 'navigation'| 'entities': [{'type': 'intent'| 'filler': 'turn left'}| {'type': 'road'| 'filler': 'kearny villa road'}]}, and the left two lanes to turn left onto kearny villa roa
8daeea33-15da-35a9-a041-f60a1ed1401f,3.7673125,./data/newmock/Anaheim_sync/8daeea33-15da-35a9-a041-f60a1ed1401f/8daeea33-15da-35a9-a041-f60a1ed1401f.wav,{'action': 'weather'| 'entities': [{'type': 'city'| 'filler': 'anaheim'}]},TODAY IN ANAHEIM EXPECT A HIGH OF TWENTY ONE AND A LOW OF FOURTEE
04f7c904-5c28-3e96-94c3-fd687ee93b56,4.589,./data/cleantime/04f7c904-5c28-3e96-94c3-fd687ee93b56/04f7c904-5c28-3e96-94c3-fd687ee93b56.wav,{'action': 'time'| 'entities': [{'type': 'city'| 'filler': 'chula vista'}]},TIME IN CHULA VISTA CALIFORNIA IS 1:10 P.M
89a53b12-5b97-3236-a0c6-d6c2ffd1cd32,2.655625,./data/newmock/Cincinnati_sync/89a53b12-5b97-3236-a0c6-d6c2ffd1cd32/89a53b12-5b97-3236-a0c6-d6c2ffd1cd32.wav,{'action': 'weather'| 'entities': [{'type': 'city'| 'filler': 'cincinnati'}]},CINCINNATI RIGHT NOW IT'S NINETEEN DEGREE
5f7e8efa-9742-33dd-a549-6ff2b70f37930,2.271125,./data/ny_navi/5f7e8efa-9742-33dd-a549-6ff2b70f3793/5f7e8efa-9742-33dd-a549-6ff2b70f3793.wav,{'action': 'navigation'| 'entities': [{'type': 'intent'| 'filler': 'take'}| {'type': 'road'| 'filler': 'exit'}| {'type': 'road'| 'filler': 'new haven'}| {'type': 'intent'| 'filler': 'follow sign'}| {'type': 'road'| 'filler': 'bruckner expressway'}]}, FIESTA TOUR NEW HAVEN TO 78TH EXPRESSWA
97606f21-3e88-326f-9d50-25100c0f02e7,2.797875,./data/Reminder/97606f21-3e88-326f-9d50-25100c0f02e7/97606f21-3e88-326f-9d50-25100c0f02e7.wav,{'action': 'reminder'| 'entities': [{'type': 'todo'| 'filler': 'buy cheese'}]}, buy cheese when do you want to be reminde
7c3336c2-bf88-335f-bfb2-482f927cf04e,3.077,./data/newmock/Gilbert_sync/7c3336c2-bf88-335f-bfb2-482f927cf04e/7c3336c2-bf88-335f-bfb2-482f927cf04e.wav,{'action': 'weather'| 'entities': [{'type': 'city'| 'filler': 'gilbert'}]},THIS WEEKEND GILBERT THERE'S ONLY A VERY SLIGHT CHANCE OF RAI
f894f65e-c033-3e3e-b879-4007f93dcd68,2.9569375,./data/newmock/Washington_sync/f894f65e-c033-3e3e-b879-4007f93dcd68/f894f65e-c033-3e3e-b879-4007f93dcd68.wav,{'action': 'weather'| 'entities': [{'type': 'city'| 'filler': 'washington'}]},TODAY IN WASHINGTON THERE'S NO CHANCE OF SNO
0718bf61-9e09-3bdc-aa35-256861168af1,3.05475,./data/newmock/Cincinnati_sync/0718bf61-9e09-3bdc-aa35-256861168af1/0718bf61-9e09-3bdc-aa35-256861168af1.wav,{'action': 'weather'| 'entities': [{'type': 'city'| 'filler': 'cincinnati'}]},THERE'S A GOOD CHANCE OF RAIN IN CINCINNATI LATE TOMORROW NIGH
c2c67323-fdc1-379a-a9ab-9e5d1f5a4819,7.069,./data/cleanair/c2c67323-fdc1-379a-a9ab-9e5d1f5a4819/c2c67323-fdc1-379a-a9ab-9e5d1f5a4819.wav,{'action': 'air'| 'entities': [{'type': 'city'| 'filler': 'fort wayne'}]},ACCORDING TO PURPLE ARE THE AIR QUALITY NEAR THE CENTER OF FORT WAYNE IS GOOD WITH AN INDEX RANGING FROM 10 TO 2
649b5248-ca41-3f35-85ff-04ad8f02ae85,3.6651875,./data/newmock/Scottsdale_sync/649b5248-ca41-3f35-85ff-04ad8f02ae85/649b5248-ca41-3f35-85ff-04ad8f02ae85.wav,{'action': 'weather'| 'entities': [{'type': 'city'| 'filler': 'scottsdale'}]},THE HUMIDITY TODAY IN SCOTTSDALE IS PREDICTED TO BE NINETEEN PERCEN
722d91f0-9aed-3ffe-a4f8-1ba3f3baddf1,4.2861875,./data/newmock/SanDiego_sync/722d91f0-9aed-3ffe-a4f8-1ba3f3baddf1/722d91f0-9aed-3ffe-a4f8-1ba3f3baddf1.wav,{'action': 'weather'| 'entities': [{'type': 'city'| 'filler': 'san diego'}]},THERE'S NO SNOW EXPECTED TUESDAY IN SAN DIEGO IT'LL BE MOSTLY SUNN
242d1796-34a5-3898-912b-08611c8ae49e,2.9079375,./data/Navigation/cleaned_navi/17sync/242d1796-34a5-3898-912b-08611c8ae49e/242d1796-34a5-3898-912b-08611c8ae49e.wav,{'action': 'navigation'| 'entities': [{'type': 'intent'| 'filler': 'continue'}| {'type': 'road'| 'filler': 'i eight o five north'}]}, continue on i-805 north for 4 mile
c1f80cc4-8b6d-32fc-b86d-c4771bc1ec1a,2.782875,./data/newmock/Fremont_sync/c1f80cc4-8b6d-32fc-b86d-c4771bc1ec1a/c1f80cc4-8b6d-32fc-b86d-c4771bc1ec1a.wav,{'action': 'weather'| 'entities': [{'type': 'city'| 'filler': 'fremont'}]},THIS WEEK IN FREMONT THERE'S ONLY A LOW CHANCE OF RAI
4c5ead4b-052b-37dd-b800-2e143922c4290,5.9305625,./data/ny_navi/4c5ead4b-052b-37dd-b800-2e143922c429/4c5ead4b-052b-37dd-b800-2e143922c429.wav,{'action': 'navigation'| 'entities': [{'type': 'intent'| 'filler': 'turn left'}| {'type': 'road'| 'filler': 'i four ninety-five east'}| {'type': 'road'| 'filler': 'long island expressway'}]}, IN A QUARTER MILE TURN LEFT ONTO THE I-495 EAST LONG ISLAND EXPRESSWAY RAMPS IN EASTERN LONG ISLAND RIVERHEA
b13769e5-7da5-35ff-823f-570ce5903331,3.845,./data/cleansun/b13769e5-7da5-35ff-823f-570ce5903331/b13769e5-7da5-35ff-823f-570ce5903331.wav,{'action': 'sun'| 'entities': [{'type': 'city'| 'filler': 'fort worth'}]},SUNSET IS AT 5:31 P.M
a33cbbef-40af-3182-bd54-36bd8846defd,2.6135625,./data/Navigation/cleaned_navi/125sync/a33cbbef-40af-3182-bd54-36bd8846defd/a33cbbef-40af-3182-bd54-36bd8846defd.wav,{'action': 'navigation'| 'entities': [{'type': 'intent'| 'filler': 'turn left'}| {'type': 'road'| 'filler': 'torrey pines road'}]}, is any lane to turn left onto torrey pines roa
77c14fb2-a3f6-318b-a777-fc3290ac4901,2.63475,./data/Navigation/cleaned_navi/185sync/77c14fb2-a3f6-318b-a777-fc3290ac4901/77c14fb2-a3f6-318b-a777-fc3290ac4901.wav,{'action': 'navigation'| 'entities': [{'type': 'intent'| 'filler': 'continue'}| {'type': 'road'| 'filler': 'balboa avenue'}]}, continue on balboa avenue for 5 mile
07341f48-ff3c-37fb-a111-515775139cf9,4.217,./data/cleansun/07341f48-ff3c-37fb-a111-515775139cf9/07341f48-ff3c-37fb-a111-515775139cf9.wav,{'action': 'sun'| 'entities': [{'type': 'city'| 'filler': 'grand rapids'}]},GRAND RAPIDS TOMORROW THE SUN WILL SET AT 5:23 P.M
631d946f-c045-3c16-abc4-0c047c4273ea,3.25575,./data/newmock/NorthLasVegas_sync/631d946f-c045-3c16-abc4-0c047c4273ea/631d946f-c045-3c16-abc4-0c047c4273ea.wav,{'action': 'weather'| 'entities': [{'type': 'city'| 'filler': 'north las vegas'}]},TEMPERATURE IN NORTH LAS VEGAS RIGHT NOW IT'S THIRTY ONE DEGREE
6621934e-2904-3b01-a591-ee63c64072e8,2.6151875,./data/Navigation/cleaned_navi/13sync/6621934e-2904-3b01-a591-ee63c64072e8/6621934e-2904-3b01-a591-ee63c64072e8.wav,{'action': 'navigation'| 'entities': [{'type': 'intent'| 'filler': 'merge'}| {'type': 'road'| 'filler': 'i five north'}]}, in 1000 feet merge onto i-5 nort
a23a18f1-f332-3dea-ba2c-24919ed801c60,2.6459375,./data/ny_navi/a23a18f1-f332-3dea-ba2c-24919ed801c6/a23a18f1-f332-3dea-ba2c-24919ed801c6.wav,{'action': 'navigation'| 'entities': [{'type': 'intent'| 'filler': 'merge'}| {'type': 'road'| 'filler': 'i eighty-seven south'}]}, IN A QUARTER MILE MERGE ON I-87 SOUT
7ede5e6e-7078-362a-8739-7b5894c31997,5.581,./data/cleanair/7ede5e6e-7078-362a-8739-7b5894c31997/7ede5e6e-7078-362a-8739-7b5894c31997.wav,{'action': 'air'| 'entities': [{'type': 'city'| 'filler': 'irving'}]},ACCORDING TO PURPLE ARE THE AIR QUALITY NEAR THE CENTER OF IRVING IS GOOD WITH AN INDEX OF 
f7d68b99-6ebe-3560-bb4f-8ae5398779a2,5.25675,./data/newmock/Mesa_sync/f7d68b99-6ebe-3560-bb4f-8ae5398779a2/f7d68b99-6ebe-3560-bb4f-8ae5398779a2.wav,{'action': 'weather'| 'entities': [{'type': 'city'| 'filler': 'mesa'}]},TODAY THROUGH SATURDAY IN MESA IT'LL BE SUNNY WITH HIGHS AROUND NINETY NINE AND LOWS AROUND SIXTY EIGH
4bd39546-1904-34d6-88f3-caefe25d87e2,6.4944375,./data/Navigation/cleaned_navi/11sync/4bd39546-1904-34d6-88f3-caefe25d87e2/4bd39546-1904-34d6-88f3-caefe25d87e2.wav,{'action': 'navigation'| 'entities': [{'type': 'intent'| 'filler': 'take'}| {'type': 'road'| 'filler': 'exit twenty-seven a'}| {'type': 'roadnext'| 'filler': 'mira mesa boulevard'}]}, in one and a half miles to use the right two lanes to take exit 2784 mira mesa boulevard vista sorrento parkwa
7a477f7c-3e50-3670-9f6e-df75cd3f9d25,4.28775,./data/newmock/SanDiego_sync/7a477f7c-3e50-3670-9f6e-df75cd3f9d25/7a477f7c-3e50-3670-9f6e-df75cd3f9d25.wav,{'action': 'weather'| 'entities': [{'type': 'city'| 'filler': 'san diego'}]},TUESDAY IN SAN DIEGO EXPECT A HIGH OF SIXTY FIVE AND A LOW OF FIFTY FOU
6c8ee03a-b8bb-3498-bd1e-967c42d635ce,4.672875,./data/Reminder/6c8ee03a-b8bb-3498-bd1e-967c42d635ce/6c8ee03a-b8bb-3498-bd1e-967c42d635ce.wav,{'action': 'reminder'| 'entities': [{'type': 'todo'| 'filler': 'go to parents teacher conference'}]}, go to parents when do you want to be reminde
0d806f3d-b252-37b7-a6e8-bdb1139e9f0f0,4.549,./data/ny_navi/0d806f3d-b252-37b7-a6e8-bdb1139e9f0f/0d806f3d-b252-37b7-a6e8-bdb1139e9f0f.wav,{'action': 'navigation'| 'entities': [{'type': 'intent'| 'filler': 'take'}| {'type': 'road'| 'filler': 'second exit'}| {'type': 'intent'| 'filler': 'stay'}| {'type': 'road'| 'filler': 'ditmars boulevard'}]}, IN A QUARTER MILE AT THE TRAFFIC CIRCLE TAKE THE SECOND EXIT AND STAY ON DITMARS BOULEVAR
8041d234-7458-376a-987c-baeb9949d995,3.2025625,./data/newmock/Baltimore_sync/8041d234-7458-376a-987c-baeb9949d995/8041d234-7458-376a-987c-baeb9949d995.wav,{'action': 'weather'| 'entities': [{'type': 'city'| 'filler': 'baltimore'}]},BALTIMORE TONIGHT EXPECT A TEMPERATURE OF SIXTY DEGREE
2ca53474-7789-3eca-9812-268208ced8fc,3.0801875,./data/newmock/SanFrancisco_sync/2ca53474-7789-3eca-9812-268208ced8fc/2ca53474-7789-3eca-9812-268208ced8fc.wav,{'action': 'weather'| 'entities': [{'type': 'city'| 'filler': 'san francisco'}]},NO RAIN IS NOT EXPECTED THIS WEEK IN SAN FRANCISC
077a14de-12e8-3b4b-803e-c80220743b94,5.19025,./data/newmock/Aurora_sync/077a14de-12e8-3b4b-803e-c80220743b94/077a14de-12e8-3b4b-803e-c80220743b94.wav,{'action': 'weather'| 'entities': [{'type': 'city'| 'filler': 'aurora'}]},TOMORROW AFTERNOON IN AUROR
b0f168d4-cf56-30aa-8898-8012430f73f7,1.9601875,./data/newmock/SanDiego_sync/b0f168d4-cf56-30aa-8898-8012430f73f7/b0f168d4-cf56-30aa-8898-8012430f73f7.wav,{'action': 'weather'| 'entities': [{'type': 'city'| 'filler': 'san diego'}]},HERE'S THE FORECAST FOR SAN DIEG
025c6881-291a-3282-8fb8-b8217a689f81,4.065,./data/Reminder/025c6881-291a-3282-8fb8-b8217a689f81/025c6881-291a-3282-8fb8-b8217a689f81.wav,{'action': 'reminder'| 'entities': [{'type': 'todo'| 'filler': 'go to the airport'}]}, all right go to the airport when do you want to be reminde
5d022154-ad3f-3dc4-b564-888ddb431e05,4.527125,./data/newmock/Milwaukee_sync/5d022154-ad3f-3dc4-b564-888ddb431e05/5d022154-ad3f-3dc4-b564-888ddb431e05.wav,{'action': 'weather'| 'entities': [{'type': 'city'| 'filler': 'milwaukee'}]},THIS WEEKEND IN MILWAUKEE EXPECT A HIGH OF SIXTY THREE DEGREES AND A LOW OF FIFTY DEGREE
1ece6be2-d201-3b14-abad-47ccbc32ea1f0,1.525375,./data/ny_navi/1ece6be2-d201-3b14-abad-47ccbc32ea1f/1ece6be2-d201-3b14-abad-47ccbc32ea1f.wav,{'action': 'navigation'| 'entities': [{'type': 'intent'| 'filler': 'stay'}| {'type': 'road'| 'filler': 'west street'}]}, KEEP RIGHT TO STAY ON WEST STREE
0895186e-77e6-322c-a29b-fe4f9f017805,8.422125,./data/newmock/Brooklyn_sync/0895186e-77e6-322c-a29b-fe4f9f017805/0895186e-77e6-322c-a29b-fe4f9f017805.wav,{'action': 'weather'| 'entities': [{'type': 'city'| 'filler': 'brooklyn'}]},TODAY THROUGH SATURDAY IN BROOKLYN I WILL BE AROUND SIXTY SIX FROM FORTY FIVE TO FIFTY THREE TODAY THROUGH THURSDAY IT'LL BE M
402897c4-b01b-3a81-8bae-1dcea21c181a0,2.1214375,./data/ny_navi/402897c4-b01b-3a81-8bae-1dcea21c181a/402897c4-b01b-3a81-8bae-1dcea21c181a.wav,{'action': 'navigation'| 'entities': [{'type': 'intent'| 'filler': 'take the next left'}| {'type': 'road'| 'filler': 'brook avenue'}| {'type': 'intent'| 'filler': 'destination'}]}, TAKE THE NEXT LEFT ONTO BROOK AVENUE THEN YOU WILL ARRIVE AT YOUR DESTINATIO
8a21fd61-8895-38e5-8b76-0dc27831df84,3.749375,./data/newmock/FortWorth_sync/8a21fd61-8895-38e5-8b76-0dc27831df84/8a21fd61-8895-38e5-8b76-0dc27831df84.wav,{'action': 'weather'| 'entities': [{'type': 'city'| 'filler': 'fort worth'}]},PROBABLY NOT TODAY IN FORT WORTH THERE'S ONLY A LOW CHANCE OF RAI
b2d8a78b-3862-38ee-94ae-6358ac2b1456,6.012375,./data/newmock/Honolulu_sync/b2d8a78b-3862-38ee-94ae-6358ac2b1456/b2d8a78b-3862-38ee-94ae-6358ac2b1456.wav,{'action': 'weather'| 'entities': [{'type': 'city'| 'filler': 'honolulu'}]},IT WON'T RAIN IN HONOLULU FRIDAY IT'LL BE PARTLY CLOUDY WITH A HIGH OF TWENTY EIGHT AND A LOW OF TWENTY TW
8a3a3552-aa23-3c3c-8466-d18cbcb4f487,6.65125,./data/newmock/ElPaso_sync/8a3a3552-aa23-3c3c-8466-d18cbcb4f487/8a3a3552-aa23-3c3c-8466-d18cbcb4f487.wav,{'action': 'weather'| 'entities': [{'type': 'city'| 'filler': 'el paso'}]},NO IT WON'T RAIN IN EL PASO TUESDAY IT'LL BE MOSTLY SUNNY WITH A HIGH OF EIGHTY SEVEN AND A LOW OF SIXTY TW
08857b6b-aa5e-3482-a467-02af1de2db76,2.9328125,./data/newmock/Honolulu_sync/08857b6b-aa5e-3482-a467-02af1de2db76/08857b6b-aa5e-3482-a467-02af1de2db76.wav,{'action': 'weather'| 'entities': [{'type': 'city'| 'filler': 'honolulu'}]},THIS WEEK IN HONOLULU THERE'S ONLY A LOW CHANCE OF RAI
7d887900-0a98-331d-abba-9ddc99bf2f110,4.1126875,./data/ny_navi/7d887900-0a98-331d-abba-9ddc99bf2f11/7d887900-0a98-331d-abba-9ddc99bf2f11.wav,{'action': 'navigation'| 'entities': [{'type': 'intent'| 'filler': 'follow sign'}| {'type': 'road'| 'filler': 'grand central parkway'}]}, IN A QUARTER MILE KEEP LEFT AT THE FORK FOLLOW SIGNS FOR GRAND CENTRAL PARKWA
2f61a15f-d447-3859-a359-fe49c682a520,4.217,./data/cleansun/2f61a15f-d447-3859-a359-fe49c682a520/2f61a15f-d447-3859-a359-fe49c682a520.wav,{'action': 'sun'| 'entities': [{'type': 'city'| 'filler': 'moreno valley'}]},IN MORENO VALLEY TOMORROW THE SUN WILL SET AT 4:48 P.M
a365c7d6-4f2a-3fca-a8b5-55103b168d76,3.853625,./data/newmock/Cincinnati_sync/a365c7d6-4f2a-3fca-a8b5-55103b168d76/a365c7d6-4f2a-3fca-a8b5-55103b168d76.wav,{'action': 'weather'| 'entities': [{'type': 'city'| 'filler': 'cincinnati'}]},PROBABLY NOT TODAY IN CINCINNATI THERE'S ONLY A LOW CHANCE OF RAI
fc9d7933-3307-3283-8654-92644b91af17,3.126125,./data/Navigation/cleaned_navi/235sync/fc9d7933-3307-3283-8654-92644b91af17/fc9d7933-3307-3283-8654-92644b91af17.wav,{'action': 'navigation'| 'entities': [{'type': 'intent'| 'filler': 'head west'}| {'type': 'road'| 'filler': 'clairemont mesa boulevard'}]}, headwest on clairemont mesa boulevard towards spring avenu
8e1f4df6-a271-3998-98c4-fc85900f44a8,3.3444375,./data/Navigation/cleaned_navi/225sync/8e1f4df6-a271-3998-98c4-fc85900f44a8/8e1f4df6-a271-3998-98c4-fc85900f44a8.wav,{'action': 'navigation'| 'entities': [{'type': 'intent'| 'filler': 'turn right'}| {'type': 'road'| 'filler': 'la jolla village drive'}]}, use the right two lanes to turn right onto la jolla village driv
6034b34d-2ceb-3c6e-a8ea-ad6396703c12,3.817125,./data/newmock/Charlotte_sync/6034b34d-2ceb-3c6e-a8ea-ad6396703c12/6034b34d-2ceb-3c6e-a8ea-ad6396703c12.wav,{'action': 'weather'| 'entities': [{'type': 'city'| 'filler': 'charlotte'}]},CHARLOTTE TODAY EXPECT A HIGH OF FIFTY ONE AND A LOW OF FORTY FIV
c51d5ded-06c1-3f4f-a47d-94b6cc1633bb,5.527,./data/newmock/Irvine_sync/c51d5ded-06c1-3f4f-a47d-94b6cc1633bb/c51d5ded-06c1-3f4f-a47d-94b6cc1633bb.wav,{'action': 'weather'| 'entities': [{'type': 'city'| 'filler': 'irvine'}]},FRIDAY THROUGH NEXT SUNDAY IN IRVINE IT'LL BE MOSTLY SUNNY WITH HIGHS AROUND TWENTY AND LOWS IN THE MID TEEN
2874aaa4-e830-37ad-9300-53dd34c8ed1d0,2.9203125,./data/ny_navi/2874aaa4-e830-37ad-9300-53dd34c8ed1d/2874aaa4-e830-37ad-9300-53dd34c8ed1d.wav,{'action': 'navigation'| 'entities': [{'type': 'intent'| 'filler': 'turn left'}| {'type': 'road'| 'filler': 'west thirty-six street'}]}, TURN LEFT ONTO WEST 36TH STREE
afe9db94-daa5-3594-980e-49f9b737377f,4.713,./data/cleantime/afe9db94-daa5-3594-980e-49f9b737377f/afe9db94-daa5-3594-980e-49f9b737377f.wav,{'action': 'time'| 'entities': [{'type': 'city'| 'filler': 'tucson'}]},THE TIME IN TUCSON ARIZONA UNITED STATES IS 1:24 A.M
cae6281a-e0e7-3f97-afdc-6a96810169d3,1.477875,./data/Navigation/cleaned_navi/228sync/cae6281a-e0e7-3f97-afdc-6a96810169d3/cae6281a-e0e7-3f97-afdc-6a96810169d3.wav,{'action': 'navigation'| 'entities': [{'type': 'intent'| 'filler': 'turn left'}| {'type': 'road'| 'filler': 'carroll road'}]}, i'm last on the carroll wa
43ce3772-281c-35ab-91e2-67dfdf7ed923,5.8039375,./data/Reminder/43ce3772-281c-35ab-91e2-67dfdf7ed923/43ce3772-281c-35ab-91e2-67dfdf7ed923.wav,{'action': 'reminder'| 'entities': [{'type': 'todo'| 'filler': 'call wife'}]}, call the wife when do you want to be reminde
57fc0c89-d126-39d6-a701-55dd41c54f6c,1.9808125,./data/Navigation/cleaned_navi/103sync/57fc0c89-d126-39d6-a701-55dd41c54f6c/57fc0c89-d126-39d6-a701-55dd41c54f6c.wav,{'action': 'navigation'| 'entities': [{'type': 'intent'| 'filler': 'destination'}]}, nuva righ
32134ab6-5875-35ce-98df-875f7b18dc3c,4.1976875,./data/newmock/ChulaVista_sync/32134ab6-5875-35ce-98df-875f7b18dc3c/32134ab6-5875-35ce-98df-875f7b18dc3c.wav,{'action': 'weather'| 'entities': [{'type': 'city'| 'filler': 'chula vista'}]},FORECAST IN CHULA VISTA TOMORROW AFTERNOON IS TWENTY FOUR DEGREES AND SUNN
7f68f147-bc7e-347f-b30b-d80f6ad0b38b,4.0336875,./data/Navigation/cleaned_navi/52sync/7f68f147-bc7e-347f-b30b-d80f6ad0b38b/7f68f147-bc7e-347f-b30b-d80f6ad0b38b.wav,{'action': 'navigation'| 'entities': [{'type': 'intent'| 'filler': 'turn left'}| {'type': 'road'| 'filler': 'kearny villa road'}]}, in a quarter mile use the left two lanes to turn left onto kearny villa roa
71d57ca2-c21a-3b8f-ac10-3a22b6c4e940,4.027625,./data/Reminder/71d57ca2-c21a-3b8f-ac10-3a22b6c4e940/71d57ca2-c21a-3b8f-ac10-3a22b6c4e940.wav,{'action': 'reminder'| 'entities': [{'type': 'todo'| 'filler': 'check to do list'}]}, when do you want to be reminde
3c46f8a4-f572-3459-bc73-c2cbff759505,4.837,./data/cleantime/3c46f8a4-f572-3459-bc73-c2cbff759505/3c46f8a4-f572-3459-bc73-c2cbff759505.wav,{'action': 'time'| 'entities': [{'type': 'city'| 'filler': 'austin'}]},TIME IN AUSTIN TEXAS UNITED STATES IS 3:45 A.M
624f83c9-6a22-3866-b582-a0b9414d0949,3.4206875,./data/newmock/Toledo_sync/624f83c9-6a22-3866-b582-a0b9414d0949/624f83c9-6a22-3866-b582-a0b9414d0949.wav,{'action': 'weather'| 'entities': [{'type': 'city'| 'filler': 'toledo'}]},TEMPERATURE TONIGHT IN TOLEDO IS PREDICTED TO BE NINETEEN DEGREE
477a145f-aa9b-300d-8d28-d30fdd1de63e0,2.67925,./data/ny_navi/477a145f-aa9b-300d-8d28-d30fdd1de63e/477a145f-aa9b-300d-8d28-d30fdd1de63e.wav,{'action': 'navigation'| 'entities': [{'type': 'intent'| 'filler': 'continue'}| {'type': 'road'| 'filler': 'i two seventy-eight west'}]}, CONTINUE ON I-278 WEST FOR HALF A MIL
fca443fe-9e81-39c5-ac24-4e9f3648d091,2.3791875,./data/newmock/Gilbert_sync/fca443fe-9e81-39c5-ac24-4e9f3648d091/fca443fe-9e81-39c5-ac24-4e9f3648d091.wav,{'action': 'weather'| 'entities': [{'type': 'city'| 'filler': 'gilbert'}]},NO GILBERT WON'T BE GETTING ANY RAIN THIS WEE
2630ea05-5aa8-35d2-93f9-672855cb7dee,3.844,./data/cleansun/2630ea05-5aa8-35d2-93f9-672855cb7dee/2630ea05-5aa8-35d2-93f9-672855cb7dee.wav,{'action': 'sun'| 'entities': [{'type': 'city'| 'filler': 'detroit'}]},IN DETROIT TODAY THE SUN WILL SET AT 5:15 P.M
a95ec059-c163-3629-9193-2ea55573f341,3.2654375,./data/newmock/Houston_sync/a95ec059-c163-3629-9193-2ea55573f341/a95ec059-c163-3629-9193-2ea55573f341.wav,{'action': 'weather'| 'entities': [{'type': 'city'| 'filler': 'houston'}]},TODAY'S LOW IN HOUSTON IS PREDICTED TO BE SEVENTY DEGREE
4d88899c-87f0-33f5-9863-5a834db257a0,3.2388125,./data/Navigation/cleaned_navi/241sync/4d88899c-87f0-33f5-9863-5a834db257a0/4d88899c-87f0-33f5-9863-5a834db257a0.wav,{'action': 'navigation'| 'entities': [{'type': 'intent'| 'filler': 'turn left'}| {'type': 'road'| 'filler': 'torrey pines road'}]}, and the left two lanes to turn left onto torrey pines roa
81f80156-0692-34e9-a3e7-610e65695d38,4.4529375,./data/Reminder/81f80156-0692-34e9-a3e7-610e65695d38/81f80156-0692-34e9-a3e7-610e65695d38.wav,{'action': 'reminder'| 'entities': [{'type': 'todo'| 'filler': 'call customer service'}]}, summer service when do you want to be reminde
ba30604f-6247-3c6e-ba99-7cdc39c7422e,4.217,./data/cleansun/ba30604f-6247-3c6e-ba99-7cdc39c7422e/ba30604f-6247-3c6e-ba99-7cdc39c7422e.wav,{'action': 'sun'| 'entities': [{'type': 'city'| 'filler': 'frisco'}]},IN FRISCO TOMORROW THE SUN WILL RISE AT 6:55 A.M
a5206e99-43d1-3a9f-b3e8-eea0f41632cc0,4.02625,./data/ny_navi/a5206e99-43d1-3a9f-b3e8-eea0f41632cc/a5206e99-43d1-3a9f-b3e8-eea0f41632cc.wav,{'action': 'navigation'| 'entities': [{'type': 'intent'| 'filler': 'take'}| {'type': 'road'| 'filler': 'exit'}| {'type': 'road'| 'filler': 'third avenue'}]}, IN A QUARTER MILE USED THE RIGHT LANE TO TAKE THE EXIT TOWARD UPTOWN 3RD AVENU
c470a041-1b00-3ea9-b6d6-c14c153c26fd,3.6625,./data/newmock/Madison_sync/c470a041-1b00-3ea9-b6d6-c14c153c26fd/c470a041-1b00-3ea9-b6d6-c14c153c26fd.wav,{'action': 'weather'| 'entities': [{'type': 'city'| 'filler': 'madison'}]},PROBABLY NOT TODAY IN MADISON THERE'S ONLY A LOW CHANCE OF RAI
9e6e9dc6-096f-32bf-8597-dc6b4348d23e0,5.0745,./data/ny_navi/9e6e9dc6-096f-32bf-8597-dc6b4348d23e/9e6e9dc6-096f-32bf-8597-dc6b4348d23e.wav,{'action': 'navigation'| 'entities': [{'type': 'intent'| 'filler': 'follow sign'}| {'type': 'road'| 'filler': 'grand central parkway'}| {'type': 'road'| 'filler': 'kennedy airport'}]}, IN A QUARTER MILE KEEP LEFT AT THE FORK FOLLOW SIGNS FOR GRAND CENTRAL PARKWAY KENNEDY AIRPOR
8eff188b-9dea-3dbb-96d2-6fe82ccc4751,7.1993125,./data/newmock/CulverCity_sync/8eff188b-9dea-3dbb-96d2-6fe82ccc4751/8eff188b-9dea-3dbb-96d2-6fe82ccc4751.wav,{'action': 'weather'| 'entities': [{'type': 'city'| 'filler': 'culver city'}]},THE FORECAST THIS AFTERNOON IN CULVER CITY IS SIXTY SEVEN DEGREES AND SUNNY IT'S CURRENTLY SIXTY THREE DEGREES AND CLOUD
d46bc6a3-7517-30bd-8787-4fba228a6f55,6.822,./data/cleanstock/d46bc6a3-7517-30bd-8787-4fba228a6f55/d46bc6a3-7517-30bd-8787-4fba228a6f55.wav,{'action': 'stock'| 'entities': [{'type': 'company'| 'filler': 'berkshire hathaway'}]},"BERKSHIRE HATHAWAY CLASS A CLOSED UP 0.75% ON FRIDAY AT *432,00"
bf1205ae-c7e9-33b1-9a0f-5ab8207a00df,7.251625,./data/newmock/FortWorth_sync/bf1205ae-c7e9-33b1-9a0f-5ab8207a00df/bf1205ae-c7e9-33b1-9a0f-5ab8207a00df.wav,{'action': 'weather'| 'entities': [{'type': 'city'| 'filler': 'fort worth'}]},FORT WORTH TONIGHT IT'S PREDICTED TO BE SIXTY ONE DEGREES AND MOSTLY CLOUDY RIGHT NOW IT'S FIFTY FIVE DEGREES AND CLOUD
ac257347-73ce-3145-ab2e-797dc6633f65,1.4600625,./data/Reminder/ac257347-73ce-3145-ab2e-797dc6633f65/ac257347-73ce-3145-ab2e-797dc6633f65.wav,{'action': 'reminder'| 'entities': [{'type': 'time'| 'filler': 'on wednesday'}]}, all right on wednesda
0a954741-253e-3efe-a6d4-163846dfd607,1.7593125,./data/newmock/Aurora_sync/0a954741-253e-3efe-a6d4-163846dfd607/0a954741-253e-3efe-a6d4-163846dfd607.wav,{'action': 'weather'| 'entities': [{'type': 'city'| 'filler': 'aurora'}]},HERE'S THE FORECAST FOR AUROR
28a3cc05-0275-354e-9a8c-e26e628ba5f0,6.9151875,./data/newmock/SanAntonio_sync/28a3cc05-0275-354e-9a8c-e26e628ba5f0/28a3cc05-0275-354e-9a8c-e26e628ba5f0.wav,{'action': 'weather'| 'entities': [{'type': 'city'| 'filler': 'san antonio'}]},IT'S LIKE TONIGHT IN SAN ANTONIO THERE'S A MODERATE CHANCE OF SCATTERED RAIN STARTING AT ABOUT SEVEN PM AND CONTINUING THROUGH THE NIGH
eb503a45-bce3-337d-961a-290daf798c3d,3.9274375,./data/Reminder/eb503a45-bce3-337d-961a-290daf798c3d/eb503a45-bce3-337d-961a-290daf798c3d.wav,{'action': 'reminder'| 'entities': [{'type': 'todo'| 'filler': 'wash the dog'}]}, watch the dog when do you want to be reminde
c0386bc1-b720-3678-9d6c-2170e3203248,6.7233125,./data/newmock/Sacramento_sync/c0386bc1-b720-3678-9d6c-2170e3203248/c0386bc1-b720-3678-9d6c-2170e3203248.wav,{'action': 'weather'| 'entities': [{'type': 'city'| 'filler': 'sacramento'}]},IT WON'T RAIN IN SACRAMENTO NEXT SATURDAY IT'LL BE PARTLY CLOUDY WITH A HIGH OF EIGHTY SEVEN AND A LOW OF FIFTY SEVE
f4aebb6b-8808-3951-b8eb-bb3a9326d32a,4.227375,./data/Reminder/f4aebb6b-8808-3951-b8eb-bb3a9326d32a/f4aebb6b-8808-3951-b8eb-bb3a9326d32a.wav,{'action': 'reminder'| 'entities': [{'type': 'todo'| 'filler': 'record survivor'}]}, record survivor when do you want to be reminde
dc290843-4fea-3d23-b31b-067f75bbab5b,2.5456875,./data/Navigation/cleaned_navi/195sync/dc290843-4fea-3d23-b31b-067f75bbab5b/dc290843-4fea-3d23-b31b-067f75bbab5b.wav,{'action': 'navigation'| 'entities': [{'type': 'intent'| 'filler': 'continue'}| {'type': 'road'| 'filler': 'sorrento valley road'}]}, continue on sorrento valley road for 1 mil
f3659d99-df66-3f1d-8ef6-6874d0b6d392,4.02175,./data/Reminder/f3659d99-df66-3f1d-8ef6-6874d0b6d392/f3659d99-df66-3f1d-8ef6-6874d0b6d392.wav,{'action': 'reminder'| 'entities': [{'type': 'todo'| 'filler': 'bake brownies'}]}, bake brownies when do you want to be reminde
aafb8420-f177-34cf-97cf-ac5da96e7566,1.071625,./data/Reminder/aafb8420-f177-34cf-97cf-ac5da96e7566/aafb8420-f177-34cf-97cf-ac5da96e7566.wav,{'action': 'reminder'| 'entities': [{'type': 'time'| 'filler': 'on friday at eleven am'}]}, what's the reminde
437785d7-eec0-3565-b2d5-9f8fa2dd3cba,1.6049375,./data/Navigation/cleaned_navi/54sync/437785d7-eec0-3565-b2d5-9f8fa2dd3cba/437785d7-eec0-3565-b2d5-9f8fa2dd3cba.wav,{'action': 'navigation'| 'entities': [{'type': 'intent'| 'filler': 'take'}| {'type': 'road'| 'filler': 'exit twenty-six b'}]}, take exit 26
5a5ee3bb-50fa-3f03-ba9b-fa1074ed3dcf,5.71975,./data/newmock/Chesapeake_sync/5a5ee3bb-50fa-3f03-ba9b-fa1074ed3dcf/5a5ee3bb-50fa-3f03-ba9b-fa1074ed3dcf.wav,{'action': 'weather'| 'entities': [{'type': 'city'| 'filler': 'chesapeake'}]},NO IT'S NOT FORECAST TO BE COLD IN CHESAPEAKE TONIGHT THE TEMPERATURE IS PREDICTED TO BE THIRTEEN DEGREE
47239a90-91bd-339d-a5aa-bd55acd2b471,6.7995,./data/newmock/Jacksonville_sync/47239a90-91bd-339d-a5aa-bd55acd2b471/47239a90-91bd-339d-a5aa-bd55acd2b471.wav,{'action': 'weather'| 'entities': [{'type': 'city'| 'filler': 'jacksonville'}]},NO IT WON'T RAIN IN JACKSONVILLE SATURDAY IT'LL BE MOSTLY SUNNY WITH A HIGH OF SEVENTY SEVEN AND A LOW OF SIXTY TW
a3f966fe-cb19-3b5d-9fda-0cf618f161ac,3.845,./data/cleansun/a3f966fe-cb19-3b5d-9fda-0cf618f161ac/a3f966fe-cb19-3b5d-9fda-0cf618f161ac.wav,{'action': 'sun'| 'entities': [{'type': 'city'| 'filler': 'tampa'}]},A TODAY AT 5:39 P.M
59830c2e-dd8f-3ad5-89e0-8170c5e73f1f,6.1295,./data/newmock/Arlington_sync/59830c2e-dd8f-3ad5-89e0-8170c5e73f1f/59830c2e-dd8f-3ad5-89e0-8170c5e73f1f.wav,{'action': 'weather'| 'entities': [{'type': 'city'| 'filler': 'arlington'}]},IN ARLINGTON THIS AFTERNOON IT'S PREDICTED TO BE TWENTY FOUR DEGREES AND PARTLY CLOUDY RIGHT NO
92084581-60d9-3266-b298-949b48c5c1c8,3.384375,./data/Reminder/92084581-60d9-3266-b298-949b48c5c1c8/92084581-60d9-3266-b298-949b48c5c1c8.wav,{'action': 'reminder'| 'entities': [{'type': 'todo'| 'filler': 'return shoes to amazon'}]}, turn shoes to amazon when do you want to be wit
f3e7a8d7-60d0-3d22-8b80-05ba0aa57502,3.867125,./data/newmock/Orlando_sync/f3e7a8d7-60d0-3d22-8b80-05ba0aa57502/f3e7a8d7-60d0-3d22-8b80-05ba0aa57502.wav,{'action': 'weather'| 'entities': [{'type': 'city'| 'filler': 'orlando'}]},TOMORROW IN ORLANDO EXPECT A HIGH OF THIRTY THREE AND A LOW OF EIGHTEE
cb6e10b3-72f0-3fd8-933d-141152c4ea2e,4.3766875,./data/newmock/SanFrancisco_sync/cb6e10b3-72f0-3fd8-933d-141152c4ea2e/cb6e10b3-72f0-3fd8-933d-141152c4ea2e.wav,{'action': 'weather'| 'entities': [{'type': 'city'| 'filler': 'san francisco'}]},TODAY IN SAN FRANCISCO EXPECT A HIGH OF SIXTY THREE AND A LOW OF FORTY FIV
367a93c5-f2db-3750-a126-c91d6648e8de,3.5715625,./data/newmock/StLouis_sync/367a93c5-f2db-3750-a126-c91d6648e8de/367a93c5-f2db-3750-a126-c91d6648e8de.wav,{'action': 'weather'| 'entities': [{'type': 'city'| 'filler': 'st louis'}]},TEMPERATURE TONIGHT IN ST LOUIS IS PREDICTED TO BE FIFTEEN DEGREE
cc196fb4-e584-3136-8779-8dffb9a08f690,3.975625,./data/ny_navi/cc196fb4-e584-3136-8779-8dffb9a08f69/cc196fb4-e584-3136-8779-8dffb9a08f69.wav,{'action': 'navigation'| 'entities': [{'type': 'intent'| 'filler': 'take'}| {'type': 'road'| 'filler': 'exit three'}| {'type': 'road'| 'filler': 'south street'}]}, IN A QUARTER MILE TAKE EXIT 3 FOR SALE STREET TOWARD MANHATTAN BRIDG
cbc88d28-5815-32b7-90c2-1c3cb7a63601,4.6959375,./data/newmock/Indianapolis_sync/cbc88d28-5815-32b7-90c2-1c3cb7a63601/cbc88d28-5815-32b7-90c2-1c3cb7a63601.wav,{'action': 'weather'| 'entities': [{'type': 'city'| 'filler': 'indianapolis'}]},TOMORROW IN INDIANAPOLIS AT NINETEEN AND ALOHA SIX DEGREES CELSIU
faa5facc-8f81-3ff6-8c6f-39b5c1f3140f,3.7565625,./data/Reminder/faa5facc-8f81-3ff6-8c6f-39b5c1f3140f/faa5facc-8f81-3ff6-8c6f-39b5c1f3140f.wav,{'action': 'reminder'| 'entities': [{'type': 'todo'| 'filler': 'pick up tickets to my concert'}]}, to my concert when do you want to be reminde
176aca52-4975-361b-8286-4bf7019495190,4.252625,./data/ny_navi/176aca52-4975-361b-8286-4bf701949519/176aca52-4975-361b-8286-4bf701949519.wav,{'action': 'navigation'| 'entities': [{'type': 'intent'| 'filler': 'take'}| {'type': 'road'| 'filler': 'exit fifty-eight'}| {'type': 'road'| 'filler': 'white plains road'}]}, IN A QUARTER MILE TAKE EXIT 58 TOWARD WHITE PLAINS ROAD WESTCHESTER AVENU
3ca990ee-04f3-3195-8f28-dee0ed47ce6d,4.6415,./data/newmock/Milwaukee_sync/3ca990ee-04f3-3195-8f28-dee0ed47ce6d/3ca990ee-04f3-3195-8f28-dee0ed47ce6d.wav,{'action': 'weather'| 'entities': [{'type': 'city'| 'filler': 'milwaukee'}]},TODAY IN MILWAUKEE NINE MILE PER HOUR WINDS ARE FORECAST TO BLOW FROM THE SOUTHEAS
75acc310-e49d-3c2c-a154-de7015847dca,4.21025,./data/Reminder/75acc310-e49d-3c2c-a154-de7015847dca/75acc310-e49d-3c2c-a154-de7015847dca.wav,{'action': 'reminder'| 'entities': [{'type': 'todo'| 'filler': 'pick up bread and milk'}]}, got it pick up bread and milk when do you want to be reminde
d5461825-0019-30df-8920-87089f1d66a1,5.9985625,./data/newmock/CulverCity_sync/d5461825-0019-30df-8920-87089f1d66a1/d5461825-0019-30df-8920-87089f1d66a1.wav,{'action': 'weather'| 'entities': [{'type': 'city'| 'filler': 'culver city'}]},NO IT WON'T BE WINDY IN CULVER CITY TOMORROW THE WIND WILL COME FROM THE SOUTHWEST AT FOURTEEN MILES PER HOU
ae685fca-dcf6-38b5-b9c6-868d34f9aece,2.96275,./data/Navigation/cleaned_navi/213sync/ae685fca-dcf6-38b5-b9c6-868d34f9aece/ae685fca-dcf6-38b5-b9c6-868d34f9aece.wav,{'action': 'navigation'| 'entities': [{'type': 'intent'| 'filler': 'turn left'}| {'type': 'road'| 'filler': 'miramar road'}]}, what is the left three lanes to turn left onto miramar roa
c1ce808a-33d2-3f04-bd53-36f93fb5f978,3.548375,./data/newmock/Miami_sync/c1ce808a-33d2-3f04-bd53-36f93fb5f978/c1ce808a-33d2-3f04-bd53-36f93fb5f978.wav,{'action': 'weather'| 'entities': [{'type': 'city'| 'filler': 'miami'}]},MIAM
46b8c74d-a6f5-3138-a377-2eded8f0929f,4.1000625,./data/Reminder/46b8c74d-a6f5-3138-a377-2eded8f0929f/46b8c74d-a6f5-3138-a377-2eded8f0929f.wav,{'action': 'reminder'| 'entities': [{'type': 'todo'| 'filler': 'record survivor'}]}, record survivor when do you want to be reminde
623b9544-a257-3c05-84d1-c6c85bea2f34,2.8346875,./data/newmock/Orlando_sync/623b9544-a257-3c05-84d1-c6c85bea2f34/623b9544-a257-3c05-84d1-c6c85bea2f34.wav,{'action': 'weather'| 'entities': [{'type': 'city'| 'filler': 'orlando'}]},CURRENT TEMPERATURE IN ORLANDO IS TWENTY NINE DEGREE
bf75d4fb-5d9c-3742-9194-e702daae3b8a,3.4849375,./data/newmock/Fresno_sync/bf75d4fb-5d9c-3742-9194-e702daae3b8a/bf75d4fb-5d9c-3742-9194-e702daae3b8a.wav,{'action': 'weather'| 'entities': [{'type': 'city'| 'filler': 'fresno'}]},FRESNO TODAY YOU CAN EXPECT A LOW OF FIFTY NINE DEGREE
864dda0f-47fc-3ee9-950d-431317b569e3,2.9523125,./data/Navigation/cleaned_navi/156sync/864dda0f-47fc-3ee9-950d-431317b569e3/864dda0f-47fc-3ee9-950d-431317b569e3.wav,{'action': 'navigation'| 'entities': [{'type': 'intent'| 'filler': 'turn left'}| {'type': 'road'| 'filler': 'camino ruiz'}]}, is the second from the left lane to turn left onto camino rui
47f3fe94-f54c-3f69-b16d-6dcca96e22940,3.2545625,./data/ny_navi/47f3fe94-f54c-3f69-b16d-6dcca96e2294/47f3fe94-f54c-3f69-b16d-6dcca96e2294.wav,{'action': 'navigation'| 'entities': [{'type': 'intent'| 'filler': 'continue'}| {'type': 'road'| 'filler': 'bronx river parkway'}]}, CONTINUE ON BRONX RIVER PARKWAY FOR ONE AND A HALF MILE
8f2645a6-aa4f-36f7-821d-beb90287fe4d,6.4294375,./data/newmock/Toledo_sync/8f2645a6-aa4f-36f7-821d-beb90287fe4d/8f2645a6-aa4f-36f7-821d-beb90287fe4d.wav,{'action': 'weather'| 'entities': [{'type': 'city'| 'filler': 'toledo'}]},NO IT WON'T RAIN IN TOLEDO TUESDAY IT'LL BE MOSTLY CLOUDY WITH A HIGH OF THIRTY THREE AND A LOW OF TWENTY ON
756c64c9-3bfb-3502-a106-e352fcb333db,3.5859375,./data/newmock/Scottsdale_sync/756c64c9-3bfb-3502-a106-e352fcb333db/756c64c9-3bfb-3502-a106-e352fcb333db.wav,{'action': 'weather'| 'entities': [{'type': 'city'| 'filler': 'scottsdale'}]},THE HUMIDITY TODAY IN SCOTTSDALE IS PREDICTED TO BE NINETEEN PERCEN
f1dcbac1-4ead-3372-a0f4-a805922869e7,3.4075,./data/newmock/Denver_sync/f1dcbac1-4ead-3372-a0f4-a805922869e7/f1dcbac1-4ead-3372-a0f4-a805922869e7.wav,{'action': 'weather'| 'entities': [{'type': 'city'| 'filler': 'denver'}]},THE HUMIDITY TODAY IN DENVER IS PREDICTED TO BE THIRTY FOUR PERCEN
3681625a-9c10-3ae3-acd4-e7697d33f569,4.093,./data/cleansun/3681625a-9c10-3ae3-acd4-e7697d33f569/3681625a-9c10-3ae3-acd4-e7697d33f569.wav,{'action': 'sun'| 'entities': [{'type': 'city'| 'filler': 'madison'}]},IN MADISON TOMORROW SUNRISE IS AT 6:46 A.M
e8a1b13a-18b4-3626-b867-f1121fe6975d0,3.470125,./data/ny_navi/e8a1b13a-18b4-3626-b867-f1121fe6975d/e8a1b13a-18b4-3626-b867-f1121fe6975d.wav,{'action': 'navigation'| 'entities': [{'type': 'intent'| 'filler': 'follow sign'}| {'type': 'road'| 'filler': 'grand central parkway'}| {'type': 'road'| 'filler': 'triborough bridge'}]}, IN 1000 FEET KEEP LEFT AT THE FORK FOLLOW SIGNS FOR GRAND CENTRAL PARKWAY TRIBOROUGH BRIDG
5ecca193-0759-3b94-be43-15c1625305d5,5.6905,./data/newmock/Lubbock_sync/5ecca193-0759-3b94-be43-15c1625305d5/5ecca193-0759-3b94-be43-15c1625305d5.wav,{'action': 'weather'| 'entities': [{'type': 'city'| 'filler': 'lubbock'}]},NO IT'S NOT FORECAST TO BE COLD IN LUBBOCK TODAY EXPECT A HIGH OF TWENTY SEVEN AND A LOW OF THIRTEE
aac8483b-7116-3011-aeb4-ac45e446f090,5.53575,./data/Reminder/aac8483b-7116-3011-aeb4-ac45e446f090/aac8483b-7116-3011-aeb4-ac45e446f090.wav,{'action': 'reminder'| 'entities': [{'type': 'time'| 'filler': 'tomorrow at five pm'}]}, sure i'll remind you tomorrow at 5 p.m
9fd1b7a9-66d9-3b17-bcb2-56aa406685aa,4.713,./data/cleanstock/9fd1b7a9-66d9-3b17-bcb2-56aa406685aa/9fd1b7a9-66d9-3b17-bcb2-56aa406685aa.wav,{'action': 'stock'| 'entities': [{'type': 'company'| 'filler': 'equinor asa'}]},
92ba5c3b-ee38-32b5-b244-d8449638344b0,2.654625,./data/ny_navi/92ba5c3b-ee38-32b5-b244-d8449638344b/92ba5c3b-ee38-32b5-b244-d8449638344b.wav,{'action': 'navigation'| 'entities': [{'type': 'intent'| 'filler': 'turn right'}| {'type': 'road'| 'filler': 'ninety street'}]}, TURN RIGHT ONTO 90TH STREE
b93d7cef-0f32-3058-b4f4-da2d78f2775b,2.9549375,./data/Navigation/cleaned_navi/134sync/b93d7cef-0f32-3058-b4f4-da2d78f2775b/b93d7cef-0f32-3058-b4f4-da2d78f2775b.wav,{'action': 'navigation'| 'entities': [{'type': 'intent'| 'filler': 'stay'}| {'type': 'road'| 'filler': 'garnet avenue'}]}, is any lane to turn left to stay on garnet avenu
01837756-ffd4-37eb-a9cb-9727f6622606,4.274625,./data/newmock/Baltimore_sync/01837756-ffd4-37eb-a9cb-9727f6622606/01837756-ffd4-37eb-a9cb-9727f6622606.wav,{'action': 'weather'| 'entities': [{'type': 'city'| 'filler': 'baltimore'}]},TODAY IN BALTIMORE THE WIND IS EXPECTED TO COME FROM THE NORTH AT NINE MILES PER HOU
49ebb7db-1787-34ef-983b-98dae7cf59a6,3.8535,./data/newmock/Irvine_sync/49ebb7db-1787-34ef-983b-98dae7cf59a6/49ebb7db-1787-34ef-983b-98dae7cf59a6.wav,{'action': 'weather'| 'entities': [{'type': 'city'| 'filler': 'irvine'}]},SATURDAY IN IRVINE EXPECT A HIGH OF TWENTY TWO AND A LOW OF FIFTEE
b4c284d3-9080-3f4d-bdb2-056239a25133,7.194,./data/cleanair/b4c284d3-9080-3f4d-bdb2-056239a25133/b4c284d3-9080-3f4d-bdb2-056239a25133.wav,{'action': 'air'| 'entities': [{'type': 'city'| 'filler': 'laredo'}]},ACCORDING TO THE AIR QUALITY NEAR THE CENTER OF LAREDO IS GOOD WITH AN INDEX RANGING FROM 16 TO 2
bae9f1b0-5568-3035-b8fd-1694675cc370,3.1698125,./data/newmock/LasVegas_sync/bae9f1b0-5568-3035-b8fd-1694675cc370/bae9f1b0-5568-3035-b8fd-1694675cc370.wav,{'action': 'weather'| 'entities': [{'type': 'city'| 'filler': 'las vegas'}]},NO THIS WEEK IN LAS VEGAS THERE'S NO CHANCE OF SNO
5d72b8ec-1935-38d4-a1e1-af85c87573ff,3.609125,./data/newmock/Miami_sync/5d72b8ec-1935-38d4-a1e1-af85c87573ff/5d72b8ec-1935-38d4-a1e1-af85c87573ff.wav,{'action': 'weather'| 'entities': [{'type': 'city'| 'filler': 'miami'}]},FRIDAY NIGHT IN MIAMI EXPECT A TEMPERATURE OF SEVENTY SIX DEGREE
69face34-3eaa-3cb6-970a-9286ab2259b6,3.5566875,./data/newmock/GrandRapids_sync/69face34-3eaa-3cb6-970a-9286ab2259b6/69face34-3eaa-3cb6-970a-9286ab2259b6.wav,{'action': 'weather'| 'entities': [{'type': 'city'| 'filler': 'grand rapids'}]},GRAND RAPIDS TODAY YOU CAN EXPECT A LOW OF EIGHTEEN DEGREE
5dc9af80-c1f4-31cf-b0d7-64eef30a5796,2.53875,./data/newmock/DMAirForce_sync/5dc9af80-c1f4-31cf-b0d7-64eef30a5796/5dc9af80-c1f4-31cf-b0d7-64eef30a5796.wav,{'action': 'weather'| 'entities': [{'type': 'city'| 'filler': 'dm air force'}]},HERE'S THE FORECAST FOR DM AIR FORCE BAS
21491044-2e21-3b27-a06a-3f93a573a7d8,4.480625,./data/newmock/Brooklyn_sync/21491044-2e21-3b27-a06a-3f93a573a7d8/21491044-2e21-3b27-a06a-3f93a573a7d8.wav,{'action': 'weather'| 'entities': [{'type': 'city'| 'filler': 'brooklyn'}]},ALTHOUGH THERE'S ONLY A LOW CHANCE OF RAIN IN BROOKLYN TODAY THERE'S A MODERATE CHANCE OF SCATTERE
3096cb51-ca87-389c-b7c7-eae6e15413b5,2.7275,./data/Navigation/cleaned_navi/252sync/3096cb51-ca87-389c-b7c7-eae6e15413b5/3096cb51-ca87-389c-b7c7-eae6e15413b5.wav,{'action': 'navigation'| 'entities': [{'type': 'intent'| 'filler': 'turn right'}| {'type': 'road'| 'filler': 'gilman drive'}]}, in 1000 feet turn right onto gilman driv
e92b5c79-8802-3261-af68-34170763b4ec,4.8166875,./data/newmock/SaltLakeCity_sync/e92b5c79-8802-3261-af68-34170763b4ec/e92b5c79-8802-3261-af68-34170763b4ec.wav,{'action': 'weather'| 'entities': [{'type': 'city'| 'filler': 'salt lake city'}]},SALT LAKE CITY TODAY EXPECT A HIGH OF TWENTY EIGHT AND A LOW OF SIXTEEN DEGREES CELSIU
da2d85f1-c79f-3e34-8fd4-3599b07f267f,3.913625,./data/newmock/Madison_sync/da2d85f1-c79f-3e34-8fd4-3599b07f267f/da2d85f1-c79f-3e34-8fd4-3599b07f267f.wav,{'action': 'weather'| 'entities': [{'type': 'city'| 'filler': 'madison'}]},THE FORECAST IN MADISON TOMORROW AFTERNOON IS NINETEEN DEGREES WITH RAI
db6e8083-9cc7-3014-8433-cbc160360793,4.142875,./data/newmock/SanDiego_sync/db6e8083-9cc7-3014-8433-cbc160360793/db6e8083-9cc7-3014-8433-cbc160360793.wav,{'action': 'weather'| 'entities': [{'type': 'city'| 'filler': 'san diego'}]},PROBABLY NOT ON TUESDAY IN SAN DIEGO THERE'S ONLY A LOW CHANCE OF RAI
272bb472-0a58-3946-9a46-e6374ffbf16f,2.536625,./data/Reminder/272bb472-0a58-3946-9a46-e6374ffbf16f/272bb472-0a58-3946-9a46-e6374ffbf16f.wav,{'action': 'reminder'| 'entities': [{'type': 'time'| 'filler': 'tomorrow at six pm'}]}, i'll remind you tomorrow at 6 p.m
c8679f3e-7171-33bc-a7d7-f3feab4ca905,6.1028125,./data/newmock/Irving_sync/c8679f3e-7171-33bc-a7d7-f3feab4ca905/c8679f3e-7171-33bc-a7d7-f3feab4ca905.wav,{'action': 'weather'| 'entities': [{'type': 'city'| 'filler': 'irving'}]},YES TODAY IN IRVING THERE'S A VERY HIGH CHANCE OF SCATTERED RAIN STARTING AROUND THREE PM AND CONTINUING THROUGH THE NIGH
a44367e7-8355-3336-8274-6818bd3e9d5f0,2.819875,./data/ny_navi/a44367e7-8355-3336-8274-6818bd3e9d5f/a44367e7-8355-3336-8274-6818bd3e9d5f.wav,{'action': 'navigation'| 'entities': [{'type': 'intent'| 'filler': 'continue'}| {'type': 'road'| 'filler': 'grand central parkway'}]}, LET ME KNOW ON GRAND CENTRAL PARKWAY FOR 5 M
36d4572e-f068-3d12-8355-72f001759ca6,3.909375,./data/newmock/Winston-Salem_sync/36d4572e-f068-3d12-8355-72f001759ca6/36d4572e-f068-3d12-8355-72f001759ca6.wav,{'action': 'weather'| 'entities': [{'type': 'city'| 'filler': 'winston salem'}]},TEMPERATURE TONIGHT IN WINSTON SALEM IS PREDICTED TO BE SEVENTEEN DEGREE
f32b722f-671e-3513-9991-82555b3dff48,2.8520625,./data/Navigation/cleaned_navi/172sync/f32b722f-671e-3513-9991-82555b3dff48/f32b722f-671e-3513-9991-82555b3dff48.wav,{'action': 'navigation'| 'entities': [{'type': 'intent'| 'filler': 'continue'}| {'type': 'road'| 'filler': 'clairemont mesa boulevard'}]}, continue on clairemont mesa boulevard for one mil
b981a0d0-f47e-38a6-b7b6-2f4abc6e806f,3.810875,./data/newmock/Raleigh_sync/b981a0d0-f47e-38a6-b7b6-2f4abc6e806f/b981a0d0-f47e-38a6-b7b6-2f4abc6e806f.wav,{'action': 'weather'| 'entities': [{'type': 'city'| 'filler': 'raleigh'}]},THERE'S A GOOD CHANCE OF RAIN IN RALEIGH NEXT SATURDAY FROM TWO TO SEVEN P
83b1450f-eb29-3e61-98b6-907777348bf5,3.11325,./data/Navigation/cleaned_navi/196sync/83b1450f-eb29-3e61-98b6-907777348bf5/83b1450f-eb29-3e61-98b6-907777348bf5.wav,{'action': 'navigation'| 'entities': [{'type': 'intent'| 'filler': 'turn left'}| {'type': 'road'| 'filler': 'mount alifan drive'}]}, turn left onto mount alifan drive take the nex
cb882212-452a-3b3f-80f0-4ece5493460a,5.208,./data/cleantime/cb882212-452a-3b3f-80f0-4ece5493460a/cb882212-452a-3b3f-80f0-4ece5493460a.wav,{'action': 'time'| 'entities': [{'type': 'city'| 'filler': 'san jose'}]},TIME IN SAN JOSE CALIFORNIA UNITED STATES IS 10:56 P.M
81a21fc9-4db9-3d23-b414-09f057544c64,3.615875,./data/Navigation/cleaned_navi/21sync/81a21fc9-4db9-3d23-b414-09f057544c64/81a21fc9-4db9-3d23-b414-09f057544c64.wav,{'action': 'navigation'| 'entities': [{'type': 'intent'| 'filler': 'turn left'}| {'type': 'road'| 'filler': 'girard avenue'}]}, in a quarter mile use the right lane to turn left onto girard avenu
a84debc1-a805-3320-8158-75251515c6ff,2.782375,./data/newmock/Gilbert_sync/a84debc1-a805-3320-8158-75251515c6ff/a84debc1-a805-3320-8158-75251515c6ff.wav,{'action': 'weather'| 'entities': [{'type': 'city'| 'filler': 'gilbert'}]},TODAY IN GILBERT THERE'S NO CHANCE OF RAI
ea94de68-ea1c-3f8a-9525-041cd0bfab3b,5.954,./data/cleanstock/ea94de68-ea1c-3f8a-9525-041cd0bfab3b/ea94de68-ea1c-3f8a-9525-041cd0bfab3b.wav,{'action': 'stock'| 'entities': [{'type': 'company'| 'filler': 'broadcom'}]},CLOSE DOWN 2.6% YESTERDAY AT *469.4
363dd2b5-7cb9-3652-bfda-d727b6155fa1,1.745375,./data/Navigation/cleaned_navi/175sync/363dd2b5-7cb9-3652-bfda-d727b6155fa1/363dd2b5-7cb9-3652-bfda-d727b6155fa1.wav,{'action': 'navigation'| 'entities': [{'type': 'intent'| 'filler': 'turn left'}]}, in a quarter mile turn lef
a2d46ff3-eef6-3fab-80fc-e9bc12612119,3.4813125,./data/newmock/Fresno_sync/a2d46ff3-eef6-3fab-80fc-e9bc12612119/a2d46ff3-eef6-3fab-80fc-e9bc12612119.wav,{'action': 'weather'| 'entities': [{'type': 'city'| 'filler': 'fresno'}]},HUMIDITY TODAY IN FRESNO IS PREDICTED TO B
31be673b-723f-3908-be4b-db0a18e6f90b,2.474,./data/Reminder/31be673b-723f-3908-be4b-db0a18e6f90b/31be673b-723f-3908-be4b-db0a18e6f90b.wav,{'action': 'reminder'| 'entities': [{'type': 'time'| 'filler': 'at one'}]}, remind you at
a3b6e5a3-ed75-3650-af06-ac00c6505697,5.581875,./data/Reminder/a3b6e5a3-ed75-3650-af06-ac00c6505697/a3b6e5a3-ed75-3650-af06-ac00c6505697.wav,{'action': 'reminder'| 'entities': [{'type': 'todo'| 'filler': 'visit the bookstore'}]}, this is a bookstore when do you want to be reminde
20e285b3-4731-37fe-b7a5-26b083a6cfa6,1.8210625,./data/Reminder/20e285b3-4731-37fe-b7a5-26b083a6cfa6/20e285b3-4731-37fe-b7a5-26b083a6cfa6.wav,{'action': 'reminder'| 'entities': [{'type': 'time'| 'filler': 'on third'}]}, i'll remind you on 3r
55924ce4-846c-3a46-8ee1-5cd26af93775,4.9881875,./data/newmock/Brooklyn_sync/55924ce4-846c-3a46-8ee1-5cd26af93775/55924ce4-846c-3a46-8ee1-5cd26af93775.wav,{'action': 'weather'| 'entities': [{'type': 'city'| 'filler': 'brooklyn'}]},IT WON'T RAIN TOMORROW MORNING IN BROOKLYN THE FORECAST IS FORTY NINE DEGREES AND SUNN
3acd66e9-3829-3725-b061-e35264f8fec2,2.0950625,./data/Reminder/3acd66e9-3829-3725-b061-e35264f8fec2/3acd66e9-3829-3725-b061-e35264f8fec2.wav,{'action': 'reminder'| 'entities': [{'type': 'time'| 'filler': 'at eight pm'}]}, remind you at 8 p.m
d0fac53c-fb27-3f57-bad4-06146d9790e9,3.579125,./data/newmock/Lincoln_sync/d0fac53c-fb27-3f57-bad4-06146d9790e9/d0fac53c-fb27-3f57-bad4-06146d9790e9.wav,{'action': 'weather'| 'entities': [{'type': 'city'| 'filler': 'lincoln'}]},TODAY IN LINCOLN EXPECT A HIGH OF TWENTY EIGHT AND A LOW OF NINETEE
a6973994-1e1a-3ff6-a762-8e1e5f81f03b,4.429,./data/Reminder/a6973994-1e1a-3ff6-a762-8e1e5f81f03b/a6973994-1e1a-3ff6-a762-8e1e5f81f03b.wav,{'action': 'reminder'| 'entities': [{'type': 'todo'| 'filler': 'clean out storage closet'}]}, clean out storage closet when do you want to be reminde
2cd52227-5682-35f4-9d02-c47ce3f1838c,2.5155,./data/Reminder/2cd52227-5682-35f4-9d02-c47ce3f1838c/2cd52227-5682-35f4-9d02-c47ce3f1838c.wav,{'action': 'reminder'| 'entities': [{'type': 'time'| 'filler': 'tomorrow at six pm'}]}, okay i'll remind you tomorrow at 6 p.m
eba3feb0-4859-37a2-996a-39c0e78ec8fd0,1.94725,./data/ny_navi/eba3feb0-4859-37a2-996a-39c0e78ec8fd/eba3feb0-4859-37a2-996a-39c0e78ec8fd.wav,{'action': 'navigation'| 'entities': [{'type': 'intent'| 'filler': 'continue'}]}, CONTINUE FOR ONE AND A HALF MILE
dcce8385-a2b6-363c-a46d-e3af6076229a,1.7178125,./data/newmock/Boise_sync/dcce8385-a2b6-363c-a46d-e3af6076229a/dcce8385-a2b6-363c-a46d-e3af6076229a.wav,{'action': 'weather'| 'entities': [{'type': 'city'| 'filler': 'boise'}]},HERE'S THE FORECAST FOR BOIS
54e5b82d-df14-316e-9936-041946598f11,4.714,./data/cleantime/54e5b82d-df14-316e-9936-041946598f11/54e5b82d-df14-316e-9936-041946598f11.wav,{'action': 'time'| 'entities': [{'type': 'city'| 'filler': 'louisville'}]},TIME IN LOUISVILLE KENTUCKY UNITED STATES IS 1:40 P.M
6369a3d3-beb5-36ad-b893-feec3ba08458,6.741625,./data/newmock/KansasCity_sync/6369a3d3-beb5-36ad-b893-feec3ba08458/6369a3d3-beb5-36ad-b893-feec3ba08458.wav,{'action': 'weather'| 'entities': [{'type': 'city'| 'filler': 'kansas city'}]},NO IT WON'T SNOW TOMORROW IN KANSAS CITY WITH A HIGH OF SIXTY NINE AND A LOW OF FIFTY SEVE
f137cfa2-c3b3-36c0-8eb2-3c219b75e2cb,2.452875,./data/Navigation/cleaned_navi/29sync/f137cfa2-c3b3-36c0-8eb2-3c219b75e2cb/f137cfa2-c3b3-36c0-8eb2-3c219b75e2cb.wav,{'action': 'navigation'| 'entities': [{'type': 'intent'| 'filler': 'destination'}]}, your destination is on the righ
11b1ef5a-b682-36c2-ba05-e8ca5b506f93,2.73875,./data/Reminder/11b1ef5a-b682-36c2-ba05-e8ca5b506f93/11b1ef5a-b682-36c2-ba05-e8ca5b506f93.wav,{'action': 'reminder'| 'entities': [{'type': 'todo'| 'filler': 'return mikes shovel'}]}, return mike shuffle when do you wan
77b6831b-953b-361a-bae5-fc608ed536ed,3.4675,./data/Reminder/77b6831b-953b-361a-bae5-fc608ed536ed/77b6831b-953b-361a-bae5-fc608ed536ed.wav,{'action': 'reminder'| 'entities': [{'type': 'todo'| 'filler': 'pick up contact lenses'}]}, contact when do you want to be reminde
734df912-d753-3a70-91d7-7ecbea733ba0,1.90275,./data/Reminder/734df912-d753-3a70-91d7-7ecbea733ba0/734df912-d753-3a70-91d7-7ecbea733ba0.wav,{'action': 'reminder'| 'entities': [{'type': 'time'| 'filler': 'on monday'}]}, remind me on monda
1e1a9fcb-1566-3ced-8aa5-da294a501985,3.969,./data/cleansun/1e1a9fcb-1566-3ced-8aa5-da294a501985/1e1a9fcb-1566-3ced-8aa5-da294a501985.wav,{'action': 'sun'| 'entities': [{'type': 'city'| 'filler': 'corpus christi'}]},CORPUS CHRISTI TODAY SUNSET IS AT 5:40 P.M
121ff12b-c43d-3a4b-b8fc-99fcf8c313f8,3.3918125,./data/newmock/Aurora_sync/121ff12b-c43d-3a4b-b8fc-99fcf8c313f8/121ff12b-c43d-3a4b-b8fc-99fcf8c313f8.wav,{'action': 'weather'| 'entities': [{'type': 'city'| 'filler': 'aurora'}]},AURORA TODAY EXPECT A HIGH OF EIGHTEEN IN A LITTLE OF NIN
45e3aea2-9cce-37c8-84f4-e0b1df090e3b0,2.6861875,./data/ny_navi/45e3aea2-9cce-37c8-84f4-e0b1df090e3b/45e3aea2-9cce-37c8-84f4-e0b1df090e3b.wav,{'action': 'navigation'| 'entities': [{'type': 'intent'| 'filler': 'continue'}| {'type': 'road'| 'filler': 'i two seventy-eight west'}]}, CAN ANYONE I-278 WEST FOR HALF A MIL
3006b198-c8f8-3aa7-aebf-eed19e4fc82b0,1.6208125,./data/ny_navi/3006b198-c8f8-3aa7-aebf-eed19e4fc82b/3006b198-c8f8-3aa7-aebf-eed19e4fc82b.wav,{'action': 'navigation'| 'entities': [{'type': 'intent'| 'filler': 'continue'}]}, CONTINUE FOR 3 MILE
ce60ba97-8d20-3cef-8451-2d973c6cfd5d,4.004875,./data/Reminder/ce60ba97-8d20-3cef-8451-2d973c6cfd5d/ce60ba97-8d20-3cef-8451-2d973c6cfd5d.wav,{'action': 'reminder'| 'entities': [{'type': 'todo'| 'filler': 'pick up the kids'}]}, got to pick up the kids when do you want to be reminde
2fc154fd-5243-3ce3-b4ff-c917356b0af7,2.8274375,./data/newmock/Lexington_sync/2fc154fd-5243-3ce3-b4ff-c917356b0af7/2fc154fd-5243-3ce3-b4ff-c917356b0af7.wav,{'action': 'weather'| 'entities': [{'type': 'city'| 'filler': 'lexington'}]},TODAY IN LEXINGTON THERE'S ONLY A LOW CHANCE OF RAI
4d63c284-ae5a-3009-91bf-9e279e075156,2.0896875,./data/Reminder/4d63c284-ae5a-3009-91bf-9e279e075156/4d63c284-ae5a-3009-91bf-9e279e075156.wav,{'action': 'reminder'| 'entities': [{'type': 'time'| 'filler': 'at eight pm'}]}, i'll remind you at 8 p.m
67d3618f-2a45-349d-ad6c-2d7138558017,3.7498125,./data/Reminder/67d3618f-2a45-349d-ad6c-2d7138558017/67d3618f-2a45-349d-ad6c-2d7138558017.wav,{'action': 'reminder'| 'entities': [{'type': 'todo'| 'filler': 'get milk'}]}, get milk when do you want to be reminde
0cbed57b-da42-349d-a6bf-080982b4be41,5.21,./data/cleantime/0cbed57b-da42-349d-a6bf-080982b4be41/0cbed57b-da42-349d-a6bf-080982b4be41.wav,{'action': 'time'| 'entities': [{'type': 'city'| 'filler': 'fort wayne'}]},
d0ea1c4a-2b1b-3beb-b901-7f877849e2e4,4.458875,./data/Navigation/cleaned_navi/117sync/d0ea1c4a-2b1b-3beb-b901-7f877849e2e4/d0ea1c4a-2b1b-3beb-b901-7f877849e2e4.wav,{'action': 'navigation'| 'entities': [{'type': 'intent'| 'filler': 'merge'}| {'type': 'road'| 'filler': 'i eight o five north'}| {'type': 'intent'| 'filler': 'take'}| {'type': 'road'| 'filler': 'exit twenty-three'}]}, where does the i-805 northbound use the right two lanes to take exit 2
667fd638-0bb5-3856-ba9b-f8b58cd1183e,5.593625,./data/newmock/FortWorth_sync/667fd638-0bb5-3856-ba9b-f8b58cd1183e/667fd638-0bb5-3856-ba9b-f8b58cd1183e.wav,{'action': 'weather'| 'entities': [{'type': 'city'| 'filler': 'fort worth'}]},NO IT WON'T BE HOT IN FORT WORTH TUESDAY EXPECT A HIGH OF SEVENTY SEVEN AND A LOW OF SIXTY FIV
ad17e896-1971-3894-b072-664e86a36720,2.8725,./data/newmock/CulverCity_sync/ad17e896-1971-3894-b072-664e86a36720/ad17e896-1971-3894-b072-664e86a36720.wav,{'action': 'weather'| 'entities': [{'type': 'city'| 'filler': 'culver city'}]},CULVER CITY IT'S CURRENTLY SIXTY THREE DEGREE
3c8b6e5f-f949-3ab2-a3ed-d8a3c97dd273,5.016625,./data/newmock/ElPaso_sync/3c8b6e5f-f949-3ab2-a3ed-d8a3c97dd273/3c8b6e5f-f949-3ab2-a3ed-d8a3c97dd273.wav,{'action': 'weather'| 'entities': [{'type': 'city'| 'filler': 'el paso'}]},NO IT WON'T BE COLD FRIDAY MORNING IN EL PASO THE TEMPERATURE WILL BE SIXTY NINE DEGREE
a32e265a-0e68-3827-8018-b4927ec26c71,6.2,./data/cleanstock/a32e265a-0e68-3827-8018-b4927ec26c71/a32e265a-0e68-3827-8018-b4927ec26c71.wav,{'action': 'stock'| 'entities': [{'type': 'company'| 'filler': 'aon plc'}]},PLC CLOSED UP 1.2% ON FRIDAY AT *279.7
7b39fe94-1e49-3f18-bf9a-5a92b52f8057,5.333,./data/cleantime/7b39fe94-1e49-3f18-bf9a-5a92b52f8057/7b39fe94-1e49-3f18-bf9a-5a92b52f8057.wav,{'action': 'time'| 'entities': [{'type': 'city'| 'filler': 'minneapolis'}]},TIME IN MINNEAPOLIS MINNESOTA UNITED STATES IS 3:56 P.M
0dc2295b-5e44-3a9e-8d6b-9200515298e6,3.5653125,./data/newmock/SanDiego_sync/0dc2295b-5e44-3a9e-8d6b-9200515298e6/0dc2295b-5e44-3a9e-8d6b-9200515298e6.wav,{'action': 'weather'| 'entities': [{'type': 'city'| 'filler': 'san diego'}]},TEMPERATURE IN SAN DIEGO TONIGHT IS PREDICTED TO BE SIXTY DEGREE
51b1fb2f-1c62-3d2b-bb13-8b76a6e816b2,2.4331875,./data/Navigation/cleaned_navi/32sync/51b1fb2f-1c62-3d2b-bb13-8b76a6e816b2/51b1fb2f-1c62-3d2b-bb13-8b76a6e816b2.wav,{'action': 'navigation'| 'entities': [{'type': 'intent'| 'filler': 'turn right'}| {'type': 'road'| 'filler': 'via capri'}]}, in a quarter mile turn right onto via capr
459e6dae-b1ac-339e-a3cf-20087ef2ae7d,4.126,./data/Navigation/cleaned_navi/239sync/459e6dae-b1ac-339e-a3cf-20087ef2ae7d/459e6dae-b1ac-339e-a3cf-20087ef2ae7d.wav,{'action': 'navigation'| 'entities': [{'type': 'intent'| 'filler': 'turn left'}| {'type': 'road'| 'filler': 'camino santa fe'}]}, in a quarter mile of the left two lanes to turn left onto camino santa f
0cb7d4f0-4a39-3179-af8e-67527378c7ef,3.3318125,./data/Reminder/0cb7d4f0-4a39-3179-af8e-67527378c7ef/0cb7d4f0-4a39-3179-af8e-67527378c7ef.wav,{'action': 'reminder'| 'entities': [{'type': 'todo'| 'filler': 'go to the dry cleaners'}]}, go to the dry cleaner
bb88a619-b0fb-3f93-96cf-b66462b6663a,4.161625,./data/Navigation/cleaned_navi/76sync/bb88a619-b0fb-3f93-96cf-b66462b6663a/bb88a619-b0fb-3f93-96cf-b66462b6663a.wav,{'action': 'navigation'| 'entities': [{'type': 'intent'| 'filler': 'stay'}| {'type': 'road'| 'filler': 'moraga avenue'}]}, in half a mile at the traffic circle continue straight to stay on moraga avenu
85d5c905-794f-3302-8301-d5691c43e83c,2.6614375,./data/Navigation/cleaned_navi/52sync/85d5c905-794f-3302-8301-d5691c43e83c/85d5c905-794f-3302-8301-d5691c43e83c.wav,{'action': 'navigation'| 'entities': [{'type': 'intent'| 'filler': 'merge'}| {'type': 'road'| 'filler': 'i eight o five north'}]}, in a quarter mile merge onto i-85 nort
046b8ce3-5d9c-3f2c-9109-d68b7e8c52fc,3.5444375,./data/newmock/Scottsdale_sync/046b8ce3-5d9c-3f2c-9109-d68b7e8c52fc/046b8ce3-5d9c-3f2c-9109-d68b7e8c52fc.wav,{'action': 'weather'| 'entities': [{'type': 'city'| 'filler': 'scottsdale'}]},SCOTTSDALE TOMORROW MORNING IT'LL BE TWENTY THREE DEGREES AND SUNN
8b2ef899-64f4-3100-ad08-01b5cb37695c,4.341,./data/cleantime/8b2ef899-64f4-3100-ad08-01b5cb37695c/8b2ef899-64f4-3100-ad08-01b5cb37695c.wav,{'action': 'time'| 'entities': [{'type': 'city'| 'filler': 'irvine'}]},TIME IN IRVINE CALIFORNIA IS 5:42 P.M
16c2b206-a53d-3c58-a4e7-b545593c3088,6.68925,./data/newmock/Toledo_sync/16c2b206-a53d-3c58-a4e7-b545593c3088/16c2b206-a53d-3c58-a4e7-b545593c3088.wav,{'action': 'weather'| 'entities': [{'type': 'city'| 'filler': 'toledo'}]},NO IT'S NOT EXPECTED TO BE WINDY TONIGHT IN TOLED
87982b80-2d74-38b2-b8d7-986cee99d434,3.2109375,./data/newmock/Irving_sync/87982b80-2d74-38b2-b8d7-986cee99d434/87982b80-2d74-38b2-b8d7-986cee99d434.wav,{'action': 'weather'| 'entities': [{'type': 'city'| 'filler': 'irving'}]},THE HUMIDITY TODAY IN IRVING IS PREDICTED TO BE EIGHTY PERCEN
3a2342a4-dc09-3a8b-8aa2-c326026a0eeb,3.845,./data/cleansun/3a2342a4-dc09-3a8b-8aa2-c326026a0eeb/3a2342a4-dc09-3a8b-8aa2-c326026a0eeb.wav,{'action': 'sun'| 'entities': [{'type': 'city'| 'filler': 'oakland'}]},IN OAKLAND TOMORROW THE SUN WILL SET AT 5:01 P.M
37cec2aa-12fe-3de1-a2d8-335897bd37c9,5.0531875,./data/newmock/Portland_sync/37cec2aa-12fe-3de1-a2d8-335897bd37c9/37cec2aa-12fe-3de1-a2d8-335897bd37c9.wav,{'action': 'weather'| 'entities': [{'type': 'city'| 'filler': 'portland'}]},NO IT WON'T RAIN IN PORTLAND THURSDAY NIGHT IT'LL BE SIXTY SEVEN DEGREES AND CLOUD
9a76bf78-4302-302c-9f10-32ffa0eaad73,3.2979375,./data/newmock/Mesa_sync/9a76bf78-4302-302c-9f10-32ffa0eaad73/9a76bf78-4302-302c-9f10-32ffa0eaad73.wav,{'action': 'weather'| 'entities': [{'type': 'city'| 'filler': 'mesa'}]},TEMPERATURE IN MESA TONIGHT IS PREDICTED TO BE EIGHTY FOUR DEGREE
fa9d3704-c1d3-3b90-af3e-ef6ae2fe9453,3.3764375,./data/newmock/CulverCity_sync/fa9d3704-c1d3-3b90-af3e-ef6ae2fe9453/fa9d3704-c1d3-3b90-af3e-ef6ae2fe9453.wav,{'action': 'weather'| 'entities': [{'type': 'city'| 'filler': 'culver city'}]},CULVER CITY TONIGHT TEMPERATURE OF SIXTY DEGREE
028f5688-7f97-35ad-84b4-f89c04726539,6.7385625,./data/newmock/Glendale_sync/028f5688-7f97-35ad-84b4-f89c04726539/028f5688-7f97-35ad-84b4-f89c04726539.wav,{'action': 'weather'| 'entities': [{'type': 'city'| 'filler': 'glendale'}]},TODAY IS NOT FORECAST TO RAIN IN GLENDALE IT'LL BE SUNNY WITH A FORECASTED HIGH OF THIRTY ONE AND A LOW OF TWENT
bf17fa9f-f353-3d64-aea0-14a5f93493b8,2.4030625,./data/Navigation/cleaned_navi/188sync/bf17fa9f-f353-3d64-aea0-14a5f93493b8/bf17fa9f-f353-3d64-aea0-14a5f93493b8.wav,{'action': 'navigation'| 'entities': [{'type': 'intent'| 'filler': 'continue'}| {'type': 'road'| 'filler': 'i five north'}]}, continue on i-5 north for half a mil
0c199e56-b1e1-368d-b33f-ab5c65a82e0c,6.7260625,./data/newmock/Indianapolis_sync/0c199e56-b1e1-368d-b33f-ab5c65a82e0c/0c199e56-b1e1-368d-b33f-ab5c65a82e0c.wav,{'action': 'weather'| 'entities': [{'type': 'city'| 'filler': 'indianapolis'}]},NO IT WON'T RAIN IN INDIANAPOLIS FRIDAY IT'LL BE MOSTLY SUNNY WITH A HIGH OF SIXTY NINE AND A LOW OF FORTY SEVE
474b4e8f-92a7-347e-9f51-21704338a763,3.83725,./data/Navigation/cleaned_navi/35sync/474b4e8f-92a7-347e-9f51-21704338a763/474b4e8f-92a7-347e-9f51-21704338a763.wav,{'action': 'navigation'| 'entities': [{'type': 'intent'| 'filler': 'take'}| {'type': 'road'| 'filler': 'exit twenty-two'}| {'type': 'roadnext'| 'filler': 'clairemont mesa boulevard'}]}, in a quarter mile take exit 22 for clairemont mesa boulevar
2de446d4-9cf2-3ef2-a85b-b24020ee87a0,1.6260625,./data/Navigation/cleaned_navi/30sync/2de446d4-9cf2-3ef2-a85b-b24020ee87a0/2de446d4-9cf2-3ef2-a85b-b24020ee87a0.wav,{'action': 'navigation'| 'entities': [{'type': 'intent'| 'filler': 'continue'}]}, continue for 3 mile
e69fb490-365a-35ae-b56e-147191cfd265,3.248,./data/Navigation/cleaned_navi/261sync/e69fb490-365a-35ae-b56e-147191cfd265/e69fb490-365a-35ae-b56e-147191cfd265.wav,{'action': 'navigation'| 'entities': [{'type': 'intent'| 'filler': 'turn right'}| {'type': 'road'| 'filler': 'mesa lane'}| {'type': 'intent'| 'filler': 'turn left'}| {'type': 'road'| 'filler': 'miramar street'}]}, turn right then turn left onto miramar stree
3702077b-32b8-307c-aec4-cb8ef418d157,5.209,./data/cleanstock/3702077b-32b8-307c-aec4-cb8ef418d157/3702077b-32b8-307c-aec4-cb8ef418d157.wav,{'action': 'stock'| 'entities': [{'type': 'company'| 'filler': 'general motors company'}]},GENERAL MOTORS COMPANY CLOSED UP 1% TODAY AT *39.2
0dd7845e-4b96-356e-98b1-638fa1e34b72,3.0420625,./data/newmock/Memphis_sync/0dd7845e-4b96-356e-98b1-638fa1e34b72/0dd7845e-4b96-356e-98b1-638fa1e34b72.wav,{'action': 'weather'| 'entities': [{'type': 'city'| 'filler': 'memphis'}]},THIS AFTERNOON IN MEMPHIS IT'S PREDICTED TO BE SIXTY EIGH
f6a1b04c-ba0f-3944-b97f-447fcc0aec40,5.4391875,./data/newmock/Baltimore_sync/f6a1b04c-ba0f-3944-b97f-447fcc0aec40/f6a1b04c-ba0f-3944-b97f-447fcc0aec40.wav,{'action': 'weather'| 'entities': [{'type': 'city'| 'filler': 'baltimore'}]},NO IT WON'T BE COLD TOMORROW IN BALTIMORE EXPECT A HIGH OF SEVENTY FOUR AND A LOW OF FIFTY TW
ed7d81a3-a9c8-37c4-a23b-8b5a8b775627,2.5310625,./data/Navigation/cleaned_navi/106sync/ed7d81a3-a9c8-37c4-a23b-8b5a8b775627/ed7d81a3-a9c8-37c4-a23b-8b5a8b775627.wav,{'action': 'navigation'| 'entities': [{'type': 'intent'| 'filler': 'continue'}| {'type': 'intent'| 'filler': 'destination'}]}, continue straight then you'll arrive at your destinatio
f76b92ad-9053-3422-8041-1c317c0f2fb7,5.2216875,./data/newmock/Austin_sync/f76b92ad-9053-3422-8041-1c317c0f2fb7/f76b92ad-9053-3422-8041-1c317c0f2fb7.wav,{'action': 'weather'| 'entities': [{'type': 'city'| 'filler': 'austin'}]},NO IT WON'T BE COLD IN AUSTIN WEDNESDAY EXPECT A HIGH OF SIXTY NINE AND A LOW OF SIXT
526eb222-866c-3b2d-9775-8576b76b1cff,2.999625,./data/newmock/Jacksonville_sync/526eb222-866c-3b2d-9775-8576b76b1cff/526eb222-866c-3b2d-9775-8576b76b1cff.wav,{'action': 'weather'| 'entities': [{'type': 'city'| 'filler': 'jacksonville'}]},THE TEMPERATURE IN JACKSONVILLE RIGHT NOW IS SEVENTY TWO DEGREE
81d6042e-bdf7-3cfe-9e51-de056eee3fb2,3.72,./data/cleansun/81d6042e-bdf7-3cfe-9e51-de056eee3fb2/81d6042e-bdf7-3cfe-9e51-de056eee3fb2.wav,{'action': 'sun'| 'entities': [{'type': 'city'| 'filler': 'tampa'}]},IN TAMPA TODAY SUNSET WAS AT 5:39 P.M
7fb99f90-28c0-39c8-a34a-36602f298d66,6.326,./data/cleanstock/7fb99f90-28c0-39c8-a34a-36602f298d66/7fb99f90-28c0-39c8-a34a-36602f298d66.wav,{'action': 'stock'| 'entities': [{'type': 'company'| 'filler': 'microsoft corp'}]},MICROSOFT CORPORATION CLOSED DOWN 2.7% TODAY IN *214.2
f57f5b8e-bd17-3205-acb6-e9c8db5afa7d,2.9475625,./data/newmock/Lincoln_sync/f57f5b8e-bd17-3205-acb6-e9c8db5afa7d/f57f5b8e-bd17-3205-acb6-e9c8db5afa7d.wav,{'action': 'weather'| 'entities': [{'type': 'city'| 'filler': 'lincoln'}]},NO TONIGHT IN LINCOLN THERE'S NO CHANCE OF SNO
6d28421b-3c57-3275-b66a-0c3b906242c1,5.829,./data/cleanair/6d28421b-3c57-3275-b66a-0c3b906242c1/6d28421b-3c57-3275-b66a-0c3b906242c1.wav,{'action': 'air'| 'entities': [{'type': 'city'| 'filler': 'newark'}]},
005de897-372f-33f3-98a6-17da0cd76403,5.83,./data/cleanstock/005de897-372f-33f3-98a6-17da0cd76403/005de897-372f-33f3-98a6-17da0cd76403.wav,{'action': 'stock'| 'entities': [{'type': 'company'| 'filler': 'bp plc'}]},PLC CLOSED UP 2.7% ON FRIDAY AT *33.9
a67d608f-7a54-3c16-b6b8-89aec29181fa0,2.25475,./data/ny_navi/a67d608f-7a54-3c16-b6b8-89aec29181fa/a67d608f-7a54-3c16-b6b8-89aec29181fa.wav,{'action': 'navigation'| 'entities': [{'type': 'intent'| 'filler': 'destination'}]}, YOUR DESTINATION IS ON THE LEF
e9b42821-e1c3-34a2-bc1c-8283f7f05430,3.580625,./data/newmock/SanDiego_sync/e9b42821-e1c3-34a2-bc1c-8283f7f05430/e9b42821-e1c3-34a2-bc1c-8283f7f05430.wav,{'action': 'weather'| 'entities': [{'type': 'city'| 'filler': 'san diego'}]},SAN DIEGO TONIGHT EXPECT A TEMPERATURE OF FIFTY SIX DEGREE
2f3a5e14-06dc-3c07-9340-f9b1c3c0ab24,3.13025,./data/Navigation/cleaned_navi/214sync/2f3a5e14-06dc-3c07-9340-f9b1c3c0ab24/2f3a5e14-06dc-3c07-9340-f9b1c3c0ab24.wav,{'action': 'navigation'| 'entities': [{'type': 'intent'| 'filler': 'turn left'}| {'type': 'road'| 'filler': 'caminito mar villa'}]}, in 1000 feet turn left onto caminito marvill
a8df723d-47cb-3860-8aad-547264d2009b,6.821,./data/cleanair/a8df723d-47cb-3860-8aad-547264d2009b/a8df723d-47cb-3860-8aad-547264d2009b.wav,{'action': 'air'| 'entities': [{'type': 'city'| 'filler': 'austin'}]},ACCORDING TO THE AIR QUALITY NEAR THE CENTER OF AUSTIN IS GOO
9dc0e18f-de66-3e72-8f47-e68a2c28fda0,2.765625,./data/Navigation/cleaned_navi/162sync/9dc0e18f-de66-3e72-8f47-e68a2c28fda0/9dc0e18f-de66-3e72-8f47-e68a2c28fda0.wav,{'action': 'navigation'| 'entities': [{'type': 'intent'| 'filler': 'continue'}| {'type': 'road'| 'filler': 'mira mesa boulevard'}]}, continue on mira mesa boulevard for 2 mile
d951eb21-4df5-3f2e-9552-8cc2871dc5cd,4.3513125,./data/Reminder/d951eb21-4df5-3f2e-9552-8cc2871dc5cd/d951eb21-4df5-3f2e-9552-8cc2871dc5cd.wav,{'action': 'reminder'| 'entities': [{'type': 'todo'| 'filler': 'buy laundry detergent'}]}, got it by laundry detergent when do you want to be reminde
335ba8b3-3f66-3236-8eac-b78a24a4534a,2.22525,./data/newmock/Birmingham_sync/335ba8b3-3f66-3236-8eac-b78a24a4534a/335ba8b3-3f66-3236-8eac-b78a24a4534a.wav,{'action': 'weather'| 'entities': [{'type': 'city'| 'filler': 'birmingham'}]},YESTERDAY IN BIRMINGHAM IT DIDN'T RAI
b8cf02e0-29f4-36f7-b3f1-39e65e370b05,2.5411875,./data/newmock/SaintPaul_sync/b8cf02e0-29f4-36f7-b3f1-39e65e370b05/b8cf02e0-29f4-36f7-b3f1-39e65e370b05.wav,{'action': 'weather'| 'entities': [{'type': 'city'| 'filler': 'saint paul'}]},YES RAIN IS EXPECTED TODAY IN SAINT PAU
ada3cd81-badd-3f88-bf8b-151bfc89999d,3.43225,./data/newmock/Austin_sync/ada3cd81-badd-3f88-bf8b-151bfc89999d/ada3cd81-badd-3f88-bf8b-151bfc89999d.wav,{'action': 'weather'| 'entities': [{'type': 'city'| 'filler': 'austin'}]},FRIDAY THROUGH SUNDAY IN AUSTIN I WILL BE AROUND SEVENTY NIN
bfe7401c-07c7-3966-9ea1-2e1d65fe50f2,2.473375,./data/Reminder/bfe7401c-07c7-3966-9ea1-2e1d65fe50f2/bfe7401c-07c7-3966-9ea1-2e1d65fe50f2.wav,{'action': 'reminder'| 'entities': [{'type': 'todo'| 'filler': 'take chicken out of freezer'}]}, take chicken out of freeze
4c152e50-a2e2-3264-bb6e-5b088384a082,6.840875,./data/newmock/Amarillo_sync/4c152e50-a2e2-3264-bb6e-5b088384a082/4c152e50-a2e2-3264-bb6e-5b088384a082.wav,{'action': 'weather'| 'entities': [{'type': 'city'| 'filler': 'amarillo'}]},NO IT'S NOT PREDICTED TO RAIN TODAY IN AMARILLO IT'LL BE CLOUDY WITH A FORECASTED HIGH OF THIRTY EIGHT ALOHA SIXTEE
190a71f6-ec8f-3c47-9171-2d59b25a85a7,5.7883125,./data/newmock/Mesa_sync/190a71f6-ec8f-3c47-9171-2d59b25a85a7/190a71f6-ec8f-3c47-9171-2d59b25a85a7.wav,{'action': 'weather'| 'entities': [{'type': 'city'| 'filler': 'mesa'}]},NO IT WON'T SNOW TOMORROW IN MESA IT'LL BE SUNNY WITH A HIGH OF ONE HUNDRED AND A LOW OF SEVENTY ON
7b8caf2b-59d6-322f-9120-c108bc5ee8de,6.2320625,./data/newmock/Charlotte_sync/7b8caf2b-59d6-322f-9120-c108bc5ee8de/7b8caf2b-59d6-322f-9120-c108bc5ee8de.wav,{'action': 'weather'| 'entities': [{'type': 'city'| 'filler': 'charlotte'}]},YES IT'S PREDICTED TO BE WINDY IN CHARLOTTE TODAY FIFTEEN MILE PER HOUR WINDS ARE EXPECTED TO BLOW FROM THE NORTHEAS
01f1cd0b-7bf9-39d3-b58a-0faf79c925ef,2.6759375,./data/newmock/Cincinnati_sync/01f1cd0b-7bf9-39d3-b58a-0faf79c925ef/01f1cd0b-7bf9-39d3-b58a-0faf79c925ef.wav,{'action': 'weather'| 'entities': [{'type': 'city'| 'filler': 'cincinnati'}]},TONIGHT IN CINCINNATI THERE'S NO CHANCE OF SNO
4e698741-b5e3-3c94-a28a-386b1a33e4e1,2.5621875,./data/Navigation/cleaned_navi/85sync/4e698741-b5e3-3c94-a28a-386b1a33e4e1/4e698741-b5e3-3c94-a28a-386b1a33e4e1.wav,{'action': 'navigation'| 'entities': [{'type': 'intent'| 'filler': 'turn left'}| {'type': 'road'| 'filler': 'candida street'}]}, in a quarter mile turn left on the candida stree
efc3e666-2292-394e-9c0a-f0dd903a77a8,7.05325,./data/newmock/ChulaVista_sync/efc3e666-2292-394e-9c0a-f0dd903a77a8/efc3e666-2292-394e-9c0a-f0dd903a77a8.wav,{'action': 'weather'| 'entities': [{'type': 'city'| 'filler': 'chula vista'}]},TODAY IS NOT PREDICTED TO RAIN IN CHULA VISTA IT'LL BE SUNNY WITH A FORECASTED HIGH OF TWENTY THREE AND A LOW OF TWELV
339d4d63-3801-39a9-965b-6dd8c74e1707,2.503125,./data/newmock/Lexington_sync/339d4d63-3801-39a9-965b-6dd8c74e1707/339d4d63-3801-39a9-965b-6dd8c74e1707.wav,{'action': 'weather'| 'entities': [{'type': 'city'| 'filler': 'lexington'}]},YES RAIN IS EXPECTED TOMORROW IN LEXINGTO
5f6f9d9c-136f-32dd-93d9-7682c3274497,3.721,./data/cleansun/5f6f9d9c-136f-32dd-93d9-7682c3274497/5f6f9d9c-136f-32dd-93d9-7682c3274497.wav,{'action': 'sun'| 'entities': [{'type': 'city'| 'filler': 'denver'}]},DENVER TODAY THE SUN WILL SET AT 4:48 P.M
3b5f681c-164d-3b88-afad-99cf4b66d6ff,2.16525,./data/newmock/Laredo_sync/3b5f681c-164d-3b88-afad-99cf4b66d6ff/3b5f681c-164d-3b88-afad-99cf4b66d6ff.wav,{'action': 'weather'| 'entities': [{'type': 'city'| 'filler': 'laredo'}]},YESTERDAY IN LAREDO IT DIDN'T RAI
7fabace2-1dab-3e4a-b522-d454d0e371ff,4.3579375,./data/Reminder/7fabace2-1dab-3e4a-b522-d454d0e371ff/7fabace2-1dab-3e4a-b522-d454d0e371ff.wav,{'action': 'reminder'| 'entities': [{'type': 'todo'| 'filler': 'go to the dry cleaners'}]}, go to the dry cleaners when do you want to be reminde
1634600c-f8e1-33f4-b63f-ad9d3248ef23,3.4806875,./data/newmock/Newark_sync/1634600c-f8e1-33f4-b63f-ad9d3248ef23/1634600c-f8e1-33f4-b63f-ad9d3248ef23.wav,{'action': 'weather'| 'entities': [{'type': 'city'| 'filler': 'newark'}]},HUMIDITY TOMORROW IN NEWARK IS PREDICTED TO BE FORTY TWO PERCEN
4835fd55-b6ae-3aa1-a6f6-97d230e3a9b0,3.1274375,./data/newmock/Frisco_sync/4835fd55-b6ae-3aa1-a6f6-97d230e3a9b0/4835fd55-b6ae-3aa1-a6f6-97d230e3a9b0.wav,{'action': 'weather'| 'entities': [{'type': 'city'| 'filler': 'frisco'}]},NO CURRENTLY IN FRISCO THERE'S NO CHANCE OF SNO
f12eeb2b-9e54-3511-a983-56d60a7eb025,8.9088125,./data/newmock/LasVegas_sync/f12eeb2b-9e54-3511-a983-56d60a7eb025/f12eeb2b-9e54-3511-a983-56d60a7eb025.wav,{'action': 'weather'| 'entities': [{'type': 'city'| 'filler': 'las vegas'}]},TOMORROW THROUGH SUNDAY IN LAS VEGAS IT'LL BE SUNNY MOST OF THE TIME BUT ON SATURDAY IT'LL BE CLOUDY EIFFEL FALL FROM NINETY SEVEN TO EIGHTY TW
1c2e5eb1-925d-3700-9dac-5b0470ccb541,6.449,./data/cleanstock/1c2e5eb1-925d-3700-9dac-5b0470ccb541/1c2e5eb1-925d-3700-9dac-5b0470ccb541.wav,{'action': 'stock'| 'entities': [{'type': 'company'| 'filler': 'apple'}]},APPLE CLOSED DOWN 3.3% YESTERDAY AT *134.8
f29f2ddb-4d93-3351-9db5-c75f92c5d526,6.0786875,./data/Navigation/cleaned_navi/6sync/f29f2ddb-4d93-3351-9db5-c75f92c5d526/f29f2ddb-4d93-3351-9db5-c75f92c5d526.wav,{'action': 'navigation'| 'entities': [{'type': 'intent'| 'filler': 'follow sign'}| {'type': 'road'| 'filler': 'california fifty-two east'}]}, in 1000 feet keep left at the fork follow signs for california 52 east san clemente canyo
c4e0d356-9a88-3a38-b406-adc0a397467c,3.1668125,./data/newmock/Fayetteville_sync/c4e0d356-9a88-3a38-b406-adc0a397467c/c4e0d356-9a88-3a38-b406-adc0a397467c.wav,{'action': 'weather'| 'entities': [{'type': 'city'| 'filler': 'fayetteville'}]},TODAY IN FAYETTEVILLE THERE'S ONLY A VERY SLIGHT CHANCE OF RAI
312f482f-850c-3b0b-a953-c2830aaa1bad,5.8090625,./data/newmock/Omaha_sync/312f482f-850c-3b0b-a953-c2830aaa1bad/312f482f-850c-3b0b-a953-c2830aaa1bad.wav,{'action': 'weather'| 'entities': [{'type': 'city'| 'filler': 'omaha'}]},IT'S LIKE TONIGHT IN OMAHA THERE'S A GOOD CHANCE OF RAIN STARTING AT ABOUT THREE A.M. AND CONTINUING THROUGH THE NIGH
b98e7c9b-8510-32d4-a9a6-be0c0da4ee1f,4.1530625,./data/Reminder/b98e7c9b-8510-32d4-a9a6-be0c0da4ee1f/b98e7c9b-8510-32d4-a9a6-be0c0da4ee1f.wav,{'action': 'reminder'| 'entities': [{'type': 'todo'| 'filler': 'buy my mom a gift'}]}, find my mom when do you want to be reminde
5a0fa113-050d-38f0-9b28-600c5928dc78,7.244125,./data/newmock/SanAntonio_sync/5a0fa113-050d-38f0-9b28-600c5928dc78/5a0fa113-050d-38f0-9b28-600c5928dc78.wav,{'action': 'weather'| 'entities': [{'type': 'city'| 'filler': 'san antonio'}]},THE TEMPERATURE IN SAN ANTONIO TOMORROW MORNING WILL BE EIGHTEEN DEGREE
a1d816ab-b32c-370a-a459-31dc29d2f2bd,5.8476875,./data/Navigation/cleaned_navi/77sync/a1d816ab-b32c-370a-a459-31dc29d2f2bd/a1d816ab-b32c-370a-a459-31dc29d2f2bd.wav,{'action': 'navigation'| 'entities': [{'type': 'intent'| 'filler': 'turn left'}| {'type': 'road'| 'filler': 'roselle street'}| {'type': 'intent'| 'filler': 'turn right'}| {'type': 'road'| 'filler': 'sorrento valley boulevard'}]}, is the middle lane to turn left onto rosselle street then use the right lane to turn right on valley boulevar
206338a4-012d-304b-ab6e-c59453a04451,2.7211875,./data/Reminder/206338a4-012d-304b-ab6e-c59453a04451/206338a4-012d-304b-ab6e-c59453a04451.wav,{'action': 'reminder'| 'entities': [{'type': 'time'| 'filler': 'on friday at six pm'}]}, sure i'll remind you on friday at 6 p.m
0ddd57f6-33fa-3c68-b5c6-88e20025071d0,2.6181875,./data/ny_navi/0ddd57f6-33fa-3c68-b5c6-88e20025071d/0ddd57f6-33fa-3c68-b5c6-88e20025071d.wav,{'action': 'navigation'| 'entities': [{'type': 'intent'| 'filler': 'continue'}| {'type': 'road'| 'filler': 'main street'}]}, CONTINUE ON MAIN STREET FOR THREE-QUARTERS OF A MIL
ad4bda40-ca57-3ab9-ac13-5ab167a7f511,4.1818125,./data/Navigation/cleaned_navi/87sync/ad4bda40-ca57-3ab9-ac13-5ab167a7f511/ad4bda40-ca57-3ab9-ac13-5ab167a7f511.wav,{'action': 'navigation'| 'entities': [{'type': 'intent'| 'filler': 'turn right'}| {'type': 'road'| 'filler': 'calle mar de mariposa'}| {'type': 'intent'| 'filler': 'destination'}]}, turn right on to call you a mar de mariposa then your destination will be on the righ
a1756f63-921b-3080-b094-162a023343770,2.455375,./data/ny_navi/a1756f63-921b-3080-b094-162a02334377/a1756f63-921b-3080-b094-162a02334377.wav,{'action': 'navigation'| 'entities': [{'type': 'intent'| 'filler': 'turn right'}| {'type': 'road'| 'filler': 'twelve avenue'}]}, IN A QUARTER MILE TURN RIGHT ONTO 12TH AVENU
f8d70992-07a7-3667-81f3-4420f5d48688,4.741375,./data/Reminder/f8d70992-07a7-3667-81f3-4420f5d48688/f8d70992-07a7-3667-81f3-4420f5d48688.wav,{'action': 'reminder'| 'entities': [{'type': 'todo'| 'filler': 'take a show'}]}, got it take michelle this will be for tomorrow at what tim
2400e019-50b3-3dbd-b9a6-262c229635c1,4.5301875,./data/newmock/Chicago_sync/2400e019-50b3-3dbd-b9a6-262c229635c1/2400e019-50b3-3dbd-b9a6-262c229635c1.wav,{'action': 'weather'| 'entities': [{'type': 'city'| 'filler': 'chicago'}]},CHICAGO TONIGHT THE WIND IS EXPECTED TO BLOW FROM THE NORTHEAST AT THREE MILES PER HOU
